ID,Year_Birth,Education,Marital_Status,Income,Kidhome,Teenhome,Dt_Customer,Recency,MntWines,MntFruits,MntMeatProducts,MntFishProducts,MntSweetProducts,MntGoldProds,NumDealsPurchases,NumWebPurchases,NumCatalogPurchases,NumStorePurchases,NumWebVisitsMonth,AcceptedCmp3,AcceptedCmp4,AcceptedCmp5,AcceptedCmp1,AcceptedCmp2,Complain,Z_CostContact,Z_Revenue,Response,Age,Customer_Since,Total_Spending,Total_Children,AgeGroup,Cluster,KMeans_Cluster_Names,PCA1,PCA2,GMM_Cluster,GMM_Confidence,GMM_Cluster_Names
5524,1957,Graduation,Single,58138.0,0,0,2012-09-04,58,635,88,546,172,88,88,3,8,10,4,7,0,0,0,0,0,0,3,11,1,68,5111,1617,0,60-69,2,High-Value Store Loyalists,1.1075187977538656,-0.21175950728049706,1,0.6392991863038987,High-Value Store Customers
2174,1954,Graduation,Single,46344.0,1,1,2014-03-08,38,11,1,6,2,1,6,2,1,1,2,5,0,0,0,0,0,0,3,11,0,71,4561,27,2,70+,5,Low-Engagement Mature Customers,-1.336733845276155,0.26983899636667175,0,0.9086602789475458,Low-Value Customers
4141,1965,Graduation,Together,71613.0,0,0,2013-08-21,26,426,49,127,111,21,42,1,8,2,10,4,0,0,0,0,0,0,3,11,0,60,4760,776,0,50-59,2,High-Value Store Loyalists,1.8822767585181297,-1.0141609773717823,1,0.7465659176641751,High-Value Store Customers
6182,1984,Graduation,Together,26646.0,1,0,2014-02-10,26,11,4,20,10,3,5,2,2,0,4,6,0,0,0,0,0,0,3,11,0,41,4587,53,1,40-49,0,Recent Low-Value Customers,-1.7843586614669256,-0.7049275919187111,0,0.9951163548187235,Low-Value Customers
5324,1981,PhD,Married,58293.0,1,0,2014-01-19,94,173,43,118,46,27,15,5,5,3,6,5,0,0,0,0,0,0,3,11,0,44,4609,422,1,40-49,4,High-Value Omnichannel Customers,0.02036306593541001,1.2352648605074057,2,0.9903521975586013,Mid-Value Active Customers
7446,1967,Master,Together,62513.0,0,1,2013-09-09,16,520,42,98,0,42,14,2,6,4,10,6,0,0,0,0,0,0,3,11,0,58,4741,716,1,50-59,2,High-Value Store Loyalists,1.0601458870627212,-1.3787651745281977,1,0.5594184789240224,High-Value Store Customers
965,1971,Graduation,Divorced,55635.0,0,1,2012-11-13,34,235,65,164,50,49,27,4,7,3,7,6,0,0,0,0,0,0,3,11,0,54,5041,590,1,50-59,2,High-Value Store Loyalists,0.4758301365344182,-0.9050228868216729,2,0.9221894256294508,Mid-Value Active Customers
6177,1985,PhD,Married,33454.0,1,0,2013-05-08,32,76,10,56,3,1,23,2,4,0,4,8,0,0,0,0,0,0,3,11,0,40,4865,169,1,30-39,0,Recent Low-Value Customers,-1.6112845995067973,-0.9693504417887776,2,0.9986506060958649,Mid-Value Active Customers
4855,1974,PhD,Together,30351.0,1,0,2013-06-06,19,14,0,24,3,3,2,1,3,0,2,9,0,0,0,0,0,0,3,11,1,51,4836,46,1,50-59,0,Recent Low-Value Customers,-2.2206810989902954,-1.2323219302674182,0,0.7443149524586872,Low-Value Customers
5899,1950,PhD,Together,5648.0,1,1,2014-03-13,68,28,0,6,1,1,13,1,1,0,0,20,1,0,0,0,0,0,3,11,0,75,4556,49,2,70+,4,High-Value Omnichannel Customers,-4.626809727531823,-0.5673893308689342,3,1.0,High-Value Omnichannel Customers
387,1976,Basic,Married,7500.0,0,0,2012-11-13,59,6,16,11,11,1,16,1,2,0,3,8,0,0,0,0,0,0,3,11,0,49,5041,61,0,40-49,4,High-Value Omnichannel Customers,-2.4850783245238537,0.1399749020011669,0,0.9992487943605599,Low-Value Customers
2125,1959,Graduation,Divorced,63033.0,0,0,2013-11-15,82,194,61,480,225,112,30,1,3,4,8,2,0,0,0,0,0,0,3,11,0,66,4674,1102,0,60-69,1,High-Value At-Risk Customers,1.435867805043929,1.5782111175660216,1,0.9996170598990023,High-Value Store Customers
8180,1952,Master,Divorced,59354.0,1,1,2013-11-15,53,233,2,53,3,5,14,3,6,1,5,6,0,0,0,0,0,0,3,11,0,73,4674,310,2,70+,5,Low-Engagement Mature Customers,0.12233671057532751,0.038700671560524265,2,0.9967049636469986,Mid-Value Active Customers
2569,1987,Graduation,Married,17323.0,0,0,2012-10-10,38,3,14,17,6,1,5,1,1,0,3,8,0,0,0,0,0,0,3,11,0,38,5075,46,0,30-39,0,Recent Low-Value Customers,-2.585454463033121,-0.4830600579006077,0,0.9927563185136765,Low-Value Customers
2114,1946,PhD,Single,82800.0,0,0,2012-11-24,23,1006,22,115,59,68,45,1,7,6,12,3,0,0,1,1,0,0,3,11,1,79,5030,1315,0,70+,1,High-Value At-Risk Customers,3.0909875584454203,-0.7442415236700386,1,0.9813893499129756,High-Value Store Customers
9736,1980,Graduation,Married,41850.0,1,1,2012-12-24,51,53,5,19,2,13,4,3,3,0,3,8,0,0,0,0,0,0,3,11,0,45,5000,96,2,40-49,0,Recent Low-Value Customers,-1.7273953327892393,-0.17765426007937213,0,0.874024467500532,Low-Value Customers
4939,1946,Graduation,Together,37760.0,0,0,2012-08-31,20,84,5,38,150,12,28,2,4,1,6,7,0,0,0,0,0,0,3,11,0,79,5115,317,0,70+,5,Low-Engagement Mature Customers,-0.4871032153227184,-0.9025721006039736,2,0.9994622141391809,Mid-Value Active Customers
6565,1949,Master,Married,76995.0,0,1,2013-03-28,91,1012,80,498,0,16,176,2,11,4,9,5,0,0,0,1,0,0,3,11,0,76,4906,1782,1,70+,2,High-Value Store Loyalists,3.1426827301312255,0.7111358041048466,1,0.8741682565741629,High-Value Store Customers
2278,1985,2n Cycle,Single,33812.0,1,0,2012-11-03,86,4,17,19,30,24,39,2,2,1,3,6,0,0,0,0,0,0,3,11,0,40,5051,133,1,30-39,4,High-Value Omnichannel Customers,-1.7243670958399901,1.1860841494162664,2,0.9912552886198891,Mid-Value Active Customers
9360,1982,Graduation,Married,37040.0,0,0,2012-08-08,41,86,2,73,69,38,48,1,4,2,5,8,0,0,0,0,0,0,3,11,0,43,5138,316,0,40-49,0,Recent Low-Value Customers,-1.2351261359371213,-0.6830145234246937,2,0.9983088468348891,Mid-Value Active Customers
5376,1979,Graduation,Married,2447.0,1,0,2013-01-06,42,1,1,1725,1,1,1,15,0,28,0,1,0,0,0,0,0,0,3,11,0,46,4987,1730,1,40-49,0,Recent Low-Value Customers,-0.8399628174364694,0.6281014488181074,4,0.9999999999999964,High-Potential Underengaged Customers
1993,1949,PhD,Married,58607.0,0,1,2012-12-23,63,867,0,86,0,0,19,3,2,3,9,8,0,1,0,0,0,0,3,11,0,76,5001,972,1,70+,1,High-Value At-Risk Customers,0.4498887044628707,0.456930166095337,3,1.0,High-Value Omnichannel Customers
4047,1954,PhD,Married,65324.0,0,1,2014-01-11,0,384,0,102,21,32,5,3,6,2,9,4,0,0,0,0,0,0,3,11,0,71,4617,544,1,70+,1,High-Value At-Risk Customers,1.2845055619810426,-1.4820844561888218,2,0.7122600798136505,Mid-Value Active Customers
1409,1951,Graduation,Together,40689.0,0,1,2013-03-18,69,270,3,27,39,6,99,7,7,1,5,8,0,0,0,0,0,0,3,11,0,74,4916,444,1,70+,2,High-Value Store Loyalists,-0.27445453363563516,0.15368718507313053,2,0.996971263541025,Mid-Value Active Customers
7892,1969,Graduation,Single,18589.0,0,0,2013-01-02,89,6,4,25,15,12,13,2,2,1,3,7,0,0,0,0,0,0,3,11,0,56,4991,75,0,50-59,4,High-Value Omnichannel Customers,-2.017455640072153,1.2790875442905072,0,0.991293939286398,Low-Value Customers
2404,1976,Graduation,Married,53359.0,1,1,2013-05-27,4,173,4,30,3,6,41,4,5,1,4,7,0,0,0,0,0,0,3,11,0,49,4846,257,2,40-49,0,Recent Low-Value Customers,-0.7733759721676055,-1.7032974387905049,2,0.9991318097612298,Mid-Value Active Customers
9422,1989,Graduation,Married,38360.0,1,0,2013-05-31,26,36,2,42,20,21,10,2,2,1,4,3,0,0,0,0,0,0,3,11,0,36,4842,131,1,30-39,0,Recent Low-Value Customers,-1.097626289994286,-0.3755624639058166,2,0.5926383215407506,Mid-Value Active Customers
1966,1965,PhD,Married,84618.0,0,0,2013-11-22,96,684,100,801,21,66,0,1,6,9,10,2,0,0,1,0,0,0,3,11,0,60,4667,1672,0,50-59,1,High-Value At-Risk Customers,2.9428545786704765,1.6105205552871231,1,0.9878802101787472,High-Value Store Customers
6864,1989,Master,Divorced,10979.0,0,0,2014-05-22,34,8,4,10,2,2,4,2,3,0,3,5,0,0,0,0,0,0,3,11,0,36,4486,30,0,30-39,0,Recent Low-Value Customers,-2.0166132437265216,-0.5058110531895181,0,0.9999989739995071,Low-Value Customers
3033,1963,Master,Together,38620.0,0,0,2013-05-11,56,112,17,44,34,22,89,1,2,5,3,3,0,0,0,0,0,0,3,11,0,62,4862,318,0,60-69,5,Low-Engagement Mature Customers,-0.7556063109877208,0.8179866597954233,1,0.6788138646340696,High-Value Store Customers
5710,1970,Graduation,Together,40548.0,0,1,2012-10-10,31,110,0,5,2,0,3,2,2,1,4,5,0,1,0,0,0,0,3,11,0,55,5075,120,1,50-59,0,Recent Low-Value Customers,-1.1402106022120158,-0.2715860856698252,2,0.8547861310341623,Mid-Value Active Customers
7373,1952,PhD,Divorced,46610.0,0,2,2012-10-29,8,96,12,96,33,22,43,6,4,1,6,6,0,0,0,0,0,0,3,11,1,73,5056,302,2,70+,5,Low-Engagement Mature Customers,-0.2557476378296805,-1.1932127034806956,2,0.9997877072546383,Mid-Value Active Customers
8755,1946,Master,Married,68657.0,0,0,2013-02-20,4,482,34,471,119,68,22,1,3,5,9,7,0,0,0,0,0,0,3,11,0,79,4942,1196,0,70+,1,High-Value At-Risk Customers,1.1356670589451814,-1.3227275839532207,3,0.9999999999975966,High-Value Omnichannel Customers
10738,1951,Master,Single,49389.0,1,1,2013-08-29,55,40,0,19,2,1,3,1,2,0,3,7,0,0,0,0,0,0,3,11,0,74,4752,65,2,70+,5,Low-Engagement Mature Customers,-1.2355142198325375,0.4631845189258066,0,0.9615214106745763,Low-Value Customers
4339,1970,PhD,Married,67353.0,0,1,2013-12-31,37,702,17,151,0,8,35,5,5,6,12,2,0,0,0,0,0,0,3,11,0,55,4628,913,1,50-59,3,Dormant / Disengaged Customers,2.0604167187747877,-0.22076201476782142,1,0.9970177425227924,High-Value Store Customers
10755,1976,2n Cycle,Married,23718.0,1,0,2013-09-02,76,6,3,14,15,7,36,3,3,1,2,7,0,0,0,0,0,0,3,11,0,49,4748,81,1,40-49,4,High-Value Omnichannel Customers,-2.017746042326645,0.7366930402523005,0,0.915970562893534,Low-Value Customers
8595,1973,Graduation,Widow,42429.0,0,1,2014-02-11,99,55,0,6,2,0,4,2,1,1,3,5,0,0,0,0,0,0,3,11,0,52,4586,67,1,50-59,4,High-Value Omnichannel Customers,-1.446888133290309,1.950526510597903,0,0.9090208228602332,Low-Value Customers
2968,1943,PhD,Divorced,48948.0,0,0,2013-02-01,53,437,8,206,160,49,42,2,7,10,5,6,1,0,0,0,0,0,3,11,1,82,4961,902,0,70+,2,High-Value Store Loyalists,0.6682806586659658,-0.030009538580988905,1,0.9435015002812883,High-Value Store Customers
8601,1980,Graduation,Married,80011.0,0,1,2013-04-29,3,421,76,536,82,178,102,2,8,6,5,4,0,0,0,0,0,0,3,11,0,45,4874,1395,1,40-49,3,Dormant / Disengaged Customers,1.6441289078302217,-1.7492704782846502,1,0.9388621093401307,High-Value Store Customers
503,1985,Master,Married,20559.0,1,0,2013-03-12,88,13,1,29,3,0,7,2,2,0,3,8,0,0,0,0,0,0,3,11,0,40,4922,53,1,30-39,4,High-Value Omnichannel Customers,-2.3483908180194044,0.9858575876186422,0,0.9930465483485076,Low-Value Customers
8430,1957,Graduation,Together,21994.0,0,1,2012-12-24,4,9,0,6,3,1,3,1,0,0,3,5,0,0,0,0,0,0,3,11,0,68,5000,22,1,60-69,5,Low-Engagement Mature Customers,-1.83163306693507,-0.7844024826259507,0,0.9929095769954935,Low-Value Customers
2139,1975,Master,Married,7500.0,1,0,2013-10-02,19,3,1,10,3,2,12,3,2,0,3,5,0,0,0,0,0,0,3,11,0,50,4718,31,1,40-49,0,Recent Low-Value Customers,-2.0470227654924567,-0.73907552867311,0,0.9999999656647806,Low-Value Customers
1371,1976,Graduation,Single,79941.0,0,0,2014-06-28,72,123,164,266,227,30,174,1,2,4,9,1,0,0,0,0,0,0,3,11,0,49,4449,984,0,40-49,3,Dormant / Disengaged Customers,1.6112419353686216,1.3531531203244296,1,0.9994895350770612,High-Value Store Customers
9909,1996,2n Cycle,Married,7500.0,0,0,2012-11-09,24,3,18,14,15,22,50,3,3,1,3,9,0,0,0,0,0,0,3,11,1,29,5045,122,0,18-29,0,Recent Low-Value Customers,-2.7080551540044597,-1.362542209555069,0,0.8811485397238127,Low-Value Customers
7286,1968,Graduation,Together,41728.0,1,0,2013-05-24,92,13,6,15,3,5,13,1,2,0,2,10,0,0,0,0,0,0,3,11,0,57,4849,55,1,50-59,4,High-Value Omnichannel Customers,-2.1933268555094974,1.1072516899351594,0,0.9997114726879147,Low-Value Customers
6566,1954,PhD,Married,72550.0,1,1,2012-11-08,39,826,50,317,50,38,38,9,5,2,12,8,0,0,0,0,0,0,3,11,0,71,5046,1319,2,70+,2,High-Value Store Loyalists,1.7731253014691066,-0.7150519222394921,3,0.9999999999980975,High-Value Omnichannel Customers
8614,1957,Graduation,Widow,65486.0,0,1,2014-05-12,29,245,19,125,37,67,14,1,4,2,10,2,0,0,0,0,0,0,3,11,0,68,4496,507,1,60-69,1,High-Value At-Risk Customers,1.415281725421075,-0.17984641467521556,1,0.8387845198037911,High-Value Store Customers
4114,1964,Master,Married,79143.0,0,0,2012-08-11,2,650,37,780,27,167,32,1,6,9,13,3,0,0,0,0,0,0,3,11,0,61,5135,1693,0,60-69,1,High-Value At-Risk Customers,3.128620186876154,-1.5015055012729992,1,0.9706325386029505,High-Value Store Customers
1331,1977,Graduation,Single,35790.0,1,0,2013-01-02,54,12,6,20,30,1,3,2,2,0,3,7,0,0,0,0,0,0,3,11,0,48,4991,72,1,40-49,0,Recent Low-Value Customers,-1.8031537006814768,0.157015791669008,0,0.971059767448748,Low-Value Customers
2225,1977,Graduation,Divorced,82582.0,0,0,2014-06-07,54,510,120,550,156,40,241,1,4,9,7,1,1,0,0,1,0,0,3,11,1,48,4470,1617,0,40-49,3,Dormant / Disengaged Customers,2.151677737189825,0.599904058524479,1,0.9984680238562057,High-Value Store Customers
9381,1978,Graduation,Married,66373.0,1,1,2013-06-12,57,328,9,124,12,24,109,7,4,2,10,3,0,0,0,0,0,0,3,11,0,47,4830,606,2,40-49,3,Dormant / Disengaged Customers,1.1125274977399882,0.3735954618973179,1,0.9976645689657773,High-Value Store Customers
6260,1955,Master,Together,82384.0,0,0,2012-11-19,55,984,51,432,180,120,190,1,3,10,13,1,0,0,1,0,0,0,3,11,1,70,5035,1957,0,60-69,1,High-Value At-Risk Customers,3.445310302764007,0.7883048423776957,1,0.9893989606684723,High-Value Store Customers
10383,1966,Graduation,Divorced,70287.0,0,0,2013-04-02,30,295,35,482,121,120,40,1,5,5,10,3,0,0,0,0,0,0,3,11,1,59,4901,1093,0,50-59,1,High-Value At-Risk Customers,1.868951714069712,-0.4687796186168455,1,0.9964152845354455,High-Value Store Customers
7437,1988,Graduation,Single,27938.0,1,0,2014-04-28,31,13,0,8,2,1,5,1,1,0,4,3,0,0,0,0,0,0,3,11,0,37,4510,29,1,30-39,0,Recent Low-Value Customers,-1.4989785605963315,-0.12224551803510483,0,0.9997777826812289,Low-Value Customers
8375,1968,PhD,Married,55954.0,0,1,2014-03-03,63,447,0,28,0,0,43,3,8,2,6,7,0,0,0,0,0,0,3,11,0,57,4566,518,1,50-59,2,High-Value Store Loyalists,0.2984750330063654,-0.1756186949751161,2,0.9864535075385323,Mid-Value Active Customers
6853,1982,Master,Single,75777.0,0,0,2013-07-04,12,712,26,538,69,13,80,1,3,6,11,1,0,1,1,0,0,0,3,11,1,43,4808,1438,0,40-49,3,Dormant / Disengaged Customers,2.251030461165728,-0.7483202710371223,1,0.9986785848116536,High-Value Store Customers
3076,1975,Graduation,Together,66653.0,1,1,2012-09-07,18,452,18,102,16,18,6,4,4,2,12,3,0,0,0,0,0,0,3,11,0,50,5108,612,2,40-49,3,Dormant / Disengaged Customers,1.4408281555798794,-0.8570587926754367,1,0.9986090591751206,High-Value Store Customers
1012,1952,Graduation,Single,61823.0,0,1,2013-02-18,26,523,7,134,37,14,169,4,8,2,10,7,0,0,0,0,0,0,3,11,0,73,4944,884,1,70+,2,High-Value Store Loyalists,1.4862181740269402,-1.270489262916466,1,0.7843002990637474,High-Value Store Customers
6518,1951,PhD,Widow,67680.0,0,1,2013-06-11,8,546,0,48,0,6,6,1,7,3,8,5,0,0,0,0,0,0,3,11,0,74,4831,606,1,70+,2,High-Value Store Loyalists,1.2529545760998797,-1.4044857684223648,2,0.8810110983099998,Mid-Value Active Customers
4137,1948,Graduation,Together,70666.0,0,0,2013-12-06,29,398,40,367,119,122,30,1,7,4,4,4,0,0,0,0,0,0,3,11,0,77,4653,1076,0,70+,1,High-Value At-Risk Customers,1.3182563741708488,-0.5191547133307308,1,0.9849496656897139,High-Value Store Customers
8082,1971,Graduation,Married,25721.0,1,0,2013-05-21,75,1,3,6,3,6,15,1,1,1,2,7,0,0,0,0,0,0,3,11,1,54,4852,34,1,50-59,4,High-Value Omnichannel Customers,-2.2244597560295745,0.9768012475096829,0,0.9818248279266389,Low-Value Customers
1386,1967,Graduation,Together,32474.0,1,1,2014-05-11,0,10,0,1,0,0,0,1,1,0,2,7,0,0,0,0,0,0,3,11,0,58,4497,11,2,50-59,0,Recent Low-Value Customers,-2.0875774047435143,-1.2975456177717268,0,0.9657742206453317,Low-Value Customers
9369,1979,2n Cycle,Single,88194.0,0,1,2014-03-19,19,688,14,309,201,24,38,1,11,10,10,5,1,0,0,1,0,0,3,11,1,46,4550,1274,1,40-49,2,High-Value Store Loyalists,2.6858304757853175,-1.7864616256210437,3,0.5944888778047064,High-Value Omnichannel Customers
4477,1958,Graduation,Together,69096.0,0,1,2013-09-27,4,247,49,159,7,82,109,1,5,2,10,4,0,0,0,0,0,0,3,11,0,67,4723,653,1,60-69,1,High-Value At-Risk Customers,1.412586887470823,-1.3058355321240593,1,0.9809135185295508,High-Value Store Customers
1357,1970,Graduation,Together,74854.0,1,2,2013-04-08,90,856,59,487,58,29,73,7,2,5,5,5,0,0,0,0,0,0,3,11,0,55,4895,1562,3,50-59,3,Dormant / Disengaged Customers,0.8821924974143003,1.5643867223488066,3,0.9999999140690933,High-Value Omnichannel Customers
1402,1954,Master,Married,66991.0,0,0,2012-09-11,1,496,36,460,189,60,12,3,4,8,6,3,0,0,0,0,0,0,3,11,0,71,5104,1253,0,70+,1,High-Value At-Risk Customers,1.3648469127804879,-1.0631603672812537,1,0.9968940442886896,High-Value Store Customers
6312,1959,Graduation,Married,65031.0,0,1,2013-03-17,29,258,107,291,84,37,86,4,10,3,13,7,0,0,0,0,0,0,3,11,0,66,4917,863,1,60-69,2,High-Value Store Loyalists,2.147090705695708,-1.5259759250325884,1,0.9784625069360445,High-Value Store Customers
8132,1975,PhD,Married,60631.0,1,1,2013-04-05,88,565,6,65,0,6,19,5,9,2,8,7,0,1,0,0,0,0,3,11,0,50,4898,661,2,40-49,2,High-Value Store Loyalists,0.8524514257455879,0.3828716547910254,2,0.9116621164910985,Mid-Value Active Customers
1050,1952,Graduation,Married,28332.0,0,0,2014-04-30,58,14,10,13,4,15,9,1,2,1,4,2,0,0,0,0,0,0,3,11,0,73,4508,65,0,70+,5,Low-Engagement Mature Customers,-0.7280237700795594,1.0614936347925943,0,0.999999767728092,Low-Value Customers
5846,1977,Graduation,Divorced,40246.0,1,0,2012-12-19,68,2,1,6,2,1,1,1,1,0,2,6,0,0,0,0,0,0,3,11,0,48,5005,13,1,40-49,4,High-Value Omnichannel Customers,-1.8900748400788967,0.8545316229075113,0,0.919939518903078,Low-Value Customers
1859,1972,Master,Married,75251.0,0,0,2012-08-27,34,721,111,925,97,18,18,1,7,6,5,5,0,0,0,0,0,0,3,11,1,53,5119,1890,0,50-59,3,Dormant / Disengaged Customers,1.791008720300228,-0.7481888414147011,1,0.9290632159984513,High-Value Store Customers
7503,1976,Graduation,Single,75825.0,0,0,2012-10-12,40,1032,105,779,137,105,51,0,5,8,9,4,1,0,0,0,0,0,3,11,1,49,5073,2209,0,40-49,3,Dormant / Disengaged Customers,2.494904408878135,-0.37087589403176896,1,0.8186544039253908,High-Value Store Customers
10401,1976,2n Cycle,Together,26326.0,0,0,2013-09-04,12,1,0,5,0,3,9,1,0,0,3,3,0,0,0,0,0,1,3,11,0,49,4746,18,0,40-49,0,Recent Low-Value Customers,-1.6756146728217634,-0.4694417491477782,0,0.999397504363316,Low-Value Customers
1618,1965,Graduation,Together,56046.0,0,0,2013-01-02,9,577,0,64,0,0,51,2,10,1,8,8,1,0,0,0,0,0,3,11,1,60,4991,692,0,50-59,2,High-Value Store Loyalists,0.8726356703621286,-2.2135456721127,2,0.9251958566796932,Mid-Value Active Customers
3332,1985,Graduation,Single,29760.0,1,0,2012-08-29,87,64,4,68,7,5,17,4,3,1,4,8,0,0,0,0,0,0,3,11,0,40,5117,165,1,30-39,4,High-Value Omnichannel Customers,-1.8025509029225326,0.8386382350191125,2,0.9996449917647144,Mid-Value Active Customers
2261,1969,Graduation,Married,26304.0,1,0,2013-06-23,5,4,1,5,2,0,4,1,1,0,2,7,0,0,0,0,0,0,3,11,0,56,4819,16,1,50-59,0,Recent Low-Value Customers,-2.2225630612293252,-1.175359521307565,0,0.9832538526829178,Low-Value Customers
5346,1973,2n Cycle,Married,23559.0,1,0,2013-07-03,87,25,5,19,7,0,23,3,3,0,3,7,0,0,0,0,0,0,3,11,0,52,4809,79,1,50-59,4,High-Value Omnichannel Customers,-1.837145792652639,1.0816705377413949,0,0.9944476487530062,Low-Value Customers
4119,1963,Master,Together,38620.0,0,0,2013-05-11,56,112,17,44,34,22,89,1,2,5,3,3,0,0,0,0,0,0,3,11,0,62,4862,318,0,60-69,5,Low-Engagement Mature Customers,-0.7556063109877208,0.8179866597954233,1,0.6788138646340696,High-Value Store Customers
535,1987,Graduation,Divorced,81361.0,0,0,2014-02-25,18,163,23,424,27,65,76,1,3,10,13,1,0,0,0,0,0,0,3,11,0,38,4572,778,0,30-39,3,Dormant / Disengaged Customers,2.0317607642473834,-0.6221923289240298,1,0.9990693340256457,High-Value Store Customers
5268,1960,Graduation,Married,29440.0,1,1,2013-08-11,95,17,8,14,10,4,3,2,1,0,4,7,0,0,0,0,0,0,3,11,0,65,4770,56,2,60-69,4,High-Value Omnichannel Customers,-1.7048644166710947,1.6598923400649477,0,0.8388480170078186,Low-Value Customers
273,1970,Master,Married,36138.0,1,1,2013-07-16,48,130,0,16,0,0,5,5,3,1,4,7,0,1,0,0,0,0,3,11,0,55,4796,151,2,50-59,0,Recent Low-Value Customers,-1.367564394495486,-0.09884750731941881,2,0.9966193544047809,Mid-Value Active Customers
4452,1957,Graduation,Single,50388.0,0,1,2014-05-28,3,292,6,37,0,3,34,4,6,1,6,7,0,1,0,1,0,0,3,11,1,68,4480,372,1,60-69,5,Low-Engagement Mature Customers,-0.07630726595299682,-1.7245465419141013,2,0.9988176056063219,Mid-Value Active Customers
8504,1973,Graduation,Married,79593.0,0,0,2014-05-12,70,350,60,568,110,133,145,1,5,6,7,2,0,0,1,0,0,0,3,11,0,52,4496,1366,0,50-59,3,Dormant / Disengaged Customers,1.915755355609532,0.9094284543152688,1,0.9962469069350433,High-Value Store Customers
771,1967,Graduation,Together,54178.0,0,1,2014-01-21,79,135,9,39,4,0,7,1,2,2,5,2,0,0,0,0,0,0,3,11,0,58,4607,194,1,50-59,4,High-Value Omnichannel Customers,-0.1648022775069468,1.6029693820983542,2,0.979973562557459,Mid-Value Active Customers
11178,1972,Master,Single,42394.0,1,0,2014-03-23,69,15,2,10,0,1,4,1,1,0,3,7,0,0,0,0,0,0,3,11,0,53,4546,32,1,50-59,4,High-Value Omnichannel Customers,-1.780430952288793,0.7950107247095969,0,0.9898163825514728,Low-Value Customers
2230,1970,PhD,Married,23626.0,1,0,2014-05-24,84,27,2,14,0,0,0,3,3,1,3,5,0,0,0,0,0,0,3,11,0,55,4484,43,1,50-59,4,High-Value Omnichannel Customers,-1.5226604959373757,1.2528568010973467,0,0.99996026152155,Low-Value Customers
7516,1983,Graduation,Married,30096.0,1,0,2014-05-22,30,5,3,11,12,5,9,1,2,0,3,6,0,0,0,0,0,0,3,11,0,42,4486,45,1,40-49,0,Recent Low-Value Customers,-1.8587111771386804,-0.5389195392431488,0,0.9946894572746839,Low-Value Customers
7247,1960,Graduation,Widow,47916.0,0,1,2012-11-22,72,505,0,26,0,0,75,5,7,4,6,6,0,1,0,0,0,0,3,11,0,65,5032,606,1,60-69,2,High-Value Store Loyalists,0.34253086660388493,0.3838273354443833,2,0.6508440424874508,Mid-Value Active Customers
11100,1972,Graduation,Divorced,51813.0,1,1,2013-04-11,37,51,2,7,0,1,2,2,2,0,3,7,0,0,0,0,0,0,3,11,0,53,4892,63,2,50-59,0,Recent Low-Value Customers,-1.4526642896220192,-0.28688808910443747,0,0.9821189776702763,Low-Value Customers
4646,1951,2n Cycle,Married,78497.0,0,0,2013-12-01,44,207,26,447,75,0,223,1,5,7,12,2,0,0,0,1,0,0,3,11,0,74,4658,978,0,70+,1,High-Value At-Risk Customers,2.5586789079735652,0.19792858432499447,1,0.9985745712371737,High-Value Store Customers
3037,1983,PhD,Married,50150.0,0,0,2013-06-20,32,135,46,92,65,61,11,2,5,2,7,5,0,0,0,0,0,0,3,11,0,42,4822,410,0,40-49,0,Recent Low-Value Customers,-0.03782997983166114,-0.7505274930586079,2,0.9835869739285609,Mid-Value Active Customers
1473,1960,2n Cycle,Single,47823.0,0,1,2013-07-23,0,53,1,5,2,1,10,2,2,0,3,8,0,0,0,0,0,0,3,11,0,65,4789,72,1,60-69,5,Low-Engagement Mature Customers,-1.5372059703838006,-1.4496801020375196,0,0.9850459874443261,Low-Value Customers
1016,1959,PhD,Single,34554.0,0,1,2014-03-30,43,41,1,6,2,0,5,2,2,0,3,6,0,0,0,0,0,0,3,11,0,66,4539,55,1,60-69,5,Low-Engagement Mature Customers,-1.4700109732865212,0.09952506784138884,0,0.9804646530470337,Low-Value Customers
4518,1979,Graduation,Together,85693.0,0,1,2013-04-20,59,386,172,183,185,132,111,2,9,5,11,5,0,0,0,0,0,0,3,11,0,46,4883,1169,1,40-49,2,High-Value Store Loyalists,2.4409369385514568,-0.35317397115653004,1,0.6813015696532108,High-Value Store Customers
9370,1945,PhD,Married,65846.0,0,0,2013-05-17,68,562,81,276,80,40,81,1,6,3,6,4,0,0,0,0,0,0,3,11,0,80,4856,1120,0,70+,1,High-Value At-Risk Customers,1.4702616231967327,0.7674693366644855,1,0.99553023789387,High-Value Store Customers
8908,1959,Graduation,Married,87195.0,0,0,2014-05-08,35,217,76,690,50,26,38,1,3,11,5,1,0,0,0,0,0,0,3,11,1,66,4500,1097,0,60-69,1,High-Value At-Risk Customers,1.5905212206033588,0.36497012619905833,1,0.9986299293361922,High-Value Store Customers
8373,1979,Basic,Together,24594.0,1,0,2013-12-10,94,1,3,6,10,0,9,1,1,0,3,5,0,0,0,0,0,0,3,11,0,46,4649,29,1,40-49,4,High-Value Omnichannel Customers,-1.8890591670290156,1.6996259919819932,0,0.9960356601994845,Low-Value Customers
7533,1964,Graduation,Married,49096.0,1,1,2013-09-24,15,144,1,32,2,1,7,4,4,1,4,7,0,0,0,0,0,0,3,11,0,61,4726,187,2,60-69,5,Low-Engagement Mature Customers,-0.8960080269243406,-1.1476079560501016,2,0.9997559140520965,Mid-Value Active Customers
2683,1969,Graduation,Married,52413.0,0,2,2013-02-02,56,295,106,271,75,98,65,4,6,4,12,6,0,0,0,0,0,0,3,11,0,56,4960,910,2,50-59,2,High-Value Store Loyalists,1.3112633007102739,-0.23423152046414372,1,0.9383987554620552,High-Value Store Customers
3629,1978,Graduation,Single,38557.0,1,0,2012-12-19,17,76,3,31,4,4,27,2,3,1,3,7,0,0,0,0,0,0,3,11,0,47,5005,145,1,40-49,0,Recent Low-Value Customers,-1.578656973953917,-1.1060985576874034,2,0.9931111818219382,Mid-Value Active Customers
10991,1960,Master,Married,89058.0,0,0,2012-12-07,18,454,194,106,31,22,43,1,5,4,4,2,0,0,0,0,0,0,3,11,0,65,5017,850,0,60-69,1,High-Value At-Risk Customers,1.3665935727411418,-0.4705266233481126,1,0.9627136466364213,High-Value Store Customers
5077,1979,Graduation,Together,77298.0,0,1,2013-11-02,46,425,115,292,23,35,79,1,6,6,11,3,0,0,0,0,0,0,3,11,0,46,4687,969,1,40-49,3,Dormant / Disengaged Customers,2.0203681536306233,-0.20712219343658256,1,0.990531759386021,High-Value Store Customers
7431,1991,PhD,Single,68126.0,0,0,2012-11-10,40,1332,17,311,23,51,86,1,7,4,5,9,0,1,0,0,0,0,3,11,1,34,5044,1820,0,30-39,2,High-Value Store Loyalists,0.7520803727474585,-1.223570281180125,3,0.999999985509577,High-Value Omnichannel Customers
3267,1963,Master,Together,57288.0,0,1,2014-06-25,27,527,0,21,0,0,60,3,8,1,8,6,0,1,0,0,0,0,3,11,0,62,4452,608,1,60-69,2,High-Value Store Loyalists,0.8964934355377661,-1.177475707982293,2,0.86982536503932,Mid-Value Active Customers
999,1991,Graduation,Single,86037.0,0,0,2013-01-02,95,490,44,125,29,20,22,1,6,7,11,3,0,1,1,0,0,0,3,11,1,34,4991,730,0,30-39,3,Dormant / Disengaged Customers,1.849632940638885,1.229505118559009,1,0.92221092499797,High-Value Store Customers
9215,1980,PhD,Married,43974.0,1,0,2012-12-12,19,378,0,101,0,0,72,5,6,4,6,7,0,0,0,0,0,0,3,11,0,45,5012,551,1,40-49,0,Recent Low-Value Customers,-0.3226775221625915,-1.4643776237997157,2,0.9535634574435516,Mid-Value Active Customers
2286,1962,Graduation,Single,50785.0,1,1,2013-09-10,27,64,1,21,0,1,27,2,2,1,3,6,0,0,0,0,0,0,3,11,0,63,4740,114,2,60-69,5,Low-Engagement Mature Customers,-1.155680577320899,-0.3902208319860372,2,0.7247617243401391,Mid-Value Active Customers
1592,1970,Graduation,Married,90765.0,0,0,2014-01-24,25,547,99,812,151,82,33,0,4,6,5,1,0,0,1,1,0,0,3,11,0,55,4604,1724,0,50-59,3,Dormant / Disengaged Customers,2.182169210919401,-0.17099446211140168,1,0.9976733178192414,High-Value Store Customers
367,1978,2n Cycle,Married,36550.0,1,0,2013-02-19,74,47,90,94,123,103,120,5,9,1,5,9,0,0,0,0,0,0,3,11,0,47,4943,577,1,40-49,2,High-Value Store Loyalists,-0.4568217070693033,-0.2937976669200346,2,0.9731638314712296,Mid-Value Active Customers
5234,1967,2n Cycle,Together,30753.0,1,1,2013-07-11,85,12,5,25,0,9,30,2,1,1,3,5,0,0,0,0,0,0,3,11,0,58,4801,81,2,50-59,4,High-Value Omnichannel Customers,-1.5851941848369848,1.5450762538222418,0,0.8241806437422255,Low-Value Customers
9862,1969,Graduation,Together,21918.0,1,0,2013-11-14,37,1,6,7,11,5,3,2,2,0,3,6,0,0,0,0,0,0,3,11,0,56,4675,33,1,50-59,0,Recent Low-Value Customers,-1.8499626178326298,-0.20860446067809363,0,0.9992994785236182,Low-Value Customers
9805,1953,Master,Together,56129.0,0,1,2013-06-20,65,320,48,133,39,72,48,4,6,2,10,4,0,0,0,0,0,0,3,11,0,72,4822,660,1,70+,1,High-Value At-Risk Customers,1.384279566650289,0.49566286586693625,1,0.8961618948806751,High-Value Store Customers
6205,1967,Master,Single,32557.0,1,0,2014-02-24,13,34,3,29,0,4,10,3,2,1,3,5,0,0,0,0,0,0,3,11,1,58,4573,80,1,50-59,0,Recent Low-Value Customers,-1.4381525853140769,-0.7947532227668428,0,0.9926128568636595,Low-Value Customers
8442,1985,Master,Married,19510.0,2,0,2013-09-04,63,9,0,7,3,4,7,2,1,0,3,7,0,0,0,0,0,0,3,11,0,40,4746,30,2,30-39,4,High-Value Omnichannel Customers,-2.372969032906465,0.4346565908438292,0,0.9929436577456364,Low-Value Customers
7386,1976,Graduation,Divorced,30992.0,1,0,2013-04-22,83,17,0,14,7,3,2,1,1,0,3,7,0,0,0,0,0,0,3,11,0,49,4881,43,1,40-49,4,High-Value Omnichannel Customers,-2.0308635094990257,1.1656545545636723,0,0.9856615663933765,Low-Value Customers
7215,1983,Graduation,Single,101970.0,0,0,2013-03-12,69,722,27,102,44,72,168,0,6,8,13,2,0,1,1,1,0,0,3,11,1,42,4922,1135,0,40-49,3,Dormant / Disengaged Customers,3.0271474401314737,0.5887244770344645,3,0.8737100217850782,High-Value Omnichannel Customers
1491,1965,2n Cycle,Together,71488.0,0,0,2013-02-18,87,162,33,124,40,28,172,2,3,4,7,1,0,0,0,0,0,0,3,11,0,60,4944,559,0,50-59,1,High-Value At-Risk Customers,1.0733248733498515,1.8567936032681265,1,0.9998962101875289,High-Value Store Customers
11071,1984,Graduation,Single,79607.0,0,0,2013-04-21,37,450,133,951,173,0,216,1,3,6,6,1,0,0,0,0,0,0,3,11,1,41,4882,1923,0,40-49,3,Dormant / Disengaged Customers,1.9852211587436261,0.12261628203761542,1,0.9992558867627032,High-Value Store Customers
3381,1953,Master,Married,54348.0,1,1,2014-06-08,51,70,0,16,0,0,4,2,2,0,4,6,0,0,0,0,0,0,3,11,0,72,4469,90,2,70+,5,Low-Engagement Mature Customers,-0.8469473360089974,0.423812573490894,0,0.6365135067011478,Low-Value Customers
11051,1956,PhD,Together,77376.0,1,1,2014-05-10,72,492,19,110,16,12,12,4,6,3,10,4,0,0,0,0,0,0,3,11,0,69,4498,661,2,60-69,1,High-Value At-Risk Customers,1.750109610177122,0.7333041123622485,1,0.9115293113208411,High-Value Store Customers
8026,1952,Graduation,Married,62998.0,0,1,2013-09-30,10,120,58,73,65,89,58,5,5,4,5,5,0,0,0,0,0,0,3,11,0,73,4720,463,1,70+,5,Low-Engagement Mature Customers,0.32973084120684765,-1.0665583896510795,2,0.918659307980644,Mid-Value Active Customers
433,1958,Master,Alone,61331.0,1,1,2013-03-10,42,534,5,47,0,5,41,5,11,1,6,8,0,0,0,0,0,0,3,11,0,67,4924,632,2,60-69,2,High-Value Store Loyalists,0.8568056487473634,-1.1698298778819365,2,0.5959339294175948,Mid-Value Active Customers
9597,1969,Graduation,Married,73448.0,0,0,2014-02-10,10,236,106,189,23,41,130,1,7,2,9,4,0,0,0,0,0,0,3,11,0,56,4587,725,0,50-59,2,High-Value Store Loyalists,1.5422358902707707,-1.4090393757937931,1,0.9206614099088493,High-Value Store Customers
5290,1964,PhD,Married,41551.0,1,1,2013-08-14,51,220,0,33,3,0,23,5,5,1,5,8,0,0,0,0,0,0,3,11,0,61,4767,279,2,60-69,5,Low-Engagement Mature Customers,-0.8263067803794832,-0.3012634780532081,2,0.9991468924366386,Mid-Value Active Customers
1685,1967,PhD,Together,62981.0,0,0,2013-03-17,21,796,14,590,38,44,0,1,4,5,13,3,0,1,0,0,0,0,3,11,0,58,4917,1482,0,50-59,3,Dormant / Disengaged Customers,2.349425215106631,-0.7514608343131508,1,0.9813160641768112,High-Value Store Customers
5342,1976,Basic,Divorced,9548.0,1,0,2012-08-08,31,0,1,3,10,6,9,2,1,0,3,8,0,0,0,0,0,0,3,11,0,49,5138,29,1,40-49,0,Recent Low-Value Customers,-2.613624603367639,-0.6143605675898862,0,0.9971646925184368,Low-Value Customers
9579,1959,PhD,Married,33762.0,2,1,2013-07-07,61,53,1,34,2,0,16,3,2,2,2,8,0,0,0,0,0,0,3,11,0,66,4805,106,3,60-69,5,Low-Engagement Mature Customers,-1.8907208052489943,0.4442295288675056,2,0.8110547755229736,Mid-Value Active Customers
7660,1973,PhD,Alone,35860.0,1,1,2014-05-19,37,15,0,8,4,2,20,2,1,1,2,5,1,0,0,0,0,0,3,11,1,52,4489,49,2,50-59,0,Recent Low-Value Customers,-1.7476614489902782,0.03591624465547393,0,0.9623810670065763,Low-Value Customers
1461,1965,PhD,Divorced,36921.0,1,1,2013-07-28,74,17,1,12,3,1,4,2,2,0,3,7,0,0,0,0,0,0,3,11,0,60,4784,38,2,50-59,4,High-Value Omnichannel Customers,-1.6588109005045997,0.8941213951862343,0,0.9551505004833937,Low-Value Customers
821,1992,Master,Single,92859.0,0,0,2012-10-19,46,962,61,921,52,61,20,1,5,4,12,2,0,0,0,0,0,0,3,11,0,33,5066,2077,0,30-39,3,Dormant / Disengaged Customers,3.2554395822012925,-0.12940047517258643,1,0.9370001311294026,High-Value Store Customers
11084,1976,Master,Together,65104.0,0,1,2013-11-14,4,738,0,232,13,20,50,2,3,5,7,7,0,0,0,0,0,0,3,11,1,49,4675,1053,1,40-49,2,High-Value Store Loyalists,0.29046837072599163,-1.558652932394177,3,0.9999999999474376,High-Value Omnichannel Customers
8690,1962,Graduation,Married,86111.0,0,0,2013-04-19,73,399,28,756,36,40,126,1,5,7,10,2,0,0,0,0,0,0,3,11,0,63,4884,1385,0,60-69,1,High-Value At-Risk Customers,2.62681615445222,1.0470060392546314,1,0.990106691995916,High-Value Store Customers
2937,1974,PhD,Single,68352.0,0,1,2013-08-28,47,614,16,132,43,33,33,3,8,5,9,6,0,0,0,0,0,0,3,11,0,51,4753,871,1,50-59,2,High-Value Store Loyalists,1.3431199581925755,-0.6678849262575982,1,0.8858271587364921,High-Value Store Customers
9701,1988,Graduation,Together,41883.0,1,0,2013-03-19,13,32,34,41,73,16,116,3,4,2,3,7,0,0,0,0,0,0,3,11,0,37,4915,312,1,30-39,0,Recent Low-Value Customers,-1.3656312622514002,-1.4312133439807364,2,0.9939315418945366,Mid-Value Active Customers
9949,1976,Graduation,Married,59809.0,0,2,2012-10-18,36,598,16,141,32,41,49,3,3,3,6,8,0,0,0,0,0,0,3,11,0,49,5067,877,2,40-49,0,Recent Low-Value Customers,-0.24881333451891655,-0.6644770949500259,3,0.9999999999999698,High-Value Omnichannel Customers
10837,1975,Graduation,Married,23957.0,1,0,2012-10-28,47,2,1,18,20,11,16,1,2,0,3,6,0,0,0,0,0,0,3,11,1,50,5057,68,1,40-49,0,Recent Low-Value Customers,-1.852720757359254,0.04899207082419425,0,0.9978266732076613,Low-Value Customers
3120,1981,Graduation,Together,38547.0,1,0,2013-08-28,49,6,1,10,0,1,4,1,1,0,2,8,0,0,0,0,0,1,3,11,0,44,4753,22,1,40-49,0,Recent Low-Value Customers,-2.2759936663054976,-0.011734190947433795,0,0.9969744914650195,Low-Value Customers
5885,1973,2n Cycle,Married,35688.0,2,1,2012-08-22,94,73,3,90,12,1,32,7,4,1,4,8,0,0,0,0,0,0,3,11,0,52,5124,211,3,50-59,4,High-Value Omnichannel Customers,-1.371127171889673,1.0713860959098285,2,0.9997801310942419,Mid-Value Active Customers
4050,1966,Master,Married,49605.0,0,0,2014-06-21,65,42,16,29,12,20,8,1,2,1,4,3,0,0,0,0,0,0,3,11,0,59,4456,127,0,50-59,5,Low-Engagement Mature Customers,-0.5984318819160449,1.076548869173017,2,0.9459065162255094,Mid-Value Active Customers
3830,1953,Master,Married,59354.0,0,2,2014-04-24,59,295,21,78,39,13,13,1,4,4,7,3,0,0,0,0,0,0,3,11,0,72,4514,459,2,70+,1,High-Value At-Risk Customers,0.7249176622564011,0.7320819175206797,2,0.7237749590932904,Mid-Value Active Customers
7987,1969,Graduation,Married,65747.0,0,1,2014-03-07,96,346,17,48,23,13,13,4,8,1,6,6,0,1,0,0,0,0,3,11,0,56,4562,460,1,50-59,2,High-Value Store Loyalists,0.5841342380977442,0.9811026323128835,2,0.9243702508343394,Mid-Value Active Customers
7798,1972,2n Cycle,Together,46344.0,0,1,2012-12-14,28,233,20,57,8,20,91,4,7,1,5,7,0,0,0,0,0,0,3,11,0,53,5010,429,1,50-59,2,High-Value Store Loyalists,-0.2939197230845076,-1.1851089214714992,2,0.992728500339862,Mid-Value Active Customers
92,1988,Graduation,Alone,34176.0,1,0,2014-05-12,12,5,7,24,19,14,20,4,3,0,4,6,0,0,0,0,0,0,3,11,0,37,4496,89,1,30-39,0,Recent Low-Value Customers,-1.5320418336244777,-1.2700874318964255,0,0.9856119238722943,Low-Value Customers
7055,1952,PhD,Together,61010.0,0,1,2012-10-09,57,888,0,57,0,0,76,2,8,5,11,5,0,0,0,0,0,0,3,11,0,73,5076,1021,1,70+,2,High-Value Store Loyalists,2.048043820143803,-0.10430352335529575,1,0.9906941672796441,High-Value Store Customers
10240,1949,Graduation,Together,69372.0,0,0,2013-02-19,10,997,26,269,34,13,42,1,10,4,6,4,0,1,1,0,0,0,3,11,1,76,4943,1381,0,70+,2,High-Value Store Loyalists,2.2237507352703547,-1.5074637210882176,3,0.8609594870119162,High-Value Omnichannel Customers
3025,1958,Graduation,Single,49967.0,0,1,2013-07-08,4,212,6,69,4,12,3,3,6,1,5,7,0,0,0,0,0,0,3,11,0,67,4804,306,1,60-69,5,Low-Engagement Mature Customers,-0.29759383898439884,-1.67726792685862,2,0.997882908055476,Mid-Value Active Customers
9283,1978,Graduation,Single,60199.0,1,2,2013-09-12,49,8,1,7,2,0,0,1,0,0,3,4,0,0,0,0,0,0,3,11,0,47,4738,18,3,40-49,0,Recent Low-Value Customers,-1.2068712291716934,0.6202817976634376,0,0.9077325554767907,Low-Value Customers
9970,1977,Graduation,Together,55375.0,0,1,2013-10-17,3,42,11,57,10,28,14,1,1,1,6,2,0,0,0,0,0,0,3,11,0,48,4703,162,1,40-49,0,Recent Low-Value Customers,-0.298219993677188,-0.7613685313317065,2,0.9784093246656926,Mid-Value Active Customers
2730,1955,Graduation,Single,80317.0,0,0,2013-08-20,64,536,11,387,149,91,57,1,3,4,10,1,0,0,0,0,0,0,3,11,0,70,4761,1231,0,60-69,1,High-Value At-Risk Customers,2.3593788526140056,1.1608009606973246,1,0.9995821029470255,High-Value Store Customers
2795,1958,Master,Single,30523.0,2,1,2013-07-01,0,5,0,3,0,0,5,1,1,0,2,7,0,0,0,0,0,0,3,11,0,67,4811,13,3,60-69,5,Low-Engagement Mature Customers,-2.012730492647461,-1.2176669697794251,0,0.9610906726947558,Low-Value Customers
9260,1945,PhD,Married,70356.0,0,0,2012-11-05,20,1349,16,249,43,16,33,2,10,6,9,6,0,0,0,0,0,0,3,11,0,80,5049,1706,0,70+,2,High-Value Store Loyalists,2.697302391966338,-1.4761705005677626,1,0.9752150944631496,High-Value Store Customers
8182,1984,Graduation,Married,23228.0,1,0,2014-01-05,91,53,3,49,7,4,5,4,3,0,4,8,0,0,0,0,0,0,3,11,0,41,4623,121,1,40-49,4,High-Value Omnichannel Customers,-1.9492960957942564,0.9587722284495271,0,0.6504934727148168,Low-Value Customers
10095,1975,PhD,Divorced,74165.0,0,0,2013-05-01,9,1001,12,240,16,12,12,1,5,4,10,2,0,0,0,0,0,0,3,11,0,50,4872,1293,0,40-49,3,Dormant / Disengaged Customers,2.149035578920646,-1.0856548840383853,1,0.9950680264764585,High-Value Store Customers
8475,1973,PhD,Married,157243.0,0,1,2014-03-01,98,20,2,1582,1,2,1,15,0,22,0,0,0,0,0,0,0,0,3,11,0,52,4568,1608,1,50-59,3,Dormant / Disengaged Customers,2.2115584904349723,2.897760589284461,4,0.9999999999041851,High-Potential Underengaged Customers
4370,1966,Graduation,Together,43482.0,2,1,2013-11-13,83,18,1,32,6,3,28,3,2,0,4,6,0,0,0,0,0,0,3,11,0,59,4676,88,3,50-59,4,High-Value Omnichannel Customers,-1.2034156696464635,1.2704606225183026,0,0.7609597268063996,Low-Value Customers
10573,1953,Graduation,Divorced,62551.0,0,0,2013-11-18,27,125,16,98,134,21,27,1,6,7,4,3,1,0,0,0,0,0,3,11,0,72,4671,421,0,70+,5,Low-Engagement Mature Customers,0.5728884170688031,-0.3977567827066375,1,0.8697268802541785,High-Value Store Customers
3712,1959,Graduation,Divorced,52332.0,0,0,2013-08-28,63,212,5,33,7,0,2,1,3,2,6,4,0,1,0,0,0,0,3,11,0,66,4753,259,0,60-69,5,Low-Engagement Mature Customers,-0.08044236066864645,0.8067579582366164,2,0.9966014753287806,Mid-Value Active Customers
6637,1988,Graduation,Single,66951.0,0,0,2013-11-02,46,277,162,305,173,76,124,1,3,4,7,1,0,0,0,0,0,0,3,11,0,37,4687,1117,0,30-39,3,Dormant / Disengaged Customers,1.1668801966258875,0.33891135004032197,1,0.9993678255292213,High-Value Store Customers
3152,1957,Graduation,Together,26091.0,1,1,2014-02-25,84,15,10,19,8,17,20,3,2,1,3,5,0,0,0,0,0,0,3,11,0,68,4572,89,2,60-69,4,High-Value Omnichannel Customers,-1.4115746594100032,1.4878590822894733,0,0.9827299925444295,Low-Value Customers
5610,1965,Graduation,Together,33456.0,1,1,2014-04-21,58,7,3,10,8,1,7,2,1,0,3,7,0,0,0,0,0,0,3,11,0,60,4517,36,2,50-59,4,High-Value Omnichannel Customers,-1.8626573117597842,0.4986574745577112,0,0.9829600745581336,Low-Value Customers
6460,1982,Graduation,Married,28718.0,1,0,2013-07-13,78,12,4,6,11,8,16,2,2,0,3,8,0,0,0,0,0,0,3,11,0,43,4799,57,1,40-49,4,High-Value Omnichannel Customers,-2.157493271568269,0.7220784914030649,0,0.9873356927247147,Low-Value Customers
1349,1970,Graduation,Married,50447.0,2,0,2014-04-21,4,85,7,24,2,3,27,1,3,1,3,6,0,0,0,0,0,0,3,11,0,55,4517,148,2,50-59,0,Recent Low-Value Customers,-1.1042783851401503,-1.290161640624729,2,0.9979695801942546,Mid-Value Active Customers
1880,1959,PhD,Together,53537.0,1,1,2014-01-30,17,81,0,6,0,0,6,2,2,1,3,5,0,0,0,0,0,0,3,11,0,66,4598,93,2,60-69,5,Low-Engagement Mature Customers,-0.9337284308921976,-0.5480972025271728,0,0.6627345315438139,Low-Value Customers
641,1967,Graduation,Single,52074.0,0,1,2014-04-04,77,59,0,12,0,0,48,1,2,2,2,4,1,0,0,0,0,0,3,11,0,58,4534,119,1,50-59,4,High-Value Omnichannel Customers,-1.0132103076185837,1.3768072863409904,2,0.9967512585592623,Mid-Value Active Customers
8717,1975,PhD,Married,80427.0,0,1,2012-09-12,56,1149,71,449,69,71,26,1,11,8,8,5,0,0,0,0,0,0,3,11,0,50,5103,1835,1,40-49,2,High-Value Store Loyalists,2.7796039660014977,-0.5887957491949115,1,0.8515745632938286,High-Value Store Customers
10314,1948,PhD,Married,83837.0,0,0,2012-12-16,79,847,66,119,86,89,111,1,9,10,5,4,0,1,0,1,0,0,3,11,1,77,5008,1318,0,70+,1,High-Value At-Risk Customers,2.19451339455981,0.8122842958391694,1,0.867312574343589,High-Value Store Customers
10854,1970,PhD,Married,38853.0,1,1,2014-05-23,90,29,0,14,0,0,2,2,2,0,3,7,0,0,0,0,0,0,3,11,0,55,4485,45,2,50-59,4,High-Value Omnichannel Customers,-1.673410536771693,1.3480580439416128,0,0.9676198041104804,Low-Value Customers
10492,1959,Graduation,Together,38285.0,2,1,2014-06-24,96,2,0,5,2,0,1,1,0,0,3,2,0,0,0,0,0,0,3,11,0,66,4453,10,3,60-69,4,High-Value Omnichannel Customers,-1.0739639083677133,2.4424045578634277,0,0.9699550408400641,Low-Value Customers
6935,1951,2n Cycle,Married,78497.0,0,0,2013-12-01,44,207,26,447,75,0,223,1,5,7,12,2,0,0,0,1,0,0,3,11,0,74,4658,978,0,70+,1,High-Value At-Risk Customers,2.5586789079735652,0.19792858432499447,1,0.9985745712371737,High-Value Store Customers
7698,1976,PhD,Married,51650.0,0,1,2014-05-11,81,152,3,22,2,5,7,1,4,1,4,5,0,0,0,0,0,0,3,11,0,49,4497,191,1,40-49,4,High-Value Omnichannel Customers,-0.6660708732314712,1.0290391452681993,2,0.9988805153785024,Mid-Value Active Customers
3559,1988,2n Cycle,Married,16248.0,1,0,2014-05-10,77,12,11,10,3,12,9,3,2,1,3,6,0,0,0,0,0,0,3,11,0,37,4498,57,1,30-39,4,High-Value Omnichannel Customers,-2.1578984437642093,0.841076898567311,0,0.9997906924187081,Low-Value Customers
10562,1946,Master,Married,66835.0,0,0,2013-09-28,21,620,26,195,34,17,141,1,6,4,13,2,0,0,0,0,0,0,3,11,0,79,4722,1033,0,70+,1,High-Value At-Risk Customers,2.7191938778254516,-0.6309915486927353,1,0.982025675828571,High-Value Store Customers
10796,1984,Master,Married,30477.0,1,0,2014-01-22,16,47,1,6,0,0,12,1,1,1,3,6,0,0,0,0,0,0,3,11,0,41,4606,66,1,40-49,0,Recent Low-Value Customers,-1.982486200036989,-0.8736854596083398,0,0.9756775508211131,Low-Value Customers
2563,1961,Basic,Married,28249.0,0,0,2014-06-15,80,1,9,7,2,14,10,1,2,0,3,6,0,0,0,0,0,0,3,11,0,64,4462,43,0,60-69,4,High-Value Omnichannel Customers,-1.6134969716756764,1.2152963287557759,0,0.9931767119537928,Low-Value Customers
3518,1983,Graduation,Married,25271.0,1,0,2012-12-05,45,10,1,18,10,4,7,1,1,1,2,9,0,0,0,0,0,0,3,11,0,42,5019,50,1,40-49,0,Recent Low-Value Customers,-2.6815166193494733,-0.3033274972218205,0,0.9975819171242557,Low-Value Customers
5823,1970,PhD,Single,32303.0,0,1,2014-03-08,63,35,0,2,0,0,2,2,1,0,4,5,0,0,0,0,0,0,3,11,0,55,4561,39,1,50-59,4,High-Value Omnichannel Customers,-1.4880406538584372,0.8147094481930235,0,0.9476305781084938,Low-Value Customers
3934,1966,Graduation,Married,61286.0,0,1,2013-08-02,34,356,0,107,19,9,117,2,7,1,8,5,0,0,0,0,0,0,3,11,0,59,4779,608,1,50-59,2,High-Value Store Loyalists,0.9580173425475331,-0.7527638061904699,2,0.8000393321794887,Mid-Value Active Customers
6982,1976,Graduation,Married,74068.0,0,0,2013-03-19,14,783,30,537,140,76,15,1,4,10,9,2,0,0,0,0,0,0,3,11,0,49,4915,1581,0,40-49,3,Dormant / Disengaged Customers,2.100558298687528,-0.8165830126436108,1,0.9966695220802039,High-Value Store Customers
6431,1964,PhD,Married,45759.0,1,1,2013-02-23,13,42,1,18,3,0,4,2,2,0,3,7,0,0,0,0,0,0,3,11,0,61,4939,68,2,60-69,5,Low-Engagement Mature Customers,-1.4709760901458673,-0.9708434176334434,0,0.9609656858519016,Low-Value Customers
9733,1978,Basic,Together,24882.0,1,0,2012-09-09,52,1,4,10,29,0,36,1,1,1,2,6,1,0,0,0,0,0,3,11,0,47,5106,80,1,40-49,0,Recent Low-Value Customers,-2.139069204670828,0.3111117233789374,0,0.7254923309801053,Low-Value Customers
5602,1989,PhD,Together,66973.0,0,0,2013-05-17,98,466,22,432,147,113,102,1,8,7,12,3,0,0,0,0,0,0,3,11,0,36,4856,1282,0,30-39,3,Dormant / Disengaged Customers,2.392831823279412,1.0365221228798975,1,0.6391472397185822,High-Value Store Customers
7829,1900,2n Cycle,Divorced,36640.0,1,0,2013-09-26,99,15,6,8,7,4,25,1,2,1,2,5,0,0,0,0,0,1,3,11,0,125,4724,65,1,,5,Low-Engagement Mature Customers,-0.6793270437029426,2.537252612022138,2,0.9901184381301263,Mid-Value Active Customers
1324,1988,Graduation,Married,38872.0,1,0,2013-05-30,93,23,3,21,3,19,22,2,3,0,3,8,0,0,0,0,0,0,3,11,0,37,4843,91,1,30-39,4,High-Value Omnichannel Customers,-1.8743185856510531,1.0444110341603037,0,0.9156783897711681,Low-Value Customers
326,1973,Graduation,Married,51148.0,1,1,2013-02-18,38,235,6,45,8,9,12,4,5,1,6,6,0,0,0,0,0,0,3,11,0,52,4944,315,2,50-59,0,Recent Low-Value Customers,-0.2751397633522991,-0.5580426351288114,2,0.9988516642259102,Mid-Value Active Customers
7224,1977,Graduation,Married,31353.0,1,1,2013-12-29,24,10,0,10,3,1,7,2,1,1,2,8,0,0,0,0,0,0,3,11,0,48,4630,31,2,40-49,0,Recent Low-Value Customers,-2.3614761247880867,-0.7669836087966041,0,0.9949003922129567,Low-Value Customers
6999,1980,Master,Married,69661.0,0,0,2014-05-13,80,656,16,106,32,16,8,1,7,3,12,3,0,0,0,0,0,0,3,11,0,45,4495,834,0,40-49,3,Dormant / Disengaged Customers,2.0381002311073315,0.6927341801511911,1,0.9843597398933571,High-Value Store Customers
9938,1954,Graduation,Married,80067.0,0,0,2013-09-19,82,519,17,813,27,173,51,1,4,6,6,2,0,0,1,0,0,0,3,11,0,71,4731,1600,0,70+,1,High-Value At-Risk Customers,2.078484289520003,1.5865057932312292,1,0.9978353884914768,High-Value Store Customers
6422,1954,Graduation,Married,86718.0,0,0,2013-01-17,20,344,189,482,50,33,172,1,5,6,5,2,0,0,0,0,0,0,3,11,0,71,4976,1270,0,70+,1,High-Value At-Risk Customers,1.8961978573927474,-0.39624365995630856,1,0.99308923079929,High-Value Store Customers
3182,1973,PhD,Single,46854.0,1,1,2014-03-31,81,96,1,79,7,1,79,6,5,1,3,8,1,0,0,0,0,0,3,11,1,52,4538,263,2,50-59,4,High-Value Omnichannel Customers,-1.1335910180339572,0.6068470869731972,2,0.9987129589641943,Mid-Value Active Customers
7300,1952,Graduation,Divorced,69142.0,0,1,2014-06-29,50,448,4,34,6,4,39,3,8,1,7,5,0,1,0,0,0,0,3,11,0,73,4448,535,1,70+,2,High-Value Store Loyalists,1.2063869059900985,-0.18909239960883156,2,0.8589221933879351,Mid-Value Active Customers
10424,1968,Graduation,Single,75922.0,0,0,2013-12-09,60,265,138,553,224,23,92,1,4,4,9,1,0,0,0,0,0,0,3,11,0,57,4650,1295,0,50-59,3,Dormant / Disengaged Customers,2.1578921421643686,0.8177656499059355,1,0.9987999859997669,High-Value Store Customers
8727,1978,Graduation,Divorced,63693.0,0,1,2013-10-14,63,587,43,337,42,87,54,3,11,6,9,6,0,0,0,0,0,0,3,11,0,47,4706,1150,1,40-49,2,High-Value Store Loyalists,1.8443592149487102,-0.5560626520841511,1,0.7604909745416376,High-Value Store Customers
2798,1977,PhD,Together,102160.0,0,0,2012-11-02,54,763,29,138,76,176,58,0,7,9,10,4,0,1,1,1,0,0,3,11,1,48,5052,1240,0,40-49,3,Dormant / Disengaged Customers,2.576277600943309,-0.09467418178786192,3,0.9996440497824263,High-Value Omnichannel Customers
1030,1965,PhD,Single,40637.0,1,1,2013-07-17,72,22,0,13,0,0,3,2,1,0,3,7,0,0,0,0,0,0,3,11,0,60,4795,38,2,50-59,4,High-Value Omnichannel Customers,-1.7221923086368107,0.9495618059916356,0,0.9897329278033435,Low-Value Customers
624,1984,Master,Single,18890.0,0,0,2012-11-10,5,6,4,1,7,2,15,1,0,1,2,6,1,0,0,0,0,0,3,11,1,41,5044,35,0,40-49,0,Recent Low-Value Customers,-2.5080719704307555,-1.1071857289650848,0,0.9911220046146397,Low-Value Customers
5176,1988,Graduation,Together,29604.0,1,0,2013-12-08,88,7,6,13,7,6,14,1,1,0,3,9,1,0,0,0,0,0,3,11,0,37,4651,53,1,30-39,4,High-Value Omnichannel Customers,-2.501471245380065,0.970022509947608,0,0.9984634400574421,Low-Value Customers
5552,1963,Master,Divorced,48721.0,1,1,2013-05-13,50,81,18,113,47,13,21,6,4,2,5,6,0,0,0,0,0,0,3,11,0,62,4860,293,2,60-69,5,Low-Engagement Mature Customers,-0.49268984345901784,0.036790321391602876,2,0.9998912736272857,Mid-Value Active Customers
868,1966,Graduation,Married,44794.0,0,1,2014-06-08,99,54,0,7,0,0,4,1,2,0,3,6,0,0,0,0,0,0,3,11,0,59,4469,65,1,50-59,4,High-Value Omnichannel Customers,-1.3397106604847013,1.7952138636103414,0,0.9492821998829067,Low-Value Customers
380,1954,Graduation,Divorced,64497.0,0,1,2012-09-10,17,1170,48,320,42,32,192,5,11,4,9,8,1,0,0,0,0,0,3,11,1,71,5105,1804,1,70+,2,High-Value Store Loyalists,2.384066906837745,-2.0142617415429545,1,0.9636079582298188,High-Value Store Customers
2677,1956,Graduation,Together,46097.0,0,1,2013-03-31,11,72,24,68,65,4,8,5,3,1,6,4,0,0,0,0,0,0,3,11,0,69,4903,241,1,60-69,5,Low-Engagement Mature Customers,-0.18991473724922117,-0.7928584777048903,2,0.9918255306728568,Mid-Value Active Customers
6521,1954,Graduation,Together,77972.0,0,0,2014-03-18,18,613,22,319,33,102,12,1,4,6,9,1,0,0,0,0,0,0,3,11,0,71,4551,1101,0,70+,1,High-Value At-Risk Customers,2.192831824948047,-0.34332239340234627,1,0.99943799759368,High-Value Store Customers
6927,1968,PhD,Married,44377.0,1,1,2012-10-05,70,224,0,30,0,0,10,8,5,1,5,8,0,0,0,0,0,0,3,11,0,57,5080,264,2,50-59,4,High-Value Omnichannel Customers,-0.8296397929593661,0.2579706434911666,2,0.9988647485301819,Mid-Value Active Customers
2877,1974,Master,Together,46014.0,1,1,2013-01-21,21,410,0,59,19,9,44,10,7,1,8,7,0,0,0,0,0,0,3,11,0,51,4972,541,2,50-59,2,High-Value Store Loyalists,0.20537747320795505,-1.4986862999862922,2,0.9756231116992391,Mid-Value Active Customers
0,1985,Graduation,Married,70951.0,0,0,2013-05-04,66,239,10,554,254,87,54,1,3,4,9,1,0,0,0,0,0,0,3,11,0,40,4869,1198,0,30-39,3,Dormant / Disengaged Customers,1.6438408903098365,0.9455949990343112,1,0.999535983825315,High-Value Store Customers
1584,1977,Graduation,Married,41443.0,1,0,2014-04-01,79,171,7,171,25,19,89,6,8,1,5,8,0,0,0,0,0,0,3,11,0,48,4537,482,1,40-49,2,High-Value Store Loyalists,-0.4102405634326042,0.11164831644675169,2,0.9910578443389001,Mid-Value Active Customers
7264,1978,2n Cycle,Single,52195.0,2,1,2014-05-12,2,12,0,4,0,0,1,1,1,0,2,8,0,0,0,0,0,0,3,11,0,47,4496,17,3,40-49,0,Recent Low-Value Customers,-1.999083763217174,-1.4111837644528837,0,0.9995063978305031,Low-Value Customers
6274,1948,Master,Married,83790.0,0,0,2013-11-15,81,1076,16,417,42,48,16,1,8,10,6,3,0,1,1,0,0,0,3,11,0,77,4674,1615,0,70+,1,High-Value At-Risk Customers,2.6114091627751934,1.066184742497707,1,0.9599724118993576,High-Value Store Customers
1377,1954,Master,Widow,44551.0,0,1,2013-08-31,24,182,4,33,0,0,66,2,4,1,5,7,0,0,0,0,0,0,3,11,0,71,4750,285,1,70+,5,Low-Engagement Mature Customers,-0.6286960700968248,-0.8125134031408414,2,0.9997736158822557,Mid-Value Active Customers
454,1980,Graduation,Together,69508.0,1,0,2012-11-14,48,824,32,162,42,32,43,2,11,4,11,6,0,0,0,0,0,0,3,11,0,45,5040,1135,1,40-49,2,High-Value Store Loyalists,2.2043407421276675,-1.0752635689479961,1,0.9107738154883163,High-Value Store Customers
1755,1988,2n Cycle,Together,45204.0,1,0,2014-04-11,93,30,11,25,29,1,18,1,1,1,4,3,0,0,0,0,0,0,3,11,0,37,4527,114,1,30-39,4,High-Value Omnichannel Customers,-1.0862243385829904,1.838808046597421,2,0.9915257082591683,Mid-Value Active Customers
2075,1969,Graduation,Married,72460.0,0,0,2013-11-14,56,377,10,540,80,30,10,1,3,5,7,1,0,0,0,0,0,0,3,11,0,56,4675,1047,0,50-59,3,Dormant / Disengaged Customers,1.4460868236978963,0.8424877854833988,1,0.9997883816478766,High-Value Store Customers
4785,1970,PhD,Together,77622.0,0,2,2014-04-14,3,520,7,154,19,0,14,2,6,3,11,3,0,0,0,0,0,0,3,11,0,55,4524,714,2,50-59,3,Dormant / Disengaged Customers,1.9101042382606204,-1.4479904693935095,1,0.9812389741424579,High-Value Store Customers
9076,1980,PhD,Married,30732.0,1,0,2013-01-05,44,155,1,25,0,1,3,4,4,1,4,8,0,0,0,0,0,0,3,11,0,45,4988,185,1,40-49,0,Recent Low-Value Customers,-1.5848336279021216,-0.5567340270035694,2,0.9995883190952738,Mid-Value Active Customers
7079,1962,Graduation,Divorced,63887.0,0,1,2012-09-08,38,897,23,207,15,11,92,5,9,6,12,6,0,0,0,0,0,0,3,11,0,63,5107,1245,1,60-69,2,High-Value Store Loyalists,2.288660153499307,-1.0397195870126597,1,0.9799145430371239,High-Value Store Customers
4653,1978,Graduation,Together,42011.0,1,0,2013-03-26,46,131,0,16,2,1,39,4,3,1,4,8,0,0,0,0,0,0,3,11,0,47,4908,189,1,40-49,0,Recent Low-Value Customers,-1.4770768366784228,-0.3412387369830165,2,0.9986464505109497,Mid-Value Active Customers
7375,1976,Graduation,Together,51369.0,0,1,2012-10-25,84,297,7,79,0,11,182,2,8,2,4,8,0,0,0,0,0,0,3,11,0,49,5060,576,1,40-49,2,High-Value Store Loyalists,-0.2764880193655138,0.31998723448777117,2,0.6975084993278622,Mid-Value Active Customers
709,1952,Graduation,Divorced,51537.0,0,1,2012-12-09,27,787,20,204,0,0,92,3,2,2,11,8,0,0,0,0,0,0,3,11,0,73,5015,1103,1,70+,1,High-Value At-Risk Customers,0.6728140508097942,-0.757944507379464,3,0.9999999999999947,High-Value Omnichannel Customers
460,1972,PhD,Married,79930.0,0,0,2012-08-08,72,792,86,740,67,51,17,1,3,5,8,2,0,0,0,0,0,0,3,11,0,53,5138,1753,0,50-59,3,Dormant / Disengaged Customers,2.1413140493483236,1.162138461496299,1,0.9890595582783342,High-Value Store Customers
3726,1986,PhD,Together,34320.0,1,0,2014-02-16,66,4,1,9,3,0,0,1,1,0,2,8,0,0,0,0,0,0,3,11,0,39,4581,17,1,30-39,4,High-Value Omnichannel Customers,-2.416334887007215,0.4595894000357658,0,0.9924639490984412,Low-Value Customers
6798,1966,Graduation,Single,37070.0,1,1,2013-03-20,30,231,7,137,4,15,39,9,5,1,8,7,0,0,0,0,0,0,3,11,1,59,4914,433,2,50-59,2,High-Value Store Loyalists,-0.2194998464459467,-0.9429417883237111,2,0.9866448828650324,Mid-Value Active Customers
5341,1962,2n Cycle,Divorced,81975.0,0,1,2013-01-05,2,983,76,184,180,138,27,1,6,3,4,7,0,0,1,0,0,0,3,11,0,63,4988,1588,1,60-69,2,High-Value Store Loyalists,1.1903368433311845,-1.7234379506646533,3,0.9999999631144021,High-Value Omnichannel Customers
1606,1971,Graduation,Together,38590.0,1,0,2013-05-15,65,3,1,8,4,3,3,1,1,0,2,8,0,0,0,0,0,0,3,11,0,54,4858,22,1,50-59,4,High-Value Omnichannel Customers,-2.148920444694052,0.5788001068810911,0,0.9970686965794128,Low-Value Customers
9617,1951,Graduation,Single,15033.0,0,0,2014-04-16,37,0,4,5,6,0,4,1,1,0,3,3,0,0,0,0,0,0,3,11,0,74,4522,19,0,70+,5,Low-Engagement Mature Customers,-1.442744637948134,0.4061736113983223,0,0.9999995926159103,Low-Value Customers
3233,1965,PhD,Married,62745.0,0,1,2013-03-23,89,562,21,464,28,10,32,3,7,8,11,5,0,0,0,0,0,0,3,11,0,60,4911,1117,1,50-59,2,High-Value Store Loyalists,1.8785157479130965,0.8767955924730063,1,0.9917154872350917,High-Value Store Customers
89,1975,2n Cycle,Married,22212.0,1,0,2013-12-09,49,5,9,20,6,8,21,2,2,0,4,6,0,0,0,0,0,0,3,11,0,50,4650,69,1,40-49,0,Recent Low-Value Customers,-1.7384112124521327,0.08274178524144826,0,0.9979215614441337,Low-Value Customers
2936,1982,Master,Together,23661.0,1,0,2013-12-04,46,18,0,4,0,0,1,1,1,0,3,7,0,0,0,0,0,0,3,11,0,43,4655,23,1,40-49,0,Recent Low-Value Customers,-2.2685902060234278,-0.05518503016749371,0,0.9873029798986857,Low-Value Customers
9449,1958,PhD,Single,79761.0,0,1,2013-10-04,32,415,5,124,15,35,11,1,5,2,11,3,0,0,0,0,0,0,3,11,0,67,4716,605,1,60-69,1,High-Value At-Risk Customers,1.879760603117507,-0.317605168823935,1,0.9670566297026016,High-Value Store Customers
7297,1973,Graduation,Single,7500.0,1,0,2013-12-26,54,5,3,10,12,7,20,4,3,1,3,7,0,0,0,0,0,0,3,11,0,52,4633,57,1,50-59,0,Recent Low-Value Customers,-2.166489423366518,0.021399208780421473,0,0.9999949442254525,Low-Value Customers
11004,1893,2n Cycle,Single,60182.0,0,1,2014-05-17,23,8,0,5,7,0,2,1,1,0,2,4,0,0,0,0,0,0,3,11,0,132,4491,22,1,,5,Low-Engagement Mature Customers,-0.1859552922695356,0.5254566381248549,2,0.9893956241069791,Mid-Value Active Customers
313,1968,Graduation,Widow,73455.0,0,0,2013-10-28,98,901,61,757,186,163,20,1,6,5,10,3,0,1,0,0,0,0,3,11,0,57,4692,2088,0,50-59,3,Dormant / Disengaged Customers,2.8935595586815706,1.4873075565681368,1,0.9838753981709136,High-Value Store Customers
9940,1958,Graduation,Together,64961.0,0,1,2012-12-23,97,382,114,276,75,124,38,2,6,4,4,3,0,0,0,0,0,0,3,11,0,67,5001,1009,1,60-69,1,High-Value At-Risk Customers,1.0712295682084276,1.7135474612712638,1,0.9901651561204744,High-Value Store Customers
10735,1971,Graduation,Single,22804.0,1,0,2013-07-31,75,14,1,7,2,1,1,1,2,0,2,9,0,0,0,0,0,0,3,11,0,54,4781,26,1,50-59,4,High-Value Omnichannel Customers,-2.4610485590549014,0.6265916100289735,0,0.961078124616355,Low-Value Customers
9529,1990,Graduation,Married,73687.0,0,0,2013-11-28,8,559,153,503,218,13,181,1,3,9,9,2,0,0,0,1,0,0,3,11,1,35,4661,1627,0,30-39,3,Dormant / Disengaged Customers,1.826913489275949,-1.0275347168678588,1,0.9959767577609091,High-Value Store Customers
6439,1958,Graduation,Married,61074.0,0,1,2012-08-17,37,789,0,133,0,28,152,7,11,5,8,7,0,0,0,0,0,0,3,11,0,67,5129,1102,1,60-69,2,High-Value Store Loyalists,1.692323019362124,-1.2729800010513326,1,0.9233200066570446,High-Value Store Customers
7411,1964,PhD,Married,31686.0,1,1,2014-06-05,31,11,0,5,0,0,1,2,1,0,3,6,0,0,0,0,0,0,3,11,0,61,4472,17,2,60-69,5,Low-Engagement Mature Customers,-1.7529672355088992,-0.2160669597921939,0,0.969425260486405,Low-Value Customers
2176,1972,Graduation,Married,80134.0,1,0,2013-05-20,40,1218,16,272,104,0,80,2,5,3,6,6,0,1,1,1,0,0,3,11,1,53,4853,1690,1,50-59,3,Dormant / Disengaged Customers,1.4421968020816451,-0.4675635857468594,3,0.9999949634537713,High-Value Omnichannel Customers
9265,1953,Graduation,Married,75027.0,0,1,2013-01-09,74,925,64,179,133,12,77,2,9,4,6,5,0,0,0,0,0,0,3,11,0,72,4984,1390,1,70+,2,High-Value Store Loyalists,2.019008225158814,0.4458926736438468,1,0.9559533845976824,High-Value Store Customers
8867,1988,PhD,Married,67546.0,0,0,2012-08-31,90,864,134,768,150,38,172,1,4,10,5,3,0,0,0,0,0,0,3,11,0,37,5115,2126,0,30-39,3,Dormant / Disengaged Customers,1.5737247620475097,1.3762543913394878,1,0.988978302799329,High-Value Store Customers
8932,1969,Master,Together,65176.0,0,1,2012-10-29,57,960,28,183,220,70,70,4,9,6,6,6,0,0,0,0,0,0,3,11,0,56,5056,1531,1,50-59,2,High-Value Store Loyalists,1.5988848544610872,-0.3765815877265606,1,0.9496715465944234,High-Value Store Customers
10236,1975,Master,Single,31160.0,1,0,2013-09-16,59,16,3,25,6,1,13,2,2,0,3,8,0,0,0,0,0,0,3,11,0,50,4734,64,1,40-49,4,High-Value Omnichannel Customers,-2.0251597096068332,0.2032840634223381,0,0.9842427109290011,Low-Value Customers
6340,1985,Graduation,Single,29938.0,1,0,2013-10-27,52,3,3,7,0,2,11,2,1,0,3,6,0,0,0,0,0,0,3,11,0,40,4693,26,1,30-39,0,Recent Low-Value Customers,-2.029139899808636,0.23455189755660366,0,0.9810009041032398,Low-Value Customers
10089,1974,Graduation,Divorced,102692.0,0,0,2013-04-05,5,168,148,444,32,172,148,1,6,9,13,2,0,1,1,1,1,0,3,11,1,51,4898,1112,0,50-59,3,Dormant / Disengaged Customers,3.114468690819631,-1.3110549272911227,3,0.9275198586961408,High-Value Omnichannel Customers
2227,1958,2n Cycle,Together,26490.0,0,0,2012-09-22,92,45,47,52,21,20,25,2,3,1,5,6,0,0,0,0,0,0,3,11,0,67,5093,210,0,60-69,4,High-Value Omnichannel Customers,-1.0417083554484248,1.4485136067673428,2,0.9998865533304541,Mid-Value Active Customers
10992,1967,Graduation,Together,75702.0,1,1,2012-08-29,77,650,28,353,45,42,30,5,4,6,11,8,0,0,0,0,0,0,3,11,0,58,5117,1148,2,50-59,2,High-Value Store Loyalists,1.260954431849573,0.4890028020259159,3,1.0,High-Value Omnichannel Customers
5304,1974,PhD,Single,30899.0,1,0,2012-10-13,35,24,0,8,0,0,1,2,1,0,3,6,0,0,0,0,0,0,3,11,0,51,5072,33,1,50-59,0,Recent Low-Value Customers,-1.8753179964803761,-0.1880305048128642,0,0.986755995780714,Low-Value Customers
309,1961,PhD,Together,63342.0,0,1,2012-10-16,48,918,21,118,13,10,21,3,8,3,5,6,0,1,0,0,0,0,3,11,0,64,5069,1101,1,60-69,2,High-Value Store Loyalists,1.0186133488661215,-0.4370112757989919,1,0.9025836578078453,High-Value Store Customers
3406,1964,Graduation,Single,45989.0,0,1,2012-10-22,97,138,33,87,28,24,12,4,3,2,7,3,0,0,0,0,0,0,3,11,0,61,5063,322,1,60-69,4,High-Value Omnichannel Customers,0.10082294506754859,1.8916925438427556,2,0.969837835383173,Mid-Value Active Customers
2661,1964,Graduation,Single,18701.0,1,1,2013-06-04,95,12,4,2,10,6,10,4,2,0,4,5,0,0,0,0,0,0,3,11,0,61,4838,44,2,60-69,4,High-Value Omnichannel Customers,-1.5253612970237977,1.7240170270000945,0,0.9999498939363065,Low-Value Customers
3153,1957,PhD,Single,40737.0,2,1,2013-12-08,24,11,0,4,0,0,2,1,1,0,2,8,0,0,0,0,0,0,3,11,0,68,4651,17,3,60-69,5,Low-Engagement Mature Customers,-1.9525551891935897,-0.5575103382233508,0,0.9937653681629571,Low-Value Customers
10264,1979,Graduation,Divorced,15287.0,1,0,2012-10-10,60,1,2,8,4,3,13,2,1,1,2,7,1,0,0,0,0,0,3,11,1,46,5075,31,1,40-49,4,High-Value Omnichannel Customers,-2.5248997818058596,0.41243637577468545,0,0.9943760058124275,Low-Value Customers
1184,1968,PhD,Divorced,69674.0,0,2,2013-05-22,46,554,41,215,11,0,24,3,10,2,10,5,0,0,0,0,0,0,3,11,0,57,4851,845,2,50-59,2,High-Value Store Loyalists,1.9842603463906858,-0.7637370386791819,2,0.5749131588205751,Mid-Value Active Customers
4200,1970,Master,Married,44159.0,1,0,2014-06-17,85,167,2,62,24,13,7,4,4,1,6,5,0,0,0,0,0,0,3,11,0,55,4460,275,1,50-59,4,High-Value Omnichannel Customers,-0.3703557034471751,1.1408562731118057,2,0.9956235503200767,Mid-Value Active Customers
9396,1978,PhD,Married,37717.0,1,0,2012-11-23,31,9,0,6,4,1,5,1,1,0,2,9,0,0,0,0,0,0,3,11,0,47,5031,25,1,40-49,0,Recent Low-Value Customers,-2.411035430742026,-0.6617286098821119,0,0.9996178177109271,Low-Value Customers
2387,1952,Master,Together,43776.0,1,1,2013-02-03,9,177,2,71,3,2,20,6,5,2,4,8,0,0,0,0,0,0,3,11,1,73,4959,275,2,70+,5,Low-Engagement Mature Customers,-0.7980848904454665,-1.4629145631855718,2,0.9993691795034794,Mid-Value Active Customers
6690,1966,Master,Married,38179.0,1,1,2013-03-14,30,38,4,22,4,2,20,4,3,1,3,7,0,0,0,0,0,0,3,11,0,59,4920,90,2,50-59,0,Recent Low-Value Customers,-1.4822428580565568,-0.5890052232083648,0,0.8604327160173466,Low-Value Customers
1225,1963,Graduation,Married,80124.0,0,0,2014-06-26,47,483,84,398,205,84,241,1,3,7,8,1,1,0,0,0,0,0,3,11,0,62,4451,1495,0,60-69,1,High-Value At-Risk Customers,2.1846522042613317,0.59720648739019,1,0.9993278173460283,High-Value Store Customers
9703,1970,PhD,Married,38097.0,1,1,2012-10-15,70,77,2,35,0,1,69,4,3,2,2,7,1,0,0,0,0,0,3,11,1,55,5070,184,2,50-59,4,High-Value Omnichannel Customers,-1.588681140109953,0.6360202299638623,2,0.9996886915547236,Mid-Value Active Customers
291,1970,Graduation,Married,72940.0,0,0,2013-06-19,13,182,74,298,162,149,116,1,3,3,6,1,0,0,0,0,0,0,3,11,0,55,4823,981,0,50-59,3,Dormant / Disengaged Customers,1.2302419800448128,-0.47397741776030905,1,0.9997848690060911,High-Value Store Customers
4557,1970,Graduation,Together,22070.0,1,0,2013-10-04,11,10,7,19,8,2,21,2,2,2,2,6,0,0,0,0,0,0,3,11,0,55,4716,67,1,50-59,0,Recent Low-Value Customers,-1.9832252395699512,-1.0015538567329465,0,0.9938156785297455,Low-Value Customers
2379,1953,Graduation,Single,69267.0,0,0,2012-09-22,31,778,44,499,95,73,146,2,3,4,5,7,0,0,0,0,0,0,3,11,1,72,5093,1635,0,70+,1,High-Value At-Risk Customers,0.8557509627275777,-0.4666877405852555,3,0.9999999999983338,High-Value Omnichannel Customers
5726,1983,Master,Single,31788.0,1,0,2014-03-20,15,16,7,23,0,8,6,3,3,0,4,5,0,0,0,0,0,1,3,11,0,42,4549,60,1,40-49,0,Recent Low-Value Customers,-1.385730642719358,-1.017139426510071,0,0.9996334674557062,Low-Value Customers
3066,1975,PhD,Together,61905.0,0,1,2014-02-04,2,167,0,43,6,2,13,2,4,2,4,5,0,0,0,0,0,0,3,11,0,50,4593,231,1,40-49,0,Recent Low-Value Customers,-0.4478526295033151,-1.391769655693022,2,0.9995773596733035,Mid-Value Active Customers
6336,1960,Graduation,Married,29315.0,1,1,2014-04-06,55,13,2,14,8,7,4,4,2,0,4,6,0,0,0,0,0,0,3,11,0,65,4532,48,2,60-69,5,Low-Engagement Mature Customers,-1.4377799186196794,0.42660111220178193,0,0.983582469505073,Low-Value Customers
10967,1963,Graduation,Divorced,33378.0,1,1,2013-02-06,38,33,6,40,3,7,10,3,2,0,4,7,0,0,0,0,0,0,3,11,0,62,4956,99,2,60-69,5,Low-Engagement Mature Customers,-1.5132743268145372,-0.23909343291233456,0,0.5644015544599608,Low-Value Customers
2304,1963,PhD,Together,66313.0,0,1,2013-09-16,86,625,7,99,10,22,7,2,6,3,12,4,0,0,0,0,0,0,3,11,0,62,4734,770,1,60-69,1,High-Value At-Risk Customers,1.843605862668388,1.0245999491363258,1,0.9982233582305045,High-Value Store Customers
3445,1956,Graduation,Single,60714.0,0,0,2013-01-17,56,216,162,224,101,92,162,2,7,4,10,5,0,0,0,0,0,0,3,11,1,69,4976,957,0,60-69,2,High-Value Store Loyalists,1.660870995182973,-0.0379884400739752,1,0.9920793743058288,High-Value Store Customers
7828,1981,Master,Together,77882.0,0,0,2014-04-30,29,68,129,396,188,22,15,1,3,3,5,1,0,0,0,0,0,0,3,11,0,44,4508,818,0,40-49,3,Dormant / Disengaged Customers,0.9099335153875929,-0.03928959153315857,1,0.999641202338185,High-Value Store Customers
3762,1986,PhD,Single,69867.0,0,0,2013-04-02,30,196,0,512,33,130,54,1,3,5,8,1,0,0,0,1,0,0,3,11,1,39,4901,925,0,30-39,3,Dormant / Disengaged Customers,1.2258855466158718,-0.1500529415622777,1,0.9996809785482309,High-Value Store Customers
4391,1968,Master,Divorced,63841.0,0,1,2013-04-21,64,635,15,100,20,7,131,1,9,3,9,6,0,0,0,0,0,0,3,11,0,57,4882,908,1,50-59,2,High-Value Store Loyalists,1.499907362657563,-0.20452770903617368,1,0.969701421157253,High-Value Store Customers
4669,1981,Basic,Married,24480.0,1,0,2013-02-11,46,4,19,9,28,25,17,3,3,0,4,7,0,0,0,0,0,0,3,11,0,44,4951,102,1,40-49,0,Recent Low-Value Customers,-1.763038224467675,-0.2890314272214968,0,0.9843968415685517,Low-Value Customers
10144,1976,Graduation,Together,51369.0,0,1,2012-10-25,84,297,7,79,0,11,182,2,8,2,4,8,0,0,0,0,0,0,3,11,0,49,5060,576,1,40-49,2,High-Value Store Loyalists,-0.2764880193655138,0.31998723448777117,2,0.6975084993278622,Mid-Value Active Customers
8652,1946,Graduation,Together,37760.0,0,0,2012-08-31,20,84,5,38,150,12,28,2,4,1,6,7,0,0,0,0,0,0,3,11,0,79,5115,317,0,70+,5,Low-Engagement Mature Customers,-0.4871032153227184,-0.9025721006039736,2,0.9994622141391809,Mid-Value Active Customers
1672,1974,PhD,Together,65640.0,0,1,2014-03-01,74,204,7,149,20,15,66,1,5,1,8,2,0,0,0,0,0,0,3,11,0,51,4568,461,1,50-59,3,Dormant / Disengaged Customers,1.0248624841110738,0.9990878964009654,2,0.8237972273891262,Mid-Value Active Customers
8962,1975,Master,Married,44319.0,1,1,2014-04-17,18,26,0,8,0,0,3,2,2,0,3,5,0,0,0,0,0,0,3,11,0,50,4521,37,2,40-49,0,Recent Low-Value Customers,-1.3494474164114032,-0.6862362176704229,0,0.9386897568052753,Low-Value Customers
9974,1974,Graduation,Married,30631.0,1,0,2013-07-12,75,15,6,20,4,5,20,1,3,1,2,7,0,0,0,0,0,0,3,11,0,51,4800,70,1,50-59,4,High-Value Omnichannel Customers,-1.87279214704788,0.7405734259789495,0,0.8287845057988886,Low-Value Customers
10983,1952,Graduation,Together,75278.0,0,0,2013-01-29,17,304,98,230,150,74,74,1,6,3,13,3,0,0,0,0,0,0,3,11,0,73,4964,930,0,70+,1,High-Value At-Risk Customers,2.563058601336776,-0.9060012552931224,1,0.9961522851360544,High-Value Store Customers
8148,1956,Master,Together,50898.0,1,1,2013-01-08,88,285,28,242,55,114,135,13,6,2,12,5,0,0,0,0,0,0,3,11,0,69,4985,859,2,60-69,1,High-Value At-Risk Customers,1.5607028655703397,0.996677222944689,1,0.9962376741335841,High-Value Store Customers
10102,1966,Graduation,Widow,79946.0,0,0,2014-05-12,19,395,183,565,166,141,28,1,5,11,5,3,0,0,0,0,0,0,3,11,0,59,4496,1478,0,50-59,1,High-Value At-Risk Customers,1.643510709305616,-0.6798175716026035,1,0.985679117595514,High-Value Store Customers
4697,1949,Master,Divorced,35416.0,0,0,2013-06-13,62,248,3,81,4,3,51,3,7,1,5,8,0,0,0,0,0,0,3,11,0,76,4829,390,0,70+,5,Low-Engagement Mature Customers,-0.39661127444739586,-0.05503271345604944,2,0.9860434489415588,Mid-Value Active Customers
9262,1984,2n Cycle,Together,32414.0,0,0,2013-07-04,11,20,6,5,0,9,12,1,1,0,3,7,1,0,0,0,0,0,3,11,0,41,4808,52,0,40-49,0,Recent Low-Value Customers,-2.1130191346247846,-1.1413794341905616,0,0.9870033623104076,Low-Value Customers
7254,1969,Graduation,Together,38361.0,1,0,2013-12-27,74,39,0,56,20,8,14,3,3,1,3,7,0,0,0,0,0,0,3,11,0,56,4632,137,1,50-59,4,High-Value Omnichannel Customers,-1.464306611517824,0.7474649761049567,2,0.9797814307882164,Mid-Value Active Customers
4543,1980,Graduation,Married,82497.0,0,0,2012-10-31,32,777,129,573,216,21,203,1,2,7,9,4,0,0,1,0,0,0,3,11,0,45,5054,1919,0,40-49,3,Dormant / Disengaged Customers,1.926698041029944,-0.30442077390399885,3,0.9999964509316247,High-Value Omnichannel Customers
4927,1971,Graduation,Together,16626.0,2,0,2014-01-15,76,8,3,22,21,1,13,3,3,0,3,9,0,0,0,0,0,0,3,11,0,54,4613,68,2,50-59,4,High-Value Omnichannel Customers,-2.263067824841019,0.508733850581846,0,0.9894698480151022,Low-Value Customers
10451,1965,Graduation,Together,29672.0,1,1,2013-03-12,6,9,1,3,0,4,8,1,0,0,3,6,0,0,0,0,0,0,3,11,0,60,4922,25,2,50-59,0,Recent Low-Value Customers,-1.9356437144500558,-0.8973068334469958,0,0.973483560034583,Low-Value Customers
2926,1952,Master,Together,55951.0,0,1,2012-08-23,62,1241,0,80,0,13,40,3,3,6,11,8,0,1,0,0,1,0,3,11,0,73,5123,1374,1,70+,1,High-Value At-Risk Customers,1.126271259158492,0.22023483984664796,3,0.9999999999996643,High-Value Omnichannel Customers
2874,1988,2n Cycle,Divorced,35388.0,1,0,2013-03-07,20,6,4,7,4,3,8,1,1,0,3,7,0,0,0,0,0,0,3,11,0,37,4927,32,1,30-39,0,Recent Low-Value Customers,-2.1203989269909505,-0.8920451879548325,0,0.9812675838565185,Low-Value Customers
9738,1986,Master,Together,42386.0,1,0,2013-01-13,43,65,4,16,0,4,11,1,3,0,3,8,0,0,0,0,0,0,3,11,0,39,4980,100,1,30-39,0,Recent Low-Value Customers,-1.7892777117702627,-0.4811635538914126,0,0.8467417618228997,Low-Value Customers
7119,1982,Graduation,Single,68627.0,0,0,2013-01-12,45,395,15,263,60,54,38,1,2,3,6,1,0,0,0,0,0,0,3,11,0,43,4981,825,0,40-49,3,Dormant / Disengaged Customers,0.7466720670257002,0.5113340525921699,1,0.9999151419073019,High-Value Store Customers
3924,1965,PhD,Divorced,57912.0,0,1,2014-03-17,34,801,0,80,0,0,35,5,8,3,12,5,0,1,0,0,0,0,3,11,0,60,4552,916,1,50-59,2,High-Value Store Loyalists,1.8822887796961112,-0.9679456175597703,1,0.9801072843074828,High-Value Store Customers
5827,1958,Graduation,Divorced,35246.0,1,1,2014-04-16,53,36,0,12,2,2,10,4,3,1,3,5,0,0,0,0,0,0,3,11,0,67,4522,62,2,60-69,5,Low-Engagement Mature Customers,-1.149619194155008,0.4290102617230118,0,0.9961398865629753,Low-Value Customers
5596,1956,2n Cycle,Together,58821.0,0,1,2013-10-12,44,513,14,154,19,0,28,1,9,2,9,6,0,0,0,0,0,0,3,11,0,69,4708,728,1,60-69,2,High-Value Store Loyalists,1.3949622872362653,-0.7180978199838082,2,0.5994195092555901,Mid-Value Active Customers
10812,1978,PhD,Married,46377.0,1,0,2014-03-01,89,37,0,46,4,3,0,1,2,1,3,4,0,0,0,0,0,0,3,11,0,47,4568,90,1,40-49,4,High-Value Omnichannel Customers,-1.1302224770795972,1.6098112101055444,0,0.7786640950726179,Low-Value Customers
1717,1988,Graduation,Single,39747.0,1,0,2014-04-13,43,80,15,93,20,13,52,3,5,1,4,8,0,0,0,0,0,0,3,11,0,37,4525,273,1,30-39,0,Recent Low-Value Customers,-1.3061663199087856,-0.7542668086914613,2,0.9994723022470107,Mid-Value Active Customers
9491,1984,Graduation,Together,23976.0,1,0,2013-12-27,68,14,1,21,2,3,25,3,3,1,3,7,0,0,0,0,0,0,3,11,0,41,4632,66,1,40-49,4,High-Value Omnichannel Customers,-1.9795162464778504,0.39013189348477106,0,0.9969642455493121,Low-Value Customers
9274,1961,Master,Married,80950.0,0,0,2013-03-28,44,525,147,112,219,147,63,1,6,7,9,2,0,0,0,1,0,0,3,11,0,64,4906,1213,0,60-69,1,High-Value At-Risk Customers,2.376322780579579,0.06558870367519375,1,0.9905592473453778,High-Value Store Customers
6609,1966,Graduation,Widow,27038.0,0,0,2012-09-18,64,1,26,25,17,23,15,1,3,0,3,9,0,0,0,0,0,0,3,11,1,59,5097,107,0,50-59,4,High-Value Omnichannel Customers,-1.9763787107553081,0.20557350113496026,0,0.6862169970301935,Low-Value Customers
6963,1947,Graduation,Single,77457.0,0,0,2014-03-05,85,675,11,400,15,45,11,1,2,5,10,1,0,0,1,0,0,0,3,11,0,78,4564,1157,0,70+,1,High-Value At-Risk Customers,2.2135580195484597,1.9927288465196962,1,0.9998484492192129,High-Value Store Customers
4440,1964,Master,Married,64100.0,0,1,2013-09-10,93,509,0,27,0,0,10,1,8,3,6,7,0,1,0,0,0,0,3,11,0,61,4740,546,1,60-69,2,High-Value Store Loyalists,0.5320341131425568,0.8107648675282539,2,0.9911817934826441,Mid-Value Active Customers
1379,1992,Master,Together,42670.0,0,0,2013-04-27,12,154,2,46,20,4,15,1,4,2,4,4,0,0,0,0,0,0,3,11,0,33,4876,241,0,30-39,0,Recent Low-Value Customers,-0.8523923562534326,-1.1676660824148717,2,0.971199748646441,Mid-Value Active Customers
10032,1976,Graduation,Divorced,12571.0,1,0,2014-01-18,86,3,5,14,2,12,17,4,3,1,3,6,0,0,0,0,0,0,3,11,0,49,4610,53,1,40-49,4,High-Value Omnichannel Customers,-1.9488302678102836,1.1156866101736855,0,0.9999966910129494,Low-Value Customers
2826,1967,Graduation,Married,22574.0,2,1,2013-10-28,28,25,0,8,2,0,2,2,2,0,3,7,0,0,0,0,0,0,3,11,0,58,4692,37,3,50-59,0,Recent Low-Value Customers,-1.9660542928252656,-0.5852491221253903,0,0.9956764443865511,Low-Value Customers
6320,1976,Master,Single,70893.0,0,0,2013-02-06,42,768,44,561,77,44,14,1,6,6,10,3,0,0,0,0,0,0,3,11,0,49,4956,1508,0,40-49,3,Dormant / Disengaged Customers,2.2440639125149167,-0.3119604180090803,1,0.9880738178319926,High-Value Store Customers
3050,1966,Graduation,Married,54198.0,1,1,2013-12-17,13,185,0,28,3,2,17,6,3,1,6,4,0,0,0,0,0,0,3,11,0,59,4642,235,2,50-59,5,Low-Engagement Mature Customers,-0.16410136809789014,-0.8058509095678004,2,0.9969870722169518,Mid-Value Active Customers
231,1956,Master,Together,28839.0,1,1,2014-03-11,86,24,0,7,0,0,1,2,2,0,3,5,0,0,0,0,0,0,3,11,0,69,4558,32,2,60-69,4,High-Value Omnichannel Customers,-1.3951923693556614,1.5675506233089993,0,0.9973929944864636,Low-Value Customers
2392,1972,Graduation,Married,40321.0,1,1,2013-07-29,59,44,4,21,6,0,27,2,3,0,3,7,0,0,0,0,0,0,3,11,0,53,4783,102,2,50-59,4,High-Value Omnichannel Customers,-1.4974826218856905,0.2593936190069731,0,0.7303727231869579,Low-Value Customers
9478,1985,Graduation,Single,66503.0,1,0,2012-08-14,30,91,64,128,65,3,50,2,4,3,6,3,0,0,0,0,0,0,3,11,0,40,5132,401,1,30-39,3,Dormant / Disengaged Customers,0.26652004232773885,-0.42557523398329866,2,0.777195264389944,Mid-Value Active Customers
113,1951,Graduation,Married,30833.0,1,1,2013-07-16,33,11,0,7,3,1,6,2,1,0,3,5,0,0,0,0,0,0,3,11,0,74,4796,28,2,70+,5,Low-Engagement Mature Customers,-1.4466503518478997,0.08299803522863838,0,0.9891467150654788,Low-Value Customers
1802,1971,Graduation,Married,64795.0,0,1,2013-01-17,23,412,5,119,38,29,77,3,3,3,12,2,0,0,0,0,0,0,3,11,0,54,4976,680,1,50-59,3,Dormant / Disengaged Customers,1.5344265561811257,-0.44448900967861693,1,0.9997738889192885,High-Value Store Customers
520,1974,Graduation,Married,34421.0,1,0,2013-07-01,81,3,3,7,6,2,9,1,1,0,2,7,0,0,0,0,0,0,3,11,0,51,4811,30,1,50-59,4,High-Value Omnichannel Customers,-2.099188370328122,1.1549186477555458,0,0.9844278672716827,Low-Value Customers
8275,1965,PhD,Divorced,47025.0,1,1,2014-02-09,6,16,0,3,0,0,1,1,1,0,2,7,0,0,0,0,0,0,3,11,0,60,4588,20,2,50-59,0,Recent Low-Value Customers,-1.7802159071191643,-1.0596214259672783,0,0.9901224649590534,Low-Value Customers
9750,1961,PhD,Divorced,64325.0,0,1,2013-02-07,41,731,60,353,78,12,73,5,10,3,5,7,0,0,0,0,0,0,3,11,0,64,4955,1307,1,60-69,2,High-Value Store Loyalists,1.320635959075981,-0.9945859957095954,1,0.8818726980221907,High-Value Store Customers
2607,1953,Graduation,Single,40464.0,0,1,2013-01-11,78,424,17,118,7,23,41,6,8,2,8,8,0,0,0,0,0,0,3,11,0,72,4982,630,1,70+,2,High-Value Store Loyalists,0.4261685205775486,0.22542983353879265,2,0.9095621090627162,Mid-Value Active Customers
7214,1957,Graduation,Married,62187.0,0,0,2013-07-05,49,792,0,275,45,45,126,1,4,8,5,3,0,0,0,0,0,0,3,11,0,68,4807,1283,0,60-69,1,High-Value At-Risk Customers,1.1299052496207942,0.4109827047481448,1,0.9967427705347429,High-Value Store Customers
5835,1976,PhD,Divorced,14849.0,1,0,2013-07-02,39,21,2,28,3,2,9,3,2,0,4,8,0,0,0,0,0,0,3,11,0,49,4810,65,1,40-49,0,Recent Low-Value Customers,-2.2028844412170754,-0.4885104622817824,0,0.9905305265795985,Low-Value Customers
3896,1984,Graduation,Married,27255.0,1,0,2013-11-07,3,22,1,11,0,1,2,1,1,0,3,7,0,0,0,0,0,0,3,11,0,41,4682,37,1,40-49,0,Recent Low-Value Customers,-2.224828699757479,-1.4009742752406047,0,0.9904119807991577,Low-Value Customers
10350,1950,PhD,Married,54432.0,2,1,2013-05-09,37,33,0,5,0,0,0,1,1,0,3,4,0,0,0,0,0,0,3,11,0,75,4864,38,3,70+,5,Low-Engagement Mature Customers,-0.827063437379688,0.38748476083814076,0,0.8909587139110736,Low-Value Customers
7786,1986,PhD,Single,29999.0,1,0,2013-02-13,22,68,7,59,10,5,11,4,3,1,4,8,0,0,0,0,0,0,3,11,0,39,4949,160,1,30-39,0,Recent Low-Value Customers,-1.8314823898168446,-1.18768378659009,2,0.9990547467604077,Mid-Value Active Customers
2861,1983,Graduation,Single,24072.0,1,0,2013-04-16,79,9,1,6,3,0,4,1,1,0,2,8,0,0,0,0,0,0,3,11,0,42,4887,23,1,40-49,4,High-Value Omnichannel Customers,-2.5640762037235088,0.8676460193330402,0,0.9891227601024204,Low-Value Customers
663,1989,PhD,Single,33996.0,0,0,2013-09-11,46,40,2,15,8,0,6,1,1,1,3,4,0,0,0,0,0,0,3,11,0,36,4739,71,0,30-39,0,Recent Low-Value Customers,-1.6575123292992173,0.253303922390179,0,0.9687177397794001,Low-Value Customers
10675,1956,PhD,Married,66334.0,0,1,2013-04-03,82,909,11,218,0,0,23,2,9,3,5,5,0,0,0,0,0,0,3,11,1,69,4900,1161,1,60-69,2,High-Value Store Loyalists,1.482073937391217,0.6784031163933593,1,0.917523909947698,High-Value Store Customers
2521,1971,Master,Married,35178.0,1,0,2013-01-10,10,23,1,13,2,2,18,1,1,1,2,7,1,0,0,0,0,0,3,11,1,54,4983,59,1,50-59,0,Recent Low-Value Customers,-2.0424475872430143,-1.020120227270112,0,0.9808482913544091,Low-Value Customers
9592,1983,Graduation,Together,22010.0,1,0,2013-06-30,51,11,2,9,3,0,8,2,2,0,3,8,0,0,0,0,0,0,3,11,0,42,4812,33,1,40-49,0,Recent Low-Value Customers,-2.3232146685946233,-0.13990112476316208,0,0.9884315316910486,Low-Value Customers
10151,1960,Graduation,Divorced,62204.0,0,2,2012-09-12,38,317,46,247,151,46,139,1,4,5,12,3,0,0,0,0,0,0,3,11,0,65,5103,946,2,60-69,1,High-Value At-Risk Customers,1.827049324825621,-0.11718894929676928,1,0.9986485199075971,High-Value Store Customers
7381,1968,Graduation,Divorced,75693.0,0,0,2012-12-06,10,797,153,293,72,97,30,1,11,4,6,4,0,1,1,1,0,0,3,11,1,57,5018,1442,0,50-59,2,High-Value Store Loyalists,2.2949411974309797,-1.7823407329853518,3,0.9838732721123684,High-Value Omnichannel Customers
4099,1972,Graduation,Married,30675.0,1,0,2012-11-12,14,10,2,16,11,2,21,1,1,0,3,8,0,0,0,0,0,0,3,11,0,53,5042,62,1,50-59,0,Recent Low-Value Customers,-2.1438985918719107,-1.0574272699358889,0,0.9879561160746968,Low-Value Customers
9560,1965,Graduation,Together,83003.0,0,0,2013-03-03,18,856,61,570,40,25,122,1,7,6,8,3,0,0,1,0,0,0,3,11,1,60,4931,1674,0,50-59,1,High-Value At-Risk Customers,2.5811027196530745,-0.9922336420215616,1,0.9787438780058936,High-Value Store Customers
1150,1899,PhD,Together,83532.0,0,0,2013-09-26,36,755,144,562,104,64,224,1,4,6,4,1,0,0,1,0,0,0,3,11,0,126,4724,1853,0,,1,High-Value At-Risk Customers,2.8786860280763817,0.839669051664678,1,0.9999843201482852,High-Value Store Customers
10172,1988,Graduation,Single,68655.0,0,0,2012-08-10,95,456,19,832,75,118,38,1,4,5,11,3,0,0,0,0,0,0,3,11,0,37,5136,1538,0,30-39,3,Dormant / Disengaged Customers,1.974839577511441,1.4082908694397038,1,0.9919832768012344,High-Value Store Customers
11191,1986,Graduation,Divorced,41411.0,0,0,2013-12-07,11,37,32,38,11,3,18,1,2,1,4,6,0,0,0,0,0,0,3,11,0,39,4652,139,0,30-39,0,Recent Low-Value Customers,-1.462380083849352,-1.158528864726027,2,0.9955286433638629,Mid-Value Active Customers
9707,1969,PhD,Married,55212.0,0,1,2012-11-23,65,1103,0,45,0,0,34,3,4,2,11,8,0,1,0,0,1,0,3,11,0,56,5031,1182,1,50-59,2,High-Value Store Loyalists,0.8765279207298345,0.049794248712384276,3,0.9999999984110559,High-Value Omnichannel Customers
6245,1950,PhD,Together,59292.0,0,1,2013-06-13,71,378,14,68,19,14,14,2,3,5,8,3,0,0,0,0,0,0,3,11,0,75,4829,507,1,70+,1,High-Value At-Risk Customers,0.8169801459764505,1.2156421176269174,1,0.9743633528121994,High-Value Store Customers
8234,1973,Basic,Together,27190.0,1,0,2013-08-15,13,1,6,7,0,1,3,1,1,0,2,8,1,0,0,0,0,0,3,11,1,52,4766,18,1,50-59,0,Recent Low-Value Customers,-2.40481261218348,-1.0799828645630098,0,0.9886566374333008,Low-Value Customers
1411,1952,Graduation,Divorced,82623.0,0,0,2013-11-10,58,204,34,204,172,153,173,1,2,9,4,1,0,0,0,0,0,0,3,11,0,73,4679,940,0,70+,1,High-Value At-Risk Customers,1.1850521860149477,1.2728525184711177,1,0.9996295438326391,High-Value Store Customers
8553,1965,Graduation,Married,44300.0,1,1,2013-06-23,65,30,0,9,0,0,3,2,1,0,3,6,0,0,0,0,0,0,3,11,0,60,4819,42,2,50-59,4,High-Value Omnichannel Customers,-1.4978610169958326,0.857896689903445,0,0.977922986238985,Low-Value Customers
1826,1970,Graduation,Divorced,84835.0,0,0,2014-06-16,0,189,104,379,111,189,218,1,4,4,6,1,0,0,0,0,0,0,3,11,1,55,4461,1190,0,50-59,3,Dormant / Disengaged Customers,1.7596324606469809,-0.9665511433044466,1,0.9985929815629235,High-Value Store Customers
8842,1971,Graduation,Widow,30372.0,1,1,2012-12-25,33,15,0,12,7,3,7,3,2,0,3,7,0,0,0,0,0,0,3,11,0,54,4999,44,2,50-59,0,Recent Low-Value Customers,-1.8609505042922971,-0.44998815236539413,0,0.9847364875726208,Low-Value Customers
11030,1976,Master,Married,33181.0,1,0,2014-01-03,90,9,0,3,0,0,4,1,1,0,2,6,1,0,0,0,0,0,3,11,0,49,4625,16,1,40-49,4,High-Value Omnichannel Customers,-2.0025157424775863,1.5305727024401052,0,0.9407027838017833,Low-Value Customers
2579,1957,Graduation,Married,71113.0,0,1,2013-12-17,95,495,33,255,11,33,8,4,6,7,9,4,0,0,0,0,0,0,3,11,0,68,4642,835,1,60-69,1,High-Value At-Risk Customers,1.6269918477289502,1.441906935051212,1,0.9948480390681388,High-Value Store Customers
175,1986,Graduation,Married,71952.0,1,0,2013-01-10,93,656,80,455,52,107,93,2,8,4,8,4,1,0,1,0,0,0,3,11,0,39,4983,1443,1,30-39,3,Dormant / Disengaged Customers,1.9205887489474571,0.8951558957009368,1,0.9692917507235496,High-Value Store Customers
9185,1966,PhD,Single,69759.0,0,0,2013-10-28,38,452,20,514,13,30,0,3,4,6,5,3,0,0,0,0,0,0,3,11,1,59,4692,1029,0,50-59,1,High-Value At-Risk Customers,0.9454923111914301,0.011137247531252469,1,0.9955096681659976,High-Value Store Customers
11056,1974,Graduation,Married,72099.0,0,0,2012-10-27,18,546,91,410,119,0,22,1,3,4,10,1,0,0,0,0,0,0,3,11,0,51,5058,1188,0,50-59,3,Dormant / Disengaged Customers,1.924515846751291,-0.46255896002039354,1,0.9994587650804648,High-Value Store Customers
9365,1976,PhD,Single,60000.0,0,1,2012-12-22,57,1048,0,217,0,0,12,5,11,3,5,6,0,0,0,0,0,0,3,11,0,49,5002,1277,1,40-49,2,High-Value Store Loyalists,1.3216801793704216,-0.6390929025989585,3,0.7584900915707349,High-Value Omnichannel Customers
6201,1978,Graduation,Single,38643.0,1,1,2013-11-29,45,22,2,14,0,1,10,2,2,0,3,7,0,0,0,0,0,1,3,11,0,47,4660,49,2,40-49,0,Recent Low-Value Customers,-1.783425093859107,-0.12442603701112923,0,0.9703578825256198,Low-Value Customers
2061,1955,Graduation,Married,50737.0,0,1,2013-05-11,61,78,0,11,0,0,10,1,2,0,4,6,0,1,0,0,0,0,3,11,0,70,4862,99,1,60-69,5,Low-Engagement Mature Customers,-0.929103032128128,0.7069103064600395,2,0.5260565481171922,Mid-Value Active Customers
6184,1969,PhD,Married,68462.0,0,0,2012-12-12,6,561,64,785,84,128,48,1,3,3,8,1,0,0,0,0,0,0,3,11,0,56,5012,1670,0,50-59,3,Dormant / Disengaged Customers,2.028785032878675,-0.7643786163793128,1,0.9977884464824904,High-Value Store Customers
6142,1943,Master,Married,65073.0,0,0,2013-08-20,65,629,17,177,69,0,8,1,5,3,5,2,0,0,0,0,0,1,3,11,0,82,4761,900,0,70+,1,High-Value At-Risk Customers,1.3230558849411362,1.0670209356737903,1,0.9986246769868167,High-Value Store Customers
4107,1948,PhD,Together,46681.0,0,2,2013-10-08,52,269,15,69,15,19,38,2,4,6,4,5,0,0,0,0,0,0,3,11,0,77,4712,425,2,70+,5,Low-Engagement Mature Customers,-0.22805788847969666,0.37206167509999216,2,0.5499442218448588,Mid-Value Active Customers
7274,1957,Graduation,Married,78618.0,0,0,2012-09-28,87,736,163,818,212,163,61,1,4,7,10,2,0,1,0,0,0,0,3,11,0,68,5087,2153,0,60-69,1,High-Value At-Risk Customers,3.0652256170136427,1.5940420459698161,1,0.9890871333676863,High-Value Store Customers
9336,1969,PhD,Widow,62187.0,0,1,2014-03-22,38,512,0,83,0,0,41,3,6,2,10,4,0,0,0,0,0,0,3,11,0,56,4547,636,1,50-59,2,High-Value Store Loyalists,1.2756432283392383,-0.47783365406692757,1,0.8459880789226466,High-Value Store Customers
2958,1978,Graduation,Married,28442.0,2,0,2014-02-24,53,19,3,10,11,8,6,3,2,1,4,4,0,0,0,0,0,0,3,11,0,47,4573,57,2,40-49,0,Recent Low-Value Customers,-1.3591462840113764,0.42819744418468547,0,0.9998913574888353,Low-Value Customers
933,1978,PhD,Married,37717.0,1,0,2012-11-23,31,9,0,6,4,1,5,1,1,0,2,9,0,0,0,0,0,0,3,11,0,47,5031,25,1,40-49,0,Recent Low-Value Customers,-2.411035430742026,-0.6617286098821119,0,0.9996178177109271,Low-Value Customers
5837,1967,Graduation,Married,51479.0,1,1,2012-12-28,67,247,8,160,6,8,65,7,6,3,6,7,0,0,0,0,0,0,3,11,0,58,4996,494,2,50-59,2,High-Value Store Loyalists,-0.05826011813216004,0.16659839957730269,2,0.9950436241305602,Mid-Value Active Customers
10704,1969,Graduation,Single,54803.0,0,1,2012-08-21,65,404,0,92,28,27,142,2,6,2,9,4,0,0,0,0,0,0,3,11,0,56,5125,693,1,50-59,2,High-Value Store Loyalists,1.0460489503386803,0.3657653791956074,1,0.9311197923884594,High-Value Store Customers
5125,1960,Graduation,Married,79530.0,0,0,2013-05-17,64,333,0,815,129,42,29,1,4,10,11,2,0,0,0,0,0,0,3,11,0,65,4856,1348,0,60-69,1,High-Value At-Risk Customers,2.5068563328976605,0.8573569146487465,1,0.996601982336268,High-Value Store Customers
4432,1976,Graduation,Divorced,31615.0,1,0,2013-03-16,82,2,3,20,6,11,9,2,2,0,3,7,0,0,0,0,0,0,3,11,0,49,4918,51,1,40-49,4,High-Value Omnichannel Customers,-1.8798807468186263,1.026726100163551,0,0.9829722821852673,Low-Value Customers
5955,1962,Graduation,Together,72025.0,0,0,2012-11-17,27,833,33,549,151,133,233,1,4,3,8,3,0,0,0,0,0,0,3,11,0,63,5037,1932,0,60-69,1,High-Value At-Risk Customers,2.2326982193944676,-0.391547016787074,1,0.977512091047443,High-Value Store Customers
2928,1975,PhD,Single,52614.0,0,1,2012-12-01,63,789,0,142,12,9,38,2,2,4,8,8,0,0,0,0,0,0,3,11,0,50,5023,990,1,40-49,4,High-Value Omnichannel Customers,-0.11087936082610197,0.22310799103979512,3,0.9999999999999947,High-Value Omnichannel Customers
5680,1984,2n Cycle,Married,35684.0,1,0,2014-04-22,66,10,4,7,0,6,3,1,1,0,3,6,0,0,0,0,0,0,3,11,0,41,4516,30,1,40-49,4,High-Value Omnichannel Customers,-1.9017816095071758,0.6914884969181604,0,0.9678512185637429,Low-Value Customers
10313,1975,Graduation,Married,48178.0,1,1,2012-10-28,69,159,4,45,6,2,38,6,5,1,4,8,0,0,0,0,0,0,3,11,0,50,5057,254,2,40-49,4,High-Value Omnichannel Customers,-0.998044766124591,0.19461940170577527,2,0.998946032961502,Mid-Value Active Customers
2557,1970,Master,Single,29548.0,1,0,2013-08-29,52,7,1,6,3,1,11,1,1,1,2,4,1,0,0,0,0,0,3,11,0,55,4752,29,1,50-59,4,High-Value Omnichannel Customers,-1.6888720558470371,0.6333290491748702,0,0.9952124581712576,Low-Value Customers
1245,1966,Graduation,Single,63810.0,0,1,2012-11-11,45,977,12,253,16,12,101,4,4,3,12,8,0,1,0,0,0,0,3,11,0,59,5043,1371,1,50-59,2,High-Value Store Loyalists,1.3748127617745993,-0.5540520096073399,3,0.9999999999981668,High-Value Omnichannel Customers
1519,1972,PhD,Single,38578.0,1,1,2013-06-22,2,38,4,22,3,3,3,3,3,0,3,8,0,0,0,0,0,0,3,11,1,53,4820,73,2,50-59,0,Recent Low-Value Customers,-1.723507865259022,-1.6303189959375428,0,0.8943802755371192,Low-Value Customers
10703,1975,Master,Single,46098.0,1,1,2012-08-18,86,57,0,27,0,0,36,4,3,2,2,8,0,0,0,0,0,0,3,11,0,50,5128,120,2,40-49,4,High-Value Omnichannel Customers,-1.7028133270996026,0.9888599111981682,2,0.8645614224330609,Mid-Value Active Customers
1726,1970,Graduation,Single,22585.0,0,0,2013-03-18,23,3,9,15,13,2,39,1,1,1,2,9,1,0,0,0,0,0,3,11,1,55,4916,81,0,50-59,0,Recent Low-Value Customers,-2.5529748621443,-0.8715107979505221,0,0.9306320858117925,Low-Value Customers
4459,1989,Graduation,Single,30279.0,1,0,2012-12-30,13,10,4,14,4,4,1,1,1,0,3,8,0,0,0,0,0,0,3,11,0,36,4994,37,1,30-39,0,Recent Low-Value Customers,-2.380220796279682,-1.2479425100682124,0,0.9915123947613689,Low-Value Customers
1729,1961,PhD,Together,66426.0,0,1,2013-10-02,14,1043,24,97,32,24,157,2,3,5,10,6,0,0,0,0,0,0,3,11,0,64,4718,1377,1,60-69,1,High-Value At-Risk Customers,1.3654271698326976,-1.0712145320407658,3,0.9999996910957394,High-Value Omnichannel Customers
1517,1969,Graduation,Single,30822.0,1,0,2013-06-14,92,3,9,13,2,12,12,1,1,0,3,7,0,0,0,0,0,0,3,11,0,56,4828,51,1,50-59,4,High-Value Omnichannel Customers,-1.9395083586248427,1.5100070140694142,0,0.9822076869237144,Low-Value Customers
2098,1969,PhD,Married,33581.0,2,0,2013-01-08,38,11,0,5,0,0,1,1,1,0,2,8,0,0,0,0,0,0,3,11,0,56,4985,17,2,50-59,0,Recent Low-Value Customers,-2.2300321603428266,-0.2518170004776461,0,0.9908147515830793,Low-Value Customers
9543,1985,Graduation,Married,19986.0,1,0,2013-11-14,74,3,6,5,0,2,6,1,0,0,3,7,0,0,0,0,0,0,3,11,0,40,4675,22,1,30-39,4,High-Value Omnichannel Customers,-2.500657037632799,0.8865043390066911,0,0.9705029845642726,Low-Value Customers
6878,1954,Graduation,Widow,27421.0,0,0,2012-12-12,14,43,12,96,78,40,55,3,4,1,6,7,0,0,0,0,0,0,3,11,0,71,5012,324,0,70+,5,Low-Engagement Mature Customers,-0.7749705318893221,-1.187694641439929,2,0.9981911780533114,Mid-Value Active Customers
3310,1973,2n Cycle,Married,35688.0,2,1,2012-08-22,94,73,3,90,12,1,32,7,4,1,4,8,0,0,0,0,0,0,3,11,0,52,5124,211,3,50-59,4,High-Value Omnichannel Customers,-1.371127171889673,1.0713860959098285,2,0.9997801310942419,Mid-Value Active Customers
2724,1981,Master,Single,36143.0,1,0,2014-03-30,33,12,0,1,0,0,6,1,0,1,2,3,0,0,0,0,0,0,3,11,0,44,4539,19,1,40-49,0,Recent Low-Value Customers,-1.6913788695485756,0.1822256911061059,0,0.9727561480453768,Low-Value Customers
948,1971,Graduation,Single,10245.0,1,0,2013-05-15,32,4,7,7,6,4,13,3,1,2,2,5,0,0,0,0,0,0,3,11,0,54,4858,41,1,50-59,0,Recent Low-Value Customers,-2.213264884466541,-0.1587565427878932,0,0.9999389436010193,Low-Value Customers
6720,1968,Master,Together,43795.0,0,1,2013-10-16,11,314,11,53,4,3,107,3,7,3,4,7,0,1,0,0,0,0,3,11,1,57,4704,492,1,50-59,2,High-Value Store Loyalists,-0.3901612897801851,-1.6589628220717714,2,0.9097725227878349,Mid-Value Active Customers
6202,1960,Graduation,Together,63381.0,0,1,2012-10-05,78,571,50,142,33,50,159,4,4,5,13,2,0,0,0,0,0,0,3,11,0,65,5080,1005,1,60-69,1,High-Value At-Risk Customers,2.2090459562200913,1.2181929934238347,1,0.9993777411544484,High-Value Store Customers
2066,1949,Graduation,Together,38823.0,0,1,2012-08-30,56,70,0,11,2,8,23,1,2,1,3,6,0,0,0,0,0,0,3,11,0,76,5116,114,1,70+,5,Low-Engagement Mature Customers,-1.2144663917739307,0.6045633703779201,2,0.9198277945081654,Mid-Value Active Customers
9799,1968,PhD,Divorced,83664.0,1,1,2013-05-08,57,866,21,151,28,21,86,3,2,2,12,5,0,0,0,0,0,0,3,11,0,57,4865,1173,2,50-59,3,Dormant / Disengaged Customers,1.756228026227229,0.42207020983532395,3,0.9999999999798685,High-Value Omnichannel Customers
8318,1979,Graduation,Together,90300.0,0,0,2014-01-03,7,594,134,786,33,134,57,0,5,6,8,1,0,0,1,0,0,0,3,11,0,46,4625,1738,0,40-49,3,Dormant / Disengaged Customers,2.640751215719471,-0.9976505105761834,1,0.9929550166467555,High-Value Store Customers
5642,1979,Master,Together,62499.0,1,0,2013-12-09,0,140,4,61,0,13,4,2,3,1,6,4,0,0,0,0,0,0,3,11,0,46,4650,222,1,40-49,0,Recent Low-Value Customers,-0.18097404957365051,-1.3118948550678617,2,0.9987586804362742,Mid-Value Active Customers
2669,1993,Graduation,Single,74293.0,0,0,2014-05-04,66,375,152,335,93,91,81,1,5,4,6,2,0,0,0,0,0,0,3,11,0,32,4504,1127,0,30-39,3,Dormant / Disengaged Customers,1.223560007686528,0.6181118149795229,1,0.9959231602967781,High-Value Store Customers
455,1946,PhD,Married,51012.0,0,0,2013-04-18,86,102,9,63,2,9,24,1,4,1,4,6,0,0,0,0,0,0,3,11,0,79,4885,209,0,70+,5,Low-Engagement Mature Customers,-0.44922561490902063,1.3461189463820293,2,0.9999537092195822,Mid-Value Active Customers
7683,1968,Master,Married,70777.0,0,1,2014-02-25,80,554,35,113,0,7,78,3,5,3,12,3,0,0,0,0,0,0,3,11,0,57,4572,787,1,50-59,1,High-Value At-Risk Customers,1.9004132828075149,1.0275043312523742,1,0.9988157561130161,High-Value Store Customers
3428,1991,PhD,Together,68682.0,0,0,2013-10-06,56,919,0,505,99,30,45,1,4,9,10,2,0,0,0,0,0,0,3,11,0,34,4714,1598,0,30-39,3,Dormant / Disengaged Customers,1.9871960428884137,0.3092687246270498,1,0.9958301749246337,High-Value Store Customers
7414,1971,Graduation,Married,43824.0,1,1,2012-09-15,18,96,1,42,12,3,32,4,3,1,4,8,0,0,0,0,0,0,3,11,0,54,5100,186,2,50-59,0,Recent Low-Value Customers,-1.3673636161089537,-1.1404950289752853,2,0.998394272638353,Mid-Value Active Customers
6354,1984,Graduation,Together,15345.0,1,0,2012-08-31,51,5,2,16,3,2,19,2,1,1,2,8,0,0,0,0,0,0,3,11,1,41,5115,47,1,40-49,0,Recent Low-Value Customers,-2.727581300324204,-0.03163242252366681,0,0.990003821720567,Low-Value Customers
798,1987,Graduation,Single,23442.0,1,0,2012-12-24,71,2,0,6,8,6,5,1,1,0,3,7,0,0,0,0,0,0,3,11,0,38,5000,27,1,30-39,4,High-Value Omnichannel Customers,-2.3238372118348964,0.6733106516473061,0,0.9861492784387604,Low-Value Customers
8213,1980,2n Cycle,Together,14515.0,1,0,2012-11-09,71,6,4,9,6,36,35,4,2,2,3,7,0,0,0,0,0,0,3,11,1,45,5045,96,1,40-49,4,High-Value Omnichannel Customers,-2.215402062628966,0.6071668421310265,0,0.9736833515042117,Low-Value Customers
2488,1956,2n Cycle,Divorced,31395.0,1,1,2013-03-23,80,23,1,25,0,8,7,4,2,1,3,6,0,0,0,0,0,0,3,11,0,69,4911,64,2,60-69,4,High-Value Omnichannel Customers,-1.475559072991615,1.2686510309315315,0,0.9789009657175288,Low-Value Customers
9999,1965,Graduation,Together,75276.0,0,0,2012-09-27,2,610,105,125,137,42,21,1,9,4,9,5,0,0,0,0,0,0,3,11,0,60,5088,1040,0,50-59,2,High-Value Store Loyalists,2.000621326750085,-1.9619528023621757,1,0.9210460561286651,High-Value Store Customers
7617,1974,Graduation,Single,42373.0,1,1,2013-08-15,83,67,5,61,3,8,19,5,2,1,5,5,0,0,0,0,0,0,3,11,0,51,4766,163,2,50-59,4,High-Value Omnichannel Customers,-0.9590703240763749,1.2834103555522787,2,0.9999808774474378,Mid-Value Active Customers
615,1960,Graduation,Together,30507.0,0,0,2013-03-11,29,65,36,74,38,20,110,1,5,1,4,7,0,0,0,0,0,0,3,11,0,65,4923,343,0,60-69,5,Low-Engagement Mature Customers,-0.9289853844046275,-0.8323637482774824,2,0.9977367772989445,Mid-Value Active Customers
2552,1955,PhD,Single,55521.0,1,2,2013-10-22,11,416,0,26,0,0,4,9,6,3,6,7,0,1,0,0,0,0,3,11,1,70,4698,446,3,60-69,5,Low-Engagement Mature Customers,0.10916942187611897,-1.4482792551272217,2,0.9985159926409681,Mid-Value Active Customers
194,1965,Graduation,Married,48006.0,1,1,2014-06-09,55,23,0,11,3,2,2,1,1,0,3,6,0,0,0,0,0,0,3,11,0,60,4468,41,2,50-59,5,Low-Engagement Mature Customers,-1.4315889636429031,0.5559852218676758,0,0.9816907868516387,Low-Value Customers
3645,1972,PhD,Single,27213.0,1,0,2012-08-30,19,19,3,26,10,9,3,3,2,0,4,8,0,0,0,0,0,0,3,11,1,53,5116,70,1,50-59,0,Recent Low-Value Customers,-1.922431815207298,-1.0437519476699622,0,0.9235770141559279,Low-Value Customers
8890,1971,PhD,Divorced,65808.0,1,1,2014-05-30,1,155,7,80,13,7,10,3,5,1,5,6,0,0,0,0,0,0,3,11,0,54,4478,272,2,50-59,0,Recent Low-Value Customers,-0.16659307048482508,-1.6285331853070635,2,0.9980873088885379,Mid-Value Active Customers
5049,1974,PhD,Together,30351.0,1,0,2013-06-06,19,14,0,24,3,3,2,1,3,0,2,9,0,0,0,0,0,0,3,11,0,51,4836,46,1,50-59,0,Recent Low-Value Customers,-2.2206810989902954,-1.2323219302674182,0,0.7443149524586872,Low-Value Customers
9973,1963,Graduation,Married,50437.0,0,2,2012-10-17,28,370,9,92,6,9,4,3,7,1,8,7,0,0,0,0,0,0,3,11,0,62,5068,490,2,60-69,2,High-Value Store Loyalists,0.38172090590761965,-1.1663895913494238,2,0.9656714005768245,Mid-Value Active Customers
7301,1982,2n Cycle,Single,23616.0,1,0,2012-11-17,76,4,22,11,3,7,32,2,3,0,3,8,0,0,0,0,0,0,3,11,1,43,5037,79,1,40-49,4,High-Value Omnichannel Customers,-2.1026896548996596,0.538554150628623,0,0.9857373202444435,Low-Value Customers
10882,1976,Graduation,Married,53858.0,0,1,2012-11-09,50,407,53,221,58,150,26,4,4,3,6,4,0,0,0,0,0,0,3,11,0,49,5045,915,1,40-49,3,Dormant / Disengaged Customers,0.4231631765237557,0.11573887806746214,1,0.9844925477264973,High-Value Store Customers
7030,1955,PhD,Married,66465.0,0,1,2013-03-30,1,1200,0,204,38,29,14,3,11,9,12,6,0,0,0,1,0,0,3,11,0,70,4904,1485,1,60-69,2,High-Value Store Loyalists,2.880832358545516,-2.343006589530679,1,0.9041418956136387,High-Value Store Customers
7422,1987,Graduation,Single,46923.0,1,0,2012-08-22,90,85,44,54,102,78,6,3,5,1,7,7,0,0,0,0,0,0,3,11,0,38,5124,369,1,30-39,4,High-Value Omnichannel Customers,-0.474507689826589,0.7715852831085793,2,0.9976162990469168,Mid-Value Active Customers
3523,1962,Graduation,Together,75072.0,0,1,2013-01-23,83,583,34,309,0,22,125,2,5,4,8,3,0,0,0,0,0,0,3,11,0,63,4970,1073,1,60-69,1,High-Value At-Risk Customers,1.7132675970086693,1.2741421987413275,1,0.9957005281998137,High-Value Store Customers
7106,1943,PhD,Married,75865.0,0,0,2014-03-31,73,483,0,591,156,0,12,1,3,5,10,1,0,0,0,0,0,0,3,11,0,82,4538,1242,0,70+,1,High-Value At-Risk Customers,2.4337330837958846,1.54216188647595,1,0.9998669729435046,High-Value Store Customers
6504,1975,2n Cycle,Together,19789.0,1,0,2013-11-20,24,2,5,9,28,6,28,3,2,1,3,5,1,0,0,0,0,0,3,11,0,50,4669,78,1,40-49,0,Recent Low-Value Customers,-1.7748634732059905,-0.5574182051248437,0,0.9998945060951588,Low-Value Customers
5067,1994,Graduation,Together,80134.0,0,0,2014-02-14,11,966,26,282,52,26,26,1,2,7,11,5,0,1,1,1,1,0,3,11,0,31,4583,1378,0,30-39,3,Dormant / Disengaged Customers,1.387421409957366,-1.2404266686835588,3,0.9999999989323332,High-Value Omnichannel Customers
4216,1981,Graduation,Single,91065.0,0,0,2013-02-22,33,822,114,108,179,137,114,1,7,9,9,3,0,0,1,1,0,0,3,11,1,44,4940,1474,0,40-49,3,Dormant / Disengaged Customers,2.5185590714403263,-0.6757077388664923,1,0.8731369779357603,High-Value Store Customers
8581,1971,Master,Married,49505.0,1,1,2013-03-05,4,604,0,100,19,0,28,9,10,2,8,8,0,0,0,0,0,0,3,11,0,54,4929,751,2,50-59,2,High-Value Store Loyalists,0.7247472423671742,-2.4419815077576135,2,0.8385503833252776,Mid-Value Active Customers
5929,1973,PhD,Married,37401.0,1,0,2014-05-06,14,19,3,19,3,1,3,2,2,0,3,7,0,0,0,0,0,0,3,11,0,52,4502,48,1,50-59,0,Recent Low-Value Customers,-1.7547084929389754,-1.0426068994672801,0,0.970179025819385,Low-Value Customers
3129,1983,Graduation,Married,30096.0,1,0,2014-05-22,30,5,3,11,12,5,9,1,2,0,3,6,0,0,0,0,0,0,3,11,0,42,4486,45,1,40-49,0,Recent Low-Value Customers,-1.8587111771386804,-0.5389195392431488,0,0.9946894572746839,Low-Value Customers
6528,1982,Master,Together,18492.0,1,0,2014-06-05,75,2,2,2,2,1,1,1,1,0,2,8,0,0,0,0,0,0,3,11,0,43,4472,10,1,40-49,4,High-Value Omnichannel Customers,-2.668866788373424,0.7405629611311187,0,0.9816888873123382,Low-Value Customers
1361,1974,Master,Married,82584.0,0,0,2013-06-04,26,1076,68,103,29,91,68,1,3,4,8,1,0,1,1,0,0,0,3,11,1,51,4838,1435,0,50-59,3,Dormant / Disengaged Customers,2.0405752303036735,-0.15013566138482945,1,0.9989312042800496,High-Value Store Customers
6932,1941,PhD,Married,93027.0,0,0,2013-04-13,77,1285,42,716,55,0,21,0,7,10,5,2,0,0,1,0,0,0,3,11,0,84,4890,2119,0,70+,1,High-Value At-Risk Customers,3.1698361138568294,1.262211641261582,1,0.9868649213837489,High-Value Store Customers
7284,1953,Graduation,Married,48686.0,1,2,2013-12-04,8,10,0,7,2,0,1,1,1,0,2,8,0,0,0,0,0,0,3,11,0,72,4655,20,3,70+,5,Low-Engagement Mature Customers,-1.7558139221520077,-0.9986022723661035,0,0.9985420798890032,Low-Value Customers
1340,1986,Graduation,Married,92910.0,0,0,2014-04-24,42,551,137,792,179,103,33,1,6,7,13,1,0,1,1,1,0,0,3,11,0,39,4514,1795,0,30-39,3,Dormant / Disengaged Customers,3.5232785831205726,-0.20345854022342638,1,0.9098313531836203,High-Value Store Customers
8746,1989,Graduation,Married,75433.0,1,0,2014-04-05,28,800,0,297,0,34,57,2,2,5,10,6,0,1,0,1,0,0,3,11,0,36,4533,1188,1,30-39,3,Dormant / Disengaged Customers,0.9046282106513983,-0.7631375538365076,3,0.9999999999992699,High-Value Omnichannel Customers
5987,1989,2n Cycle,Together,10404.0,1,0,2014-05-04,52,2,2,11,10,6,12,2,1,0,4,5,0,0,0,0,0,0,3,11,0,36,4504,43,1,30-39,0,Recent Low-Value Customers,-2.131541837165984,0.2449256394212689,0,0.9999466447651131,Low-Value Customers
3767,1968,Graduation,Married,61314.0,0,1,2013-04-25,1,378,0,189,97,172,172,2,5,5,12,3,0,0,0,0,0,0,3,11,0,57,4878,1008,1,50-59,3,Dormant / Disengaged Customers,1.888008266083107,-1.4539243234076475,1,0.9946155775179494,High-Value Store Customers
3725,1961,PhD,Single,84865.0,0,0,2013-05-09,1,1248,16,349,43,16,16,1,2,4,9,4,0,1,1,1,1,0,3,11,1,64,4864,1688,0,60-69,1,High-Value At-Risk Customers,2.0003447636678655,-1.0751721764082618,3,0.9998170849569019,High-Value Omnichannel Customers
4324,1989,Graduation,Married,42387.0,1,0,2012-10-29,42,235,0,235,19,4,191,5,8,1,7,8,0,0,0,0,0,0,3,11,0,36,5056,684,1,30-39,2,High-Value Store Loyalists,-0.08680004552425465,-1.202804189701037,2,0.8791793713177851,Mid-Value Active Customers
238,1967,2n Cycle,Together,67309.0,1,1,2013-01-23,76,515,47,181,149,95,95,15,9,6,9,7,0,0,0,0,0,0,3,11,0,58,4970,1082,2,50-59,2,High-Value Store Loyalists,1.5733325301069307,0.06189834180810987,1,0.8294711100787588,High-Value Store Customers
6694,1964,Graduation,Married,75236.0,0,1,2013-11-25,27,438,66,400,12,38,114,1,8,3,13,4,0,0,0,0,0,0,3,11,0,61,4664,1068,1,60-69,2,High-Value Store Loyalists,2.6464204608903326,-1.0484248342260991,1,0.9756677520779933,High-Value Store Customers
498,1970,Graduation,Single,30015.0,1,0,2014-02-02,28,25,0,22,2,3,5,2,1,0,4,5,0,0,0,0,0,0,3,11,0,55,4595,57,1,50-59,0,Recent Low-Value Customers,-1.5250727712687169,-0.27756643134676606,0,0.9695724205512323,Low-Value Customers
9347,1956,Master,Together,50943.0,0,1,2013-06-21,49,31,0,7,2,0,6,1,1,0,3,5,0,0,0,0,0,0,3,11,0,69,4821,46,1,60-69,5,Low-Engagement Mature Customers,-1.1099428585514335,0.5780716264184518,0,0.9524756758455606,Low-Value Customers
9699,1966,Graduation,Divorced,67272.0,0,1,2013-12-21,12,357,35,271,28,28,14,3,6,2,12,5,0,0,0,0,0,0,3,11,0,59,4638,733,1,50-59,2,High-Value Store Loyalists,1.6206053733988743,-1.4144977618715928,1,0.9515270848869117,High-Value Store Customers
10664,1949,Master,Widow,51529.0,0,1,2013-09-07,14,400,4,35,6,0,22,2,9,1,5,8,0,0,0,0,0,0,3,11,0,76,4743,467,1,70+,2,High-Value Store Loyalists,0.22448088616524958,-1.7289131971801759,2,0.8404525124869019,Mid-Value Active Customers
5455,1971,PhD,Married,32011.0,1,0,2013-08-22,89,99,0,15,2,1,5,3,2,1,4,7,0,0,0,0,0,0,3,11,0,54,4759,122,1,50-59,4,High-Value Omnichannel Customers,-1.60392500613837,1.2650587806365579,2,0.9289566558707455,Mid-Value Active Customers
456,1986,2n Cycle,Married,7500.0,1,0,2013-02-07,96,1,11,5,4,6,9,2,2,0,3,8,0,0,0,0,0,0,3,11,0,39,4955,36,1,30-39,4,High-Value Omnichannel Customers,-2.618553149085274,1.1955665759456051,0,0.9993718778780545,Low-Value Customers
5012,1989,Graduation,Married,28691.0,1,0,2013-07-04,56,5,4,13,8,0,4,1,1,0,3,8,0,0,0,0,0,0,3,11,0,36,4808,34,1,30-39,0,Recent Low-Value Customers,-2.4013797818395957,0.08329434971368363,0,0.9905308093951781,Low-Value Customers
7495,1948,PhD,Married,56223.0,0,1,2013-12-20,72,77,28,31,16,0,4,2,2,1,5,4,0,0,0,0,0,0,3,11,0,77,4639,156,1,70+,5,Low-Engagement Mature Customers,-0.23597938133794874,1.3350542745137257,2,0.9998956169405311,Mid-Value Active Customers
5029,1946,Graduation,Married,18100.0,0,0,2013-08-06,14,3,1,2,4,3,1,1,0,0,3,5,0,0,0,0,0,0,3,11,0,79,4775,14,0,70+,5,Low-Engagement Mature Customers,-1.774744014113279,-0.3794524526530827,0,0.9937086205855481,Low-Value Customers
10642,1989,Graduation,Single,30279.0,1,0,2012-12-30,13,10,4,14,4,4,1,1,1,0,3,8,0,0,0,0,0,0,3,11,0,36,4994,37,1,30-39,0,Recent Low-Value Customers,-2.380220796279682,-1.2479425100682124,0,0.9915123947613689,Low-Value Customers
2106,1974,2n Cycle,Married,20130.0,0,0,2014-03-17,99,0,6,3,7,6,12,1,1,0,3,8,0,0,0,0,0,0,3,11,0,51,4552,34,0,50-59,4,High-Value Omnichannel Customers,-2.368094763519676,1.5391750576879233,0,0.9890712484182603,Low-Value Customers
10364,1959,Graduation,Divorced,23295.0,0,0,2013-07-13,72,0,0,1,2,12,5,1,1,0,2,8,0,0,0,0,0,0,3,11,0,66,4799,20,0,60-69,4,High-Value Omnichannel Customers,-2.290068884900929,0.8737622790824623,0,0.9781202686645629,Low-Value Customers
5954,1972,Master,Divorced,42618.0,1,0,2013-10-09,92,76,14,74,13,5,10,2,5,0,4,8,0,0,0,0,0,0,3,11,0,53,4711,192,1,50-59,4,High-Value Omnichannel Customers,-1.1122897053322918,0.9261249457775346,2,0.9985933990105289,Mid-Value Active Customers
1137,1964,Graduation,Single,81246.0,0,0,2013-12-29,87,398,190,537,61,156,37,1,4,5,7,1,1,0,0,1,0,0,3,11,0,61,4630,1379,0,60-69,1,High-Value At-Risk Customers,2.093226110096821,1.7512855051078606,1,0.999082536440529,High-Value Store Customers
2541,1976,Graduation,Married,24027.0,1,0,2013-06-09,7,14,7,11,11,0,5,2,2,0,3,8,0,0,0,0,0,0,3,11,0,49,4833,48,1,40-49,0,Recent Low-Value Customers,-2.198673827497944,-1.4359642234940684,0,0.9908833334511555,Low-Value Customers
1142,1953,PhD,Married,55707.0,0,1,2013-12-22,91,208,7,82,30,66,35,2,3,2,9,3,0,0,0,0,0,0,3,11,0,72,4637,428,1,70+,1,High-Value At-Risk Customers,0.7973093352555171,1.7785372874384902,1,0.7294139951282718,High-Value Store Customers
2276,1955,Graduation,Single,57959.0,0,1,2013-05-02,71,430,16,322,43,24,33,5,4,7,11,3,0,0,0,0,0,0,3,11,0,70,4871,868,1,60-69,1,High-Value At-Risk Customers,1.605313200721015,0.9713470497131056,1,0.9994194870380112,High-Value Store Customers
2807,1969,Graduation,Married,56796.0,0,1,2013-02-16,24,656,38,161,62,47,37,3,8,9,7,7,0,0,0,0,0,0,3,11,0,56,4946,1001,1,50-59,2,High-Value Store Loyalists,0.8448829155735322,-1.4345557697675342,1,0.7325782973933394,High-Value Store Customers
6471,1971,Master,Single,36230.0,1,0,2013-10-17,17,14,2,30,8,2,3,1,2,0,4,5,0,0,0,0,0,0,3,11,0,54,4703,59,1,50-59,0,Recent Low-Value Customers,-1.288754508480574,-0.7233057070442643,0,0.9879175333951781,Low-Value Customers
6131,1980,2n Cycle,Married,70829.0,1,1,2013-12-01,87,141,70,106,72,19,23,2,4,2,8,3,0,0,0,0,0,0,3,11,0,45,4658,431,2,40-49,3,Dormant / Disengaged Customers,0.7407140923734408,1.350873904506039,2,0.6774286269221867,Mid-Value Active Customers
6233,1976,Graduation,Married,65991.0,0,1,2012-09-07,21,507,19,364,25,47,9,3,9,5,10,7,0,0,0,0,0,0,3,11,0,49,5108,971,1,40-49,2,High-Value Store Loyalists,1.476470655051715,-1.7532705486048847,1,0.8248167818721791,High-Value Store Customers
4148,1972,Graduation,Married,38988.0,1,2,2012-08-20,90,164,24,103,12,3,42,7,5,1,6,8,0,0,0,0,0,0,3,11,0,53,5126,348,3,50-59,4,High-Value Omnichannel Customers,-0.7580429170345865,0.8017750198377284,2,0.9985586423595243,Mid-Value Active Customers
4947,1966,2n Cycle,Single,89572.0,0,0,2012-09-15,44,606,24,974,197,194,64,1,7,7,9,4,0,1,0,1,0,0,3,11,1,59,5100,2059,0,50-59,3,Dormant / Disengaged Customers,3.0157856889763672,-0.33446102418874435,1,0.7971707191577124,High-Value Store Customers
3225,1984,Master,Married,42207.0,1,0,2013-04-01,71,116,11,72,3,17,46,4,4,1,5,6,1,0,0,0,0,0,3,11,1,41,4902,265,1,40-49,4,High-Value Omnichannel Customers,-0.8897318798648371,0.477794256443581,2,0.9998835007844771,Mid-Value Active Customers
7540,1952,Graduation,Married,50300.0,0,1,2014-05-25,52,143,15,60,24,23,5,2,2,1,8,2,0,0,0,0,0,0,3,11,0,73,4483,270,1,70+,5,Low-Engagement Mature Customers,0.4396868013625221,0.8211332514689395,2,0.6832556751780634,Mid-Value Active Customers
10648,1982,2n Cycle,Together,66664.0,0,0,2012-09-25,78,398,96,447,220,96,32,1,5,7,6,3,0,0,0,0,0,0,3,11,0,43,5090,1289,0,40-49,3,Dormant / Disengaged Customers,1.2001478123791995,0.9533876159979522,1,0.9947235910351728,High-Value Store Customers
1992,1964,Graduation,Married,60597.0,0,1,2014-01-01,2,522,0,257,32,16,66,4,2,2,8,7,0,0,0,1,0,0,3,11,1,61,4627,893,1,60-69,5,Low-Engagement Mature Customers,0.22974536504138715,-1.4282775975884134,3,0.9999999999984972,High-Value Omnichannel Customers
7851,1949,Graduation,Widow,70165.0,0,0,2013-09-22,60,161,0,253,199,191,122,1,3,7,11,1,0,0,0,0,0,0,3,11,0,76,4728,926,0,70+,1,High-Value At-Risk Customers,2.1292041149735934,1.055873281583191,1,0.9999344600981568,High-Value Store Customers
8594,1958,PhD,Widow,50520.0,0,1,2014-01-28,25,112,0,6,2,1,14,2,3,1,3,6,0,0,0,0,0,0,3,11,0,67,4600,135,1,60-69,5,Low-Engagement Mature Customers,-0.9618767576114885,-0.5251518637378303,2,0.9882654510839564,Mid-Value Active Customers
7059,1963,Graduation,Married,80124.0,0,0,2014-06-26,47,483,84,398,205,84,241,1,3,7,8,1,1,0,0,0,0,0,3,11,0,62,4451,1495,0,60-69,1,High-Value At-Risk Customers,2.1846522042613317,0.59720648739019,1,0.9993278173460283,High-Value Store Customers
2815,1975,Graduation,Married,33183.0,1,0,2014-02-24,46,7,5,39,17,15,37,2,4,0,3,7,0,0,0,0,0,0,3,11,0,50,4573,120,1,40-49,0,Recent Low-Value Customers,-1.5238614943724589,-0.2982279070263492,0,0.6267815084593378,Low-Value Customers
2416,1969,PhD,Single,66582.0,0,0,2014-03-03,83,789,25,420,16,38,0,1,2,8,9,1,0,0,0,0,0,0,3,11,0,56,4566,1288,0,50-59,3,Dormant / Disengaged Customers,1.7045053775063053,1.7193106257357498,1,0.999757920577207,High-Value Store Customers
7999,1955,PhD,Together,75261.0,0,0,2013-04-23,17,1239,17,413,23,34,17,1,5,6,5,2,0,1,1,0,0,0,3,11,1,70,4880,1743,0,60-69,1,High-Value At-Risk Customers,2.0664012444371407,-0.541139073359356,1,0.9974750712942236,High-Value Store Customers
9213,1970,Graduation,Widow,31880.0,1,0,2012-10-31,13,4,1,5,2,0,3,1,1,0,2,8,0,0,0,0,0,0,3,11,0,55,5054,15,1,50-59,0,Recent Low-Value Customers,-2.2824722770559482,-1.0410347474080215,0,0.9876462487690194,Low-Value Customers
9697,1951,Graduation,Married,53790.0,0,2,2014-03-06,86,335,42,127,28,5,5,3,7,2,8,6,0,0,0,0,0,0,3,11,0,74,4563,542,2,70+,2,High-Value Store Loyalists,0.8041854903523622,0.8697888799979965,2,0.8669349877037453,Mid-Value Active Customers
3916,1971,PhD,Together,49269.0,1,0,2012-08-15,92,639,8,166,11,8,58,3,7,3,12,7,0,0,0,0,0,0,3,11,0,54,5131,890,1,50-59,2,High-Value Store Loyalists,1.1991573975209093,0.6315631954664491,1,0.9272612417241909,High-Value Store Customers
2021,1975,Graduation,Married,61456.0,0,1,2013-03-27,47,563,76,384,84,192,89,4,6,10,13,4,0,0,0,0,0,0,3,11,0,50,4907,1388,1,40-49,3,Dormant / Disengaged Customers,2.262309960191299,-0.3551434878664255,1,0.9813816961834931,High-Value Store Customers
1581,1980,Graduation,Married,37406.0,1,0,2013-10-10,18,2,0,8,2,2,3,1,1,0,2,8,0,0,0,0,0,0,3,11,1,45,4710,17,1,40-49,0,Recent Low-Value Customers,-2.2975802071407587,-0.9670595493686969,0,0.9942804350763169,Low-Value Customers
564,1981,PhD,Together,56937.0,1,0,2012-08-04,81,746,8,125,11,8,8,7,8,6,9,6,0,1,0,0,0,0,3,11,1,44,5142,906,1,40-49,2,High-Value Store Loyalists,1.0812852400713313,0.29459029831238415,1,0.975158665989909,High-Value Store Customers
6619,1978,Graduation,Married,38415.0,1,1,2013-01-02,91,22,1,13,4,0,4,2,1,0,3,7,0,0,0,0,0,0,3,11,0,47,4991,44,2,40-49,4,High-Value Omnichannel Customers,-1.9126735132586807,1.4121440100584948,0,0.9903140993272115,Low-Value Customers
9081,1988,Graduation,Single,20518.0,1,0,2014-05-18,58,4,1,6,4,1,9,1,1,1,2,5,0,0,0,0,0,0,3,11,0,37,4490,25,1,30-39,0,Recent Low-Value Customers,-2.2341901050204585,0.5128904173155562,0,0.9977838198272708,Low-Value Customers
178,1956,Graduation,Married,62503.0,0,1,2013-02-18,40,478,0,193,110,75,117,4,8,3,11,5,0,0,0,0,0,0,3,11,0,69,4944,973,1,60-69,2,High-Value Store Loyalists,1.9823899600807773,-0.6644553384870355,1,0.9887031651464017,High-Value Store Customers
916,1972,PhD,Single,41644.0,1,1,2014-05-09,67,20,3,4,2,0,2,2,1,0,3,3,0,0,0,0,0,0,3,11,0,53,4499,31,2,50-59,4,High-Value Omnichannel Customers,-1.180436525220781,1.2008234517438794,0,0.9855263561154356,Low-Value Customers
5512,1977,Master,Married,55842.0,0,1,2014-05-23,19,451,0,39,0,4,24,1,7,1,8,5,0,0,0,0,0,0,3,11,0,48,4485,518,1,40-49,2,High-Value Store Loyalists,0.6414982058191362,-1.3308818691130664,2,0.7656352246632485,Mid-Value Active Customers
8970,1972,PhD,Married,62010.0,0,1,2012-10-23,93,371,22,39,6,0,92,4,6,2,7,5,0,0,0,0,0,0,3,11,0,53,5062,530,1,50-59,2,High-Value Store Loyalists,0.5695153296682823,1.1600614658428299,2,0.9174070034851369,Mid-Value Active Customers
10581,1977,Graduation,Married,41124.0,1,0,2012-10-31,41,281,7,84,15,0,119,7,7,3,4,8,0,0,0,0,0,0,3,11,0,48,5054,506,1,40-49,2,High-Value Store Loyalists,-0.6845053164609153,-0.9361110284267304,2,0.9484638086186864,Mid-Value Active Customers
5300,1973,Master,Married,38961.0,1,0,2013-12-30,60,19,7,19,0,1,24,1,2,1,2,7,0,0,0,0,0,0,3,11,0,52,4629,70,1,50-59,4,High-Value Omnichannel Customers,-1.8405507410318058,0.4123969917728952,0,0.9096761884238627,Low-Value Customers
5154,1972,Master,Divorced,37760.0,1,0,2013-08-11,54,26,3,13,2,10,0,1,2,0,3,6,0,0,0,0,0,0,3,11,0,53,4770,54,1,50-59,4,High-Value Omnichannel Customers,-1.56635446757781,0.32641621063520776,0,0.9758075939438655,Low-Value Customers
8346,1974,Graduation,Single,32233.0,1,0,2012-08-19,26,138,15,35,25,11,72,2,6,2,2,9,1,0,0,0,0,0,3,11,1,51,5127,296,1,50-59,0,Recent Low-Value Customers,-1.5743398668806396,-1.346422569249569,2,0.983166300013228,Mid-Value Active Customers
1676,1975,Graduation,Married,43057.0,0,1,2013-10-30,30,213,2,44,0,2,5,4,4,2,5,5,0,0,0,0,0,0,3,11,0,50,4690,266,1,40-49,0,Recent Low-Value Customers,-0.619883294217542,-0.5911813281452661,2,0.9982182628367731,Mid-Value Active Customers
9286,1960,Master,Together,83151.0,0,0,2012-10-10,93,407,28,100,120,74,18,1,5,9,4,3,0,0,0,0,0,0,3,11,0,65,5075,747,0,60-69,1,High-Value At-Risk Customers,1.0343666429817746,1.7301946786610911,1,0.910431683280281,High-Value Store Customers
2426,1964,PhD,Divorced,78825.0,0,0,2012-09-14,35,483,74,114,169,37,18,1,5,10,13,3,0,0,0,0,0,0,3,11,1,61,5101,895,0,60-69,1,High-Value At-Risk Customers,2.3257286844469256,-0.3414642462801593,1,0.9879619410376544,High-Value Store Customers
5172,1976,Master,Together,65104.0,0,1,2013-11-14,4,738,0,232,13,20,50,2,3,5,7,7,0,0,0,0,0,0,3,11,0,49,4675,1053,1,40-49,2,High-Value Store Loyalists,0.29046837072599163,-1.558652932394177,3,0.9999999999474376,High-Value Omnichannel Customers
5562,1974,Graduation,Married,60093.0,0,1,2013-06-26,92,502,12,109,16,6,90,2,7,2,10,6,0,0,0,0,0,0,3,11,0,51,4816,735,1,50-59,2,High-Value Store Loyalists,1.0978359070708756,0.7994853445358014,1,0.9546568573964739,High-Value Store Customers
3436,1969,Graduation,Married,14045.0,1,0,2014-01-26,24,11,0,5,2,1,1,1,1,0,3,7,0,0,0,0,0,0,3,11,0,56,4602,20,1,50-59,0,Recent Low-Value Customers,-2.2991060041614833,-0.6380282656525086,0,0.9975936584609022,Low-Value Customers
3921,1952,2n Cycle,Widow,28457.0,0,0,2012-10-28,96,24,1,108,29,29,14,1,4,1,4,8,0,0,0,0,0,0,3,11,0,73,5057,205,0,70+,4,High-Value Omnichannel Customers,-1.255355034404326,1.314100024957798,2,0.9996550548954269,Mid-Value Active Customers
3403,1958,PhD,Together,78952.0,0,1,2012-09-24,11,1170,19,594,99,76,134,2,2,5,12,6,0,0,0,0,0,0,3,11,0,67,5091,2092,1,60-69,1,High-Value At-Risk Customers,2.3985180318568258,-1.0717188246341232,3,0.9999999999978346,High-Value Omnichannel Customers
22,1976,Graduation,Divorced,46310.0,1,0,2012-12-03,99,185,2,88,15,5,14,2,6,1,5,8,0,0,0,0,0,0,3,11,0,49,5021,309,1,40-49,4,High-Value Omnichannel Customers,-0.7126289911253095,0.9769678894002499,2,0.998495388362121,Mid-Value Active Customers
10965,1955,Graduation,Together,76005.0,0,0,2013-02-22,72,983,20,389,240,50,40,1,3,5,13,6,0,0,0,1,0,0,3,11,0,70,4940,1722,0,60-69,1,High-Value At-Risk Customers,2.3622715071202065,0.7225294939549162,3,0.9999999998803819,High-Value Omnichannel Customers
9426,1964,Master,Single,58308.0,0,1,2013-01-12,77,691,0,69,10,0,130,4,2,6,3,8,0,0,0,0,0,0,3,11,0,61,4981,900,1,60-69,4,High-Value Omnichannel Customers,-0.6705531353441844,0.8984955295621363,3,1.0,High-Value Omnichannel Customers
6605,1944,PhD,Divorced,55614.0,0,0,2013-11-27,85,504,13,131,8,0,26,1,9,4,6,7,0,1,0,0,0,0,3,11,0,81,4662,682,0,70+,2,High-Value Store Loyalists,0.8618609340306962,0.6169170951819355,1,0.5200404679330058,High-Value Store Customers
3136,1962,Master,Divorced,59432.0,0,1,2013-04-13,88,317,25,265,25,19,12,3,5,3,11,5,0,0,0,0,0,0,3,11,0,63,4890,663,1,60-69,1,High-Value At-Risk Customers,1.204235193158281,1.0999718518806059,1,0.9874701575362751,High-Value Store Customers
8737,1978,Graduation,Divorced,55563.0,0,1,2014-04-05,22,29,1,9,2,0,2,1,2,0,3,3,0,0,0,0,0,0,3,11,0,47,4533,43,1,40-49,0,Recent Low-Value Customers,-0.8606649881112013,-0.32994734329917363,0,0.8547486142064443,Low-Value Customers
11088,1971,PhD,Together,78642.0,0,1,2013-04-21,83,1396,0,322,46,35,17,1,4,9,4,6,0,0,0,0,0,0,3,11,0,54,4882,1816,1,50-59,3,Dormant / Disengaged Customers,1.119475784569541,1.0265056068234928,3,0.9999999348648497,High-Value Omnichannel Customers
716,1949,PhD,Together,67911.0,0,1,2014-05-22,63,529,0,356,63,28,0,3,6,7,11,3,0,0,0,0,0,0,3,11,0,76,4486,976,1,70+,1,High-Value At-Risk Customers,2.220327960232082,0.5802389304593032,1,0.9981915936277633,High-Value Store Customers
466,1944,Graduation,Married,65275.0,0,0,2013-04-03,9,388,14,218,91,14,21,1,4,3,13,2,0,0,0,0,0,0,3,11,0,81,4900,746,0,70+,1,High-Value At-Risk Customers,2.2036032025760934,-0.760370332985969,1,0.9998244365567757,High-Value Store Customers
9135,1950,Graduation,Together,27203.0,1,1,2012-08-06,92,13,2,21,4,0,24,2,1,1,2,8,0,0,0,0,0,0,3,11,0,75,5140,64,2,70+,4,High-Value Omnichannel Customers,-2.064339220692743,1.5863993137650199,0,0.9117563895040391,Low-Value Customers
10623,1961,Master,Together,48330.0,0,1,2013-11-15,2,28,0,4,0,0,0,1,1,0,3,5,0,0,0,0,0,0,3,11,0,64,4674,32,1,60-69,5,Low-Engagement Mature Customers,-1.2442466622227641,-0.9332303309618837,0,0.9428398307754539,Low-Value Customers
8151,1990,Basic,Married,24279.0,0,0,2012-12-29,6,16,36,21,20,62,108,1,4,1,3,8,0,0,0,0,0,0,3,11,0,35,4995,263,0,30-39,0,Recent Low-Value Customers,-1.9182896340599016,-1.823171651175035,2,0.9988103012447981,Mid-Value Active Customers
5140,1985,PhD,Married,64355.0,1,0,2012-08-24,66,1047,0,140,67,38,153,2,4,3,12,8,0,0,0,0,0,0,3,11,0,40,5122,1445,1,30-39,3,Dormant / Disengaged Customers,1.2209994138386515,-0.08167051309090306,3,0.9999999999976534,High-Value Omnichannel Customers
10160,1956,Master,Together,50943.0,0,1,2013-06-21,49,31,0,7,2,0,6,1,1,0,3,5,0,0,0,0,0,0,3,11,0,69,4821,46,1,60-69,5,Low-Engagement Mature Customers,-1.1099428585514335,0.5780716264184518,0,0.9524756758455606,Low-Value Customers
4945,1953,Graduation,Widow,53653.0,0,0,2012-11-07,29,815,10,239,28,10,108,2,10,4,12,6,0,0,0,0,0,0,3,11,0,72,5047,1210,0,70+,2,High-Value Store Loyalists,2.3068856194627254,-1.3658921756565578,1,0.822184140051469,High-Value Store Customers
10584,1976,Graduation,Married,65665.0,0,1,2013-12-02,77,225,162,387,106,36,29,1,5,10,8,3,0,0,0,0,0,0,3,11,0,49,4657,945,1,40-49,3,Dormant / Disengaged Customers,1.2558762243326977,0.9395115778244544,1,0.9974921539219231,High-Value Store Customers
6071,1989,Graduation,Single,81217.0,0,0,2013-07-19,77,493,70,324,146,40,84,1,3,7,11,1,0,0,0,0,0,0,3,11,0,36,4793,1157,0,30-39,3,Dormant / Disengaged Customers,2.0480383627408414,1.225759558887243,1,0.9991196992024913,High-Value Store Customers
3386,1992,Graduation,Married,34935.0,0,0,2013-06-21,71,34,4,66,3,10,20,1,2,1,4,7,0,0,0,0,0,0,3,11,0,33,4821,137,0,30-39,4,High-Value Omnichannel Customers,-1.7973351173957022,0.5155447623092592,2,0.9932754119662832,Mid-Value Active Customers
8939,1959,Graduation,Divorced,61250.0,0,1,2012-12-16,49,382,138,65,60,26,59,6,5,2,12,5,0,0,0,0,0,0,3,11,0,66,5008,730,1,60-69,1,High-Value At-Risk Customers,1.467124555916035,-0.10495028336824949,1,0.9703890162583778,High-Value Store Customers
9925,1981,PhD,Together,39665.0,1,0,2013-05-25,97,127,1,56,0,1,31,3,4,2,3,7,1,0,0,0,0,0,3,11,0,44,4848,216,1,40-49,4,High-Value Omnichannel Customers,-1.3808678243955832,1.2401010792331257,2,0.9999023432797086,Mid-Value Active Customers
4320,1979,Graduation,Single,60152.0,0,1,2013-03-28,6,325,83,300,86,58,91,1,6,4,12,3,0,0,0,0,0,0,3,11,0,46,4906,943,1,40-49,3,Dormant / Disengaged Customers,1.811144961653461,-1.5113380175862476,1,0.9711582676082533,High-Value Store Customers
5389,1964,Graduation,Married,48920.0,0,2,2013-10-20,93,238,17,68,8,10,6,3,6,2,5,7,0,1,0,0,0,0,3,11,0,61,4700,347,2,60-69,4,High-Value Omnichannel Customers,-0.33269112081751717,1.0253095242137913,2,0.9993351300224032,Mid-Value Active Customers
6036,1959,Master,Together,89120.0,0,0,2014-03-17,78,1168,92,408,72,129,55,1,5,6,7,1,0,0,1,0,0,0,3,11,0,66,4552,1924,0,60-69,1,High-Value At-Risk Customers,2.892312900793474,1.409054357755641,1,0.9955203024551287,High-Value Store Customers
182,1946,PhD,Together,44124.0,0,1,2013-05-11,62,284,0,55,0,6,52,4,6,2,5,8,0,0,0,0,0,0,3,11,0,79,4862,397,1,70+,5,Low-Engagement Mature Customers,-0.3230161124440134,0.10178428429705515,2,0.9988428720648371,Mid-Value Active Customers
203,1975,Master,Single,81169.0,0,0,2013-04-14,47,1288,20,613,80,61,27,1,5,7,9,2,0,0,0,0,0,0,3,11,0,50,4889,2089,0,40-49,3,Dormant / Disengaged Customers,2.8160639398628016,0.10689721697386238,1,0.9926028841744741,High-Value Store Customers
11025,1961,Graduation,Married,36443.0,1,1,2013-02-03,9,65,0,46,4,3,20,4,3,1,3,8,0,0,0,0,0,0,3,11,0,64,4959,138,2,60-69,5,Low-Engagement Mature Customers,-1.5727631323534994,-1.3169793823156486,2,0.9889265009374271,Mid-Value Active Customers
10203,1990,Graduation,Single,26095.0,1,0,2013-06-30,77,11,7,9,3,1,11,1,1,0,3,7,0,0,0,0,0,0,3,11,0,35,4812,42,1,30-39,4,High-Value Omnichannel Customers,-2.296326723596674,0.836966177264995,0,0.9848802550633463,Low-Value Customers
4607,1959,Graduation,Together,71367.0,0,0,2013-08-23,24,227,23,389,42,21,75,1,4,5,7,2,0,0,0,0,0,0,3,11,0,66,4758,777,0,60-69,1,High-Value At-Risk Customers,1.2905101428495473,-0.27670253607731254,1,0.9995312537830161,High-Value Store Customers
3711,1944,Master,Married,80184.0,0,0,2014-03-01,19,1035,134,670,25,38,0,1,6,3,10,3,0,0,1,1,0,0,3,11,0,81,4568,1902,0,70+,1,High-Value At-Risk Customers,3.1356810870301985,-0.7181031062121767,1,0.9870550565494809,High-Value Store Customers
3696,1965,Graduation,Divorced,30630.0,1,1,2014-01-27,67,27,1,12,2,0,10,2,2,0,3,7,0,0,0,0,0,0,3,11,0,60,4601,52,2,50-59,4,High-Value Omnichannel Customers,-1.7672095064464604,0.6619872366604632,0,0.9819809560193046,Low-Value Customers
2532,1987,Master,Single,73454.0,0,0,2014-03-01,95,982,73,351,56,14,175,1,2,4,6,5,1,0,0,0,0,0,3,11,0,38,4568,1651,0,30-39,3,Dormant / Disengaged Customers,0.870434887738092,1.529600044647834,3,0.9999996953293169,High-Value Omnichannel Customers
9214,1991,Graduation,Married,42691.0,0,0,2013-08-16,48,179,2,64,38,17,58,1,5,1,6,5,0,0,0,0,0,0,3,11,0,34,4765,358,0,30-39,0,Recent Low-Value Customers,-0.46126965666839415,-0.31983496980133813,2,0.9904480167384205,Mid-Value Active Customers
4943,1953,Graduation,Married,70503.0,0,0,2012-09-30,73,1379,33,216,0,33,66,1,2,4,9,6,0,1,1,0,0,0,3,11,0,72,5085,1727,0,70+,1,High-Value At-Risk Customers,1.5717547737563276,0.9658763143883864,3,0.9999999999811067,High-Value Omnichannel Customers
35,1987,Graduation,Married,25545.0,1,0,2012-09-08,35,32,1,64,16,12,85,3,2,2,3,6,0,0,0,0,0,0,3,11,1,38,5107,210,1,30-39,0,Recent Low-Value Customers,-1.8527597049804123,-0.43728205817857824,2,0.9998613054866337,Mid-Value Active Customers
2258,1986,Graduation,Married,32880.0,1,0,2012-12-04,76,8,4,15,7,6,2,1,1,0,3,8,0,0,0,0,0,0,3,11,0,39,5020,42,1,30-39,4,High-Value Omnichannel Customers,-2.2739600616702567,0.7415397331775314,0,0.994839594608333,Low-Value Customers
4322,1958,PhD,Together,77863.0,0,0,2013-11-27,20,881,38,319,16,25,12,1,4,5,10,2,0,0,0,0,0,0,3,11,0,67,4662,1291,0,60-69,1,High-Value At-Risk Customers,2.294563394123266,-0.4672269869450437,1,0.9976029394198969,High-Value Store Customers
713,1977,Master,Married,50353.0,0,0,2014-06-08,72,141,15,153,67,31,35,1,4,4,6,3,0,0,0,0,0,0,3,11,0,48,4469,442,0,40-49,4,High-Value Omnichannel Customers,0.1058612183505478,0.9148795258404289,2,0.8870732503643155,Mid-Value Active Customers
4702,1964,Graduation,Single,61839.0,0,0,2012-08-12,20,1000,155,379,224,17,120,1,4,8,4,8,0,0,0,0,0,0,3,11,0,61,5134,1895,0,60-69,2,High-Value Store Loyalists,0.631152374814097,-1.1392984587474015,3,0.9999999999904343,High-Value Omnichannel Customers
3281,1960,PhD,Married,49154.0,1,1,2013-11-03,69,206,10,67,30,27,71,6,4,1,8,6,0,0,0,0,0,0,3,11,0,65,4686,411,2,60-69,5,Low-Engagement Mature Customers,0.09386341497488349,0.5787046134552638,2,0.9905955447399538,Mid-Value Active Customers
702,1975,2n Cycle,Widow,47682.0,0,1,2013-02-15,80,162,61,83,97,57,61,4,4,3,8,5,0,0,0,0,0,0,3,11,0,50,4947,521,1,40-49,4,High-Value Omnichannel Customers,0.13253209463696689,0.8897407869606951,2,0.5400281468445846,Mid-Value Active Customers
2004,1969,Graduation,Single,72679.0,0,1,2013-09-18,65,619,54,260,127,54,54,1,4,7,5,1,0,0,0,0,0,0,3,11,0,56,4732,1168,1,50-59,3,Dormant / Disengaged Customers,1.3957966861078512,1.0577942846017205,1,0.9988113648599588,High-Value Store Customers
4769,1977,Master,Together,57954.0,1,1,2014-06-18,52,456,4,24,0,0,9,7,8,2,6,7,0,1,0,0,0,0,3,11,0,48,4459,493,2,40-49,2,High-Value Store Loyalists,0.2022818316728517,-0.5960466478425184,2,0.9861291671069533,Mid-Value Active Customers
4437,1962,Graduation,Married,65316.0,1,1,2013-04-24,65,112,6,92,3,9,38,2,3,2,5,4,0,0,0,0,0,0,3,11,0,63,4879,260,2,60-69,5,Low-Engagement Mature Customers,-0.017172093090328914,0.8946363807338873,2,0.999611143664502,Mid-Value Active Customers
8724,1982,Graduation,Single,28567.0,1,0,2013-06-17,57,11,3,22,2,2,6,2,2,0,3,6,0,0,0,0,0,0,3,11,0,43,4825,46,1,40-49,4,High-Value Omnichannel Customers,-1.8673658858017657,0.30503782861418866,0,0.9953253204818172,Low-Value Customers
10741,1951,Master,Together,47352.0,0,1,2013-04-11,70,172,12,112,8,0,15,4,6,1,5,7,0,0,0,0,0,0,3,11,0,74,4892,319,1,70+,5,Low-Engagement Mature Customers,-0.2331156201605421,0.43066291271291485,2,0.9984504389067765,Mid-Value Active Customers
1991,1967,Graduation,Together,44931.0,0,1,2014-01-18,0,78,0,11,0,0,7,1,2,1,3,5,0,0,0,0,0,0,3,11,0,58,4610,96,1,50-59,0,Recent Low-Value Customers,-1.1952380570036052,-1.1705750979736347,0,0.7745540285901056,Low-Value Customers
6931,1967,Graduation,Divorced,76982.0,0,0,2014-02-15,19,464,151,292,65,60,30,1,8,3,4,4,0,0,1,0,0,0,3,11,1,58,4582,1062,0,50-59,2,High-Value Store Loyalists,1.3235068625753825,-1.1018792134230726,1,0.8919670262814635,High-Value Store Customers
11096,1952,2n Cycle,Together,57247.0,0,1,2013-08-08,50,99,4,32,37,54,6,2,2,1,7,2,0,0,0,0,0,0,3,11,0,73,4773,232,1,70+,5,Low-Engagement Mature Customers,0.3920636850852993,0.8005332328548675,2,0.8947603111253313,Mid-Value Active Customers
304,1981,Master,Single,22944.0,1,0,2013-12-23,67,19,3,19,4,5,26,3,3,0,3,7,0,0,0,0,0,0,3,11,0,44,4636,76,1,40-49,4,High-Value Omnichannel Customers,-1.9541416725332628,0.38452528705940364,0,0.9970560119331051,Low-Value Customers
3665,1977,2n Cycle,Together,25315.0,1,0,2013-11-07,46,1,9,8,11,3,22,3,3,0,3,8,0,0,0,0,0,0,3,11,0,48,4682,54,1,40-49,0,Recent Low-Value Customers,-2.0386076944376015,-0.34104572593785526,0,0.9830954154302595,Low-Value Customers
10591,1969,Graduation,Widow,43638.0,0,1,2012-08-06,37,63,10,83,7,19,19,2,4,1,4,7,0,0,0,0,0,0,3,11,0,56,5140,201,1,50-59,0,Recent Low-Value Customers,-1.0421851955022972,-0.5245428886480099,2,0.9998457626779741,Mid-Value Active Customers
5036,1984,PhD,Single,42710.0,1,0,2012-11-28,38,252,3,42,4,3,102,2,4,5,3,6,0,0,0,0,0,0,3,11,0,41,5026,406,1,40-49,0,Recent Low-Value Customers,-1.0615827844022758,-0.5016206842123968,2,0.5186073594730244,Mid-Value Active Customers
5547,1982,PhD,Married,84169.0,0,0,2013-08-07,9,1478,19,403,0,19,0,1,7,6,6,3,0,1,1,0,0,0,3,11,1,43,4774,1919,0,40-49,3,Dormant / Disengaged Customers,2.308151111201302,-1.3881479153149874,1,0.9882374991238043,High-Value Store Customers
7822,1976,Graduation,Together,54058.0,0,1,2013-06-04,56,198,18,252,32,108,54,2,4,6,8,3,0,0,0,0,0,0,3,11,0,49,4838,662,1,40-49,3,Dormant / Disengaged Customers,0.6606229693703485,0.3798900146500223,1,0.9982531484059265,High-Value Store Customers
8541,1990,2n Cycle,Married,24683.0,1,0,2014-03-08,98,8,4,10,6,7,6,2,2,0,4,5,0,0,0,0,0,0,3,11,0,35,4561,41,1,30-39,4,High-Value Omnichannel Customers,-1.7319529258623516,1.5870736847502787,0,0.9988986272195919,Low-Value Customers
10955,1964,Graduation,Widow,85620.0,0,0,2014-01-07,68,416,46,925,60,107,46,1,3,6,4,1,0,0,0,0,0,0,3,11,1,61,4621,1600,0,60-69,1,High-Value At-Risk Customers,1.786764378785924,1.345887811718114,1,0.9991081624110318,High-Value Store Customers
4368,1980,Graduation,Married,47850.0,1,0,2013-12-03,72,42,7,43,20,12,10,1,3,0,4,6,0,0,0,0,0,0,3,11,0,45,4656,134,1,40-49,4,High-Value Omnichannel Customers,-1.1234571011247367,0.6970782099090281,2,0.9399265856842041,Mid-Value Active Customers
9671,1968,Graduation,Married,19514.0,1,1,2014-01-26,47,14,3,21,2,1,28,4,3,1,2,8,1,0,0,0,0,0,3,11,1,57,4602,69,2,50-59,0,Recent Low-Value Customers,-2.170756938849687,-0.2150520163848972,0,0.9463433159678137,Low-Value Customers
2256,1973,Master,Married,27159.0,1,1,2014-03-29,33,17,0,3,0,0,1,2,1,0,3,6,0,0,0,0,0,0,3,11,0,52,4540,21,2,50-59,0,Recent Low-Value Customers,-1.944121223060676,-0.24886385179738207,0,0.9891795984846921,Low-Value Customers
4279,1963,2n Cycle,Single,39548.0,1,1,2014-03-31,87,15,4,10,3,4,18,2,1,1,3,3,0,0,0,0,0,0,3,11,0,62,4538,54,2,60-69,4,High-Value Omnichannel Customers,-1.0853811811984257,1.9004692732765982,0,0.9838535032360506,Low-Value Customers
5371,1989,Graduation,Single,21474.0,1,0,2014-04-08,0,6,16,24,11,0,34,2,3,1,2,7,1,0,0,0,0,0,3,11,1,36,4530,91,1,30-39,0,Recent Low-Value Customers,-2.230122882937411,-1.7498018359361958,0,0.9686466126463203,Low-Value Customers
9240,1971,PhD,Single,60504.0,0,1,2014-02-07,73,458,0,24,6,4,34,2,6,2,8,6,0,0,0,0,0,0,3,11,0,54,4590,526,1,50-59,2,High-Value Store Loyalists,0.5366905651007758,0.4036126295965089,2,0.9734025460740678,Mid-Value Active Customers
9460,1963,Graduation,Married,22419.0,0,0,2013-04-18,74,30,3,47,19,21,42,1,3,2,2,8,0,0,0,0,0,0,3,11,0,62,4885,162,0,60-69,4,High-Value Omnichannel Customers,-1.9695893915895568,0.6733873331920142,2,0.9996073970277838,Mid-Value Active Customers
9504,1949,Master,Married,81698.0,0,0,2013-11-06,4,179,28,520,111,123,47,1,3,8,13,1,0,0,0,0,0,0,3,11,1,76,4683,1008,0,70+,1,High-Value At-Risk Customers,2.6922406059770445,-0.7075197175487671,1,0.9993940675643707,High-Value Store Customers
8692,1952,Graduation,Together,43462.0,1,1,2012-09-12,50,90,17,97,15,6,15,6,4,1,5,8,0,0,0,0,0,0,3,11,0,73,5103,240,2,70+,5,Low-Engagement Mature Customers,-0.8097746500150933,-0.10502897293388792,2,0.9988906376434102,Mid-Value Active Customers
448,1978,PhD,Single,54880.0,1,0,2013-03-01,57,308,85,137,102,45,118,2,6,2,11,5,0,0,0,0,0,0,3,11,0,47,4933,795,1,40-49,2,High-Value Store Loyalists,1.159212236812594,-0.13630763832792725,1,0.9905392364203319,High-Value Store Customers
8314,1982,Graduation,Married,79908.0,0,0,2013-04-05,30,557,129,761,29,185,111,1,5,6,7,2,0,0,1,0,0,0,3,11,0,43,4898,1772,0,40-49,3,Dormant / Disengaged Customers,2.1436305112921987,-0.42982324948932815,1,0.9960269566430334,High-Value Store Customers
8420,1970,2n Cycle,Married,15315.0,0,0,2013-08-03,27,7,4,13,15,8,17,2,2,0,4,5,0,0,0,0,0,0,3,11,0,55,4778,64,0,50-59,0,Recent Low-Value Customers,-1.663247430549162,-0.45145478003564954,0,0.999995458473507,Low-Value Customers
3174,1959,Graduation,Together,87771.0,0,1,2013-05-22,61,1492,38,287,50,57,33,1,5,10,4,6,0,1,1,1,1,0,3,11,1,66,4851,1957,1,60-69,1,High-Value At-Risk Customers,1.6836328110715806,0.3631168751190735,3,0.9999999730219237,High-Value Omnichannel Customers
7685,1978,Graduation,Married,33039.0,1,0,2013-09-09,4,30,8,12,8,8,12,1,2,0,4,5,0,0,0,0,0,0,3,11,0,47,4741,78,1,40-49,0,Recent Low-Value Customers,-1.4216333245455108,-1.2004240994411197,0,0.9926761313537051,Low-Value Customers
3179,1980,Graduation,Single,81741.0,0,0,2013-06-16,75,249,153,940,58,134,38,0,6,6,7,2,0,0,0,0,0,0,3,11,0,45,4826,1572,0,40-49,3,Dormant / Disengaged Customers,2.1784735536552584,0.8877880288206987,1,0.9885179190404172,High-Value Store Customers
9780,1971,Master,Together,71499.0,0,1,2013-06-25,12,465,25,132,136,0,37,2,8,3,13,4,0,0,0,0,0,0,3,11,0,54,4817,795,1,50-59,2,High-Value Store Loyalists,2.2565707197942744,-1.5788530976797461,1,0.9718125317120033,High-Value Store Customers
10681,1970,2n Cycle,Married,62466.0,0,1,2014-01-15,13,129,129,259,168,121,83,5,6,3,12,4,0,0,0,0,0,0,3,11,0,55,4613,889,1,50-59,2,High-Value Store Loyalists,1.7669929177791983,-1.3199043287619874,1,0.9937827501176822,High-Value Store Customers
10232,1963,PhD,Divorced,48799.0,0,1,2013-11-05,9,174,18,81,28,6,24,3,3,2,7,3,0,0,0,0,0,0,3,11,0,62,4684,331,1,60-69,5,Low-Engagement Mature Customers,0.15046810524784168,-0.8244237554172062,2,0.9590351101701168,Mid-Value Active Customers
4184,1950,PhD,Together,52157.0,0,1,2014-06-07,48,189,2,29,3,2,40,2,3,2,5,4,0,0,0,0,0,0,3,11,0,75,4470,265,1,70+,5,Low-Engagement Mature Customers,-0.11850745656120838,0.4492538713828677,2,0.9974608828257445,Mid-Value Active Customers
9120,1962,Graduation,Single,66565.0,0,1,2012-12-05,80,747,10,161,65,40,42,4,4,2,9,8,0,0,0,0,0,0,3,11,0,63,5019,1065,1,60-69,2,High-Value Store Loyalists,0.789330739004163,0.6596225460242146,3,0.9999999999997122,High-Value Omnichannel Customers
891,1951,Master,Together,29298.0,1,1,2013-09-07,60,6,0,2,2,0,1,1,1,0,2,5,0,0,0,0,0,0,3,11,0,74,4743,11,2,70+,5,Low-Engagement Mature Customers,-1.6285776987877374,0.9424938883233095,0,0.9631305174638464,Low-Value Customers
10381,1979,Graduation,Single,47691.0,0,1,2013-07-05,43,14,0,3,0,0,4,1,1,0,2,6,0,0,0,0,0,0,3,11,0,46,4807,21,1,40-49,0,Recent Low-Value Customers,-1.7742029321111235,0.07648001973266846,0,0.9622875944204959,Low-Value Customers
3525,1970,Graduation,Together,38200.0,1,1,2012-12-07,19,12,0,4,0,0,1,1,1,0,2,7,0,0,0,0,0,0,3,11,0,55,5017,17,2,50-59,0,Recent Low-Value Customers,-2.006432489562298,-0.7230310041002235,0,0.9780508430499166,Low-Value Customers
6818,1974,Graduation,Married,44989.0,0,1,2012-09-12,26,98,0,106,49,10,106,5,5,1,5,6,0,0,0,0,0,0,3,11,0,51,5103,369,1,50-59,0,Recent Low-Value Customers,-0.5066249030161165,-0.9315179296024891,2,0.9989513425067621,Mid-Value Active Customers
3526,1968,PhD,Married,38443.0,1,1,2014-01-27,58,32,0,5,0,0,1,2,1,0,3,7,0,0,0,0,0,0,3,11,0,57,4601,38,2,50-59,4,High-Value Omnichannel Customers,-1.803760303759926,0.48184370995385245,0,0.9876593331599022,Low-Value Customers
8181,1978,2n Cycle,Single,38593.0,1,0,2013-09-13,42,51,12,49,17,24,24,3,4,1,3,8,0,0,0,0,0,0,3,11,0,47,4737,177,1,40-49,0,Recent Low-Value Customers,-1.5655515920615568,-0.5575198231536413,2,0.9996580619619858,Mid-Value Active Customers
1029,1970,PhD,Together,64413.0,0,1,2013-08-01,27,200,5,44,0,10,20,1,5,1,5,5,0,0,0,0,0,0,3,11,0,55,4780,279,1,50-59,5,Low-Engagement Mature Customers,-0.014061565012387941,-0.6981233219875288,2,0.9978278846810518,Mid-Value Active Customers
7369,1981,Master,Married,36959.0,1,0,2013-10-02,56,25,6,25,6,0,0,2,2,0,3,8,0,0,0,0,0,0,3,11,0,44,4718,62,1,40-49,0,Recent Low-Value Customers,-1.9917648558588708,0.06720483469692662,0,0.9871308416984116,Low-Value Customers
2574,1977,PhD,Married,61996.0,0,1,2013-01-31,27,1050,12,144,0,0,24,3,6,4,8,5,0,1,0,1,1,0,3,11,1,48,4962,1230,1,40-49,3,Dormant / Disengaged Customers,1.2268664298493606,-0.9838939735372915,1,0.9480716537471512,High-Value Store Customers
8159,1968,Graduation,Married,51287.0,1,1,2014-04-01,10,117,0,22,13,0,30,3,4,1,3,7,0,0,0,0,0,0,3,11,0,57,4537,182,2,50-59,0,Recent Low-Value Customers,-1.0549141270528728,-1.3108370950275752,2,0.9995887712572505,Mid-Value Active Customers
1160,1970,Graduation,Married,13260.0,1,1,2013-08-23,48,9,4,17,10,2,7,4,3,0,3,8,0,0,0,0,0,0,3,11,0,55,4758,49,2,50-59,0,Recent Low-Value Customers,-2.1836693708014456,-0.2406764235534837,0,0.9992354434951853,Low-Value Customers
10242,1966,PhD,Together,47472.0,1,1,2013-09-16,39,56,0,11,0,0,8,2,2,0,4,5,0,0,0,0,0,0,3,11,0,59,4734,75,2,50-59,5,Low-Engagement Mature Customers,-0.9969436328074273,0.0316107009274924,0,0.8315376618159281,Low-Value Customers
5253,1956,Master,Together,54603.0,1,1,2013-07-09,85,145,13,46,17,2,4,6,4,2,4,7,0,0,0,0,0,0,3,11,0,69,4803,227,2,60-69,4,High-Value Omnichannel Customers,-0.6426909649176565,1.1114871252910763,2,0.9995859138533267,Mid-Value Active Customers
5966,1974,PhD,Married,45207.0,1,1,2012-11-10,64,203,0,10,0,0,2,5,3,1,6,6,0,1,0,0,0,0,3,11,0,51,5044,215,2,50-59,4,High-Value Omnichannel Customers,-0.7421916110203659,0.44757867174686816,2,0.9998258922978288,Mid-Value Active Customers
5314,1951,Graduation,Together,40689.0,0,1,2013-03-18,69,270,3,27,39,6,99,7,7,1,5,8,0,0,0,0,0,0,3,11,0,74,4916,444,1,70+,2,High-Value Store Loyalists,-0.27445453363563516,0.15368718507313053,2,0.996971263541025,Mid-Value Active Customers
5081,1967,2n Cycle,Together,47821.0,1,1,2013-10-20,54,9,0,16,6,6,10,1,1,0,3,8,0,0,0,0,0,0,3,11,0,58,4700,47,2,50-59,4,High-Value Omnichannel Customers,-1.7624250599619888,0.27077314659323465,0,0.9996169320247915,Low-Value Customers
5123,1951,Master,Married,27450.0,0,0,2013-04-15,57,37,12,23,8,11,52,1,2,1,3,7,0,0,0,0,0,0,3,11,0,74,4888,143,0,70+,5,Low-Engagement Mature Customers,-1.5820317307160332,0.4724864820244711,2,0.9998085845894297,Mid-Value Active Customers
5756,1983,Graduation,Together,39453.0,1,0,2014-04-03,64,46,0,7,0,0,2,2,2,0,3,6,0,0,0,0,0,0,3,11,0,42,4535,55,1,40-49,4,High-Value Omnichannel Customers,-1.6653261051571429,0.5374986449042833,0,0.9663441453474089,Low-Value Customers
8036,1971,2n Cycle,Together,26850.0,1,1,2014-04-18,10,31,1,13,7,2,9,4,2,1,4,4,0,0,0,0,0,0,3,11,0,54,4520,63,2,50-59,0,Recent Low-Value Customers,-1.30983757368143,-0.8447580335937633,0,0.9999740260947199,Low-Value Customers
9058,1955,Graduation,Widow,79800.0,0,0,2012-09-23,65,1060,21,530,32,0,224,1,5,11,5,3,1,0,1,1,0,0,3,11,1,70,5092,1867,0,60-69,1,High-Value At-Risk Customers,2.115035509556906,0.8375443189898026,1,0.9895735854046821,High-Value Store Customers
5057,1961,Master,Married,61794.0,0,1,2013-09-14,74,264,47,188,54,47,11,2,4,4,10,2,0,0,0,0,0,0,3,11,0,64,4736,611,1,60-69,1,High-Value At-Risk Customers,1.396433962910128,1.167483547942409,1,0.9858630829378431,High-Value Store Customers
254,1955,Graduation,Together,53863.0,0,1,2014-05-17,4,399,4,30,6,4,30,3,7,1,7,7,0,1,0,0,0,0,3,11,0,70,4491,473,1,60-69,2,High-Value Store Loyalists,0.37745862820886755,-1.80362724701786,2,0.9951645696288283,Mid-Value Active Customers
4179,1959,Graduation,Together,24221.0,0,0,2013-08-20,94,8,9,9,2,5,22,1,1,1,3,4,0,0,0,0,0,0,3,11,0,66,4761,55,0,60-69,4,High-Value Omnichannel Customers,-1.4761332552896576,2.0028373427971697,0,0.9980782199860244,Low-Value Customers
3710,1984,PhD,Single,39684.0,1,0,2012-10-12,41,19,0,35,6,4,17,2,2,1,2,7,0,0,0,0,0,1,3,11,1,41,5073,81,1,40-49,0,Recent Low-Value Customers,-1.9569300619012049,-0.2792662945266705,0,0.8664945864665233,Low-Value Customers
7627,1975,Master,Married,92163.0,0,0,2012-12-12,25,817,183,797,106,163,20,0,5,11,5,2,0,0,1,1,0,0,3,11,1,50,5012,2086,0,40-49,3,Dormant / Disengaged Customers,2.431532720546746,-0.4535421028472074,1,0.9910109496500883,High-Value Store Customers
4501,1965,Master,Single,69882.0,0,0,2013-11-10,94,292,127,635,132,127,165,1,3,7,9,1,0,0,0,0,0,0,3,11,0,60,4679,1478,0,50-59,1,High-Value At-Risk Customers,2.1112661257832075,1.9902548526023018,1,0.9993337825792998,High-Value Store Customers
6424,1977,Graduation,Together,33178.0,1,0,2014-01-30,9,12,6,2,11,2,16,1,1,0,3,4,0,0,0,0,0,0,3,11,0,48,4598,49,1,40-49,0,Recent Low-Value Customers,-1.554637117753537,-0.7837870342168192,0,0.997573068668469,Low-Value Customers
3075,1972,PhD,Married,59973.0,0,0,2013-09-11,47,130,30,168,20,34,0,1,3,4,7,1,0,0,0,0,0,0,3,11,0,53,4739,382,0,50-59,3,Dormant / Disengaged Customers,0.611519406862102,0.5292846985614563,2,0.8859822861625131,Mid-Value Active Customers
4992,1975,Master,Together,17459.0,1,0,2013-09-19,12,6,4,16,3,10,30,3,3,1,2,7,0,0,0,0,0,0,3,11,1,50,4731,69,1,40-49,0,Recent Low-Value Customers,-2.1501667107381124,-1.2544315932080898,0,0.99709684604739,Low-Value Customers
5252,1969,Graduation,Divorced,23910.0,1,0,2012-10-26,80,16,12,18,7,1,13,1,2,0,3,7,0,0,0,0,0,0,3,11,0,56,5059,67,1,50-59,4,High-Value Omnichannel Customers,-1.926435902287192,1.0121454880581706,0,0.9893143837870437,Low-Value Customers
7444,1969,Master,Married,42169.0,1,1,2013-10-19,20,19,0,9,0,0,2,2,1,0,3,8,0,0,0,0,0,0,3,11,0,56,4701,30,2,50-59,0,Recent Low-Value Customers,-1.9164147087754437,-0.815699691111977,0,0.9961037470519731,Low-Value Customers
6919,1978,2n Cycle,Married,26224.0,1,0,2013-06-04,39,4,7,15,13,9,15,3,2,1,3,6,0,0,0,0,0,0,3,11,0,47,4838,63,1,40-49,0,Recent Low-Value Customers,-1.852997100866372,-0.22212091198276196,0,0.9973897460872488,Low-Value Customers
3537,1981,Graduation,Together,31089.0,1,0,2012-08-17,57,31,3,31,2,8,4,3,3,0,4,8,0,0,0,0,0,0,3,11,0,44,5129,79,1,40-49,4,High-Value Omnichannel Customers,-1.809065421713197,-0.04909173652052701,0,0.9348556168694994,Low-Value Customers
10277,1961,Graduation,Single,30081.0,0,1,2013-02-21,27,36,0,2,0,0,4,1,1,0,3,7,0,0,0,0,0,0,3,11,0,64,4941,42,1,60-69,5,Low-Engagement Mature Customers,-1.8803811760048574,-0.43401295009415974,0,0.9814623932424597,Low-Value Customers
2453,1960,Graduation,Together,62807.0,0,1,2012-08-31,83,526,28,135,10,21,99,3,5,3,12,5,0,0,0,0,0,0,3,11,0,65,5115,819,1,60-69,1,High-Value At-Risk Customers,1.568140580475562,0.9415657878370096,1,0.9632910867330443,High-Value Store Customers
7972,1955,Graduation,Single,72906.0,0,0,2013-09-17,79,400,32,519,71,75,54,1,3,4,9,1,0,0,0,0,0,0,3,11,0,70,4733,1151,0,60-69,1,High-Value At-Risk Customers,2.0106375349841645,1.6365476887224453,1,0.9998541091197898,High-Value Store Customers
895,1948,PhD,Married,61467.0,0,2,2012-12-09,69,410,16,114,0,5,49,3,5,2,10,5,0,0,0,0,0,0,3,11,0,77,5015,594,2,70+,1,High-Value At-Risk Customers,1.2045159301880348,0.6728149888293122,1,0.9349099656121943,High-Value Store Customers
1177,1966,Master,Together,49618.0,1,1,2013-01-26,77,80,3,26,4,2,14,4,3,1,3,7,0,0,0,0,0,0,3,11,0,59,4967,129,2,50-59,4,High-Value Omnichannel Customers,-1.2218334309874974,0.8947049966430666,2,0.8936137293613386,Mid-Value Active Customers
7141,1986,Master,Single,21888.0,1,0,2012-12-29,15,88,10,46,2,3,64,4,5,1,2,10,0,0,0,0,0,0,3,11,1,39,4995,213,1,30-39,0,Recent Low-Value Customers,-2.2749808840762102,-1.8295453712922498,2,0.9952462574284981,Mid-Value Active Customers
7232,1973,Graduation,Widow,42429.0,0,1,2014-02-11,99,55,0,6,2,0,4,2,1,1,3,5,0,0,0,0,0,0,3,11,0,52,4586,67,1,50-59,4,High-Value Omnichannel Customers,-1.446888133290309,1.950526510597903,0,0.9090208228602332,Low-Value Customers
8477,1956,Graduation,Divorced,26150.0,2,1,2013-03-11,61,5,1,13,3,5,1,1,1,0,3,7,0,0,0,0,0,0,3,11,0,69,4923,28,3,60-69,5,Low-Engagement Mature Customers,-1.896214722551033,0.6597724789218484,0,0.9755359471471612,Low-Value Customers
2457,1975,Basic,Married,30801.0,0,1,2012-10-26,23,8,4,5,15,2,11,2,1,0,3,7,0,0,0,0,0,0,3,11,0,50,5059,45,1,40-49,0,Recent Low-Value Customers,-2.0362606032944686,-0.6879287518158955,0,0.9874235057910471,Low-Value Customers
988,1965,Graduation,Married,81168.0,0,0,2014-05-07,84,410,0,592,147,22,22,1,6,4,7,3,0,0,0,1,0,0,3,11,0,60,4501,1193,0,50-59,1,High-Value At-Risk Customers,1.8797751663132618,1.2021301965556874,1,0.9846250704693056,High-Value Store Customers
7930,1969,Master,Single,26877.0,0,0,2013-08-19,74,101,13,76,20,18,40,2,3,1,6,6,0,0,0,0,0,0,3,11,0,56,4762,268,0,50-59,4,High-Value Omnichannel Customers,-0.9787474258820728,0.7611985952899258,2,0.9997781774923499,Mid-Value Active Customers
4587,1944,Master,Widow,45006.0,0,0,2013-07-18,90,162,25,53,16,0,10,1,3,1,7,3,0,0,0,0,0,0,3,11,0,81,4794,266,0,70+,5,Low-Engagement Mature Customers,0.27744060981422436,1.8616444530087404,2,0.8151286382733457,Mid-Value Active Customers
6682,1973,Basic,Married,18978.0,1,0,2012-12-11,41,2,8,1,4,7,15,1,1,0,3,8,0,0,0,0,0,0,3,11,0,52,5013,37,1,50-59,0,Recent Low-Value Customers,-2.3902075287259894,-0.25455537689018254,0,0.991148897612654,Low-Value Customers
6222,1967,Graduation,Married,22574.0,2,1,2013-10-28,28,25,0,8,2,0,2,2,2,0,3,7,0,0,0,0,0,0,3,11,0,58,4692,37,3,50-59,0,Recent Low-Value Customers,-1.9660542928252656,-0.5852491221253903,0,0.9956764443865511,Low-Value Customers
10299,1969,PhD,Single,48240.0,0,0,2012-11-09,73,389,91,248,64,49,41,3,6,3,13,5,0,0,0,0,0,0,3,11,1,56,5045,882,0,50-59,2,High-Value Store Loyalists,1.5132317417521999,0.3779756620258585,1,0.9898947620609675,High-Value Store Customers
3083,1974,Graduation,Married,45837.0,1,1,2013-07-26,88,215,13,87,17,17,24,5,6,2,5,7,0,0,0,0,0,0,3,11,0,51,4786,373,2,50-59,4,High-Value Omnichannel Customers,-0.49216689525776725,0.7683908411154098,2,0.999321393761689,Mid-Value Active Customers
8953,1965,Master,Single,35791.0,2,1,2013-05-06,94,27,0,5,0,0,3,2,1,0,3,8,0,0,0,0,0,0,3,11,0,60,4867,35,3,50-59,4,High-Value Omnichannel Customers,-1.96401531189762,1.5041050568425067,0,0.9956377120499241,Low-Value Customers
1503,1976,PhD,Together,162397.0,1,1,2013-06-03,31,85,1,16,2,1,2,0,0,0,1,1,0,0,0,0,0,0,3,11,0,49,4839,107,2,40-49,3,Dormant / Disengaged Customers,0.9808548188559328,0.7114492256431215,4,1.0,High-Potential Underengaged Customers
8650,1978,Graduation,Widow,54162.0,1,1,2013-03-18,31,5,6,10,6,5,10,1,1,0,3,4,0,0,0,0,0,0,3,11,0,47,4916,42,2,40-49,0,Recent Low-Value Customers,-1.1721601781607158,-0.0621015799861592,0,0.9031610632197765,Low-Value Customers
10862,1960,Master,Married,30522.0,0,1,2012-08-17,6,179,8,83,19,11,26,5,1,2,9,2,0,0,0,0,0,0,3,11,0,65,5129,326,1,60-69,5,Low-Engagement Mature Customers,0.018061636523675265,-0.6441416523372472,4,0.9888591374346416,High-Potential Underengaged Customers
2782,1961,PhD,Married,54456.0,0,1,2013-07-11,23,352,0,27,10,0,15,3,6,1,7,6,0,0,0,0,0,0,3,11,0,64,4801,404,1,60-69,2,High-Value Store Loyalists,0.28325943282018634,-1.0399670744146776,2,0.9891068750139713,Mid-Value Active Customers
6941,1971,Graduation,Single,31632.0,0,0,2013-07-14,92,17,8,12,11,15,32,1,2,1,2,7,0,0,0,0,0,0,3,11,0,54,4798,95,0,50-59,4,High-Value Omnichannel Customers,-1.9245876105152127,1.4068678347398758,2,0.6042690368579104,Mid-Value Active Customers
10972,1949,Graduation,Widow,72298.0,0,0,2014-03-10,52,625,35,169,58,17,35,1,4,3,6,1,0,1,1,0,0,0,3,11,0,76,4559,939,0,70+,1,High-Value At-Risk Customers,1.5820987105677966,0.824498569816862,1,0.9996977063413502,High-Value Store Customers
10708,1978,2n Cycle,Single,36975.0,1,0,2013-12-28,50,10,6,11,0,4,2,1,1,0,3,7,0,0,0,0,0,0,3,11,0,47,4631,33,1,40-49,0,Recent Low-Value Customers,-1.9597683764315907,0.13655414201450233,0,0.9849976930188058,Low-Value Customers
6583,1955,2n Cycle,Married,72635.0,0,0,2013-06-03,54,390,22,323,104,35,107,1,6,8,6,3,0,0,0,1,0,0,3,11,0,70,4839,981,0,60-69,1,High-Value At-Risk Customers,1.5089435736777308,0.37678221934291656,1,0.9951873432214351,High-Value Store Customers
3641,1976,Graduation,Married,13624.0,1,0,2013-01-20,93,10,2,15,2,1,6,2,2,0,3,6,0,0,0,0,0,0,3,11,0,49,4973,36,1,40-49,4,High-Value Omnichannel Customers,-2.0742956058773707,1.4449971246440467,0,0.9999287918779759,Low-Value Customers
10156,1975,Graduation,Single,84196.0,0,1,2013-06-03,56,215,63,507,231,31,190,1,8,4,7,3,0,0,0,0,0,0,3,11,0,50,4839,1237,1,40-49,3,Dormant / Disengaged Customers,2.1099958350362575,0.0265367177129337,1,0.85520065110546,High-Value Store Customers
4299,1960,Graduation,Together,70971.0,0,1,2012-09-21,28,1001,17,572,93,125,17,7,11,11,5,7,0,0,0,0,0,0,3,11,1,65,5094,1825,1,60-69,2,High-Value Store Loyalists,2.023976502184669,-1.5003713773176814,1,0.9597881435595359,High-Value Store Customers
3469,1977,PhD,Divorced,34487.0,1,1,2012-09-06,94,19,18,33,24,1,8,3,3,0,3,9,0,0,0,0,0,0,3,11,0,48,5109,103,2,40-49,4,High-Value Omnichannel Customers,-1.9660295621739716,1.0507917335614914,0,0.9024328417056192,Low-Value Customers
5063,1977,Graduation,Single,28769.0,1,0,2012-12-18,76,41,5,129,10,3,3,3,4,1,4,9,0,0,0,0,0,0,3,11,0,48,5006,191,1,40-49,4,High-Value Omnichannel Customers,-1.7255834750596244,0.34262826170023014,2,0.9990602086509817,Mid-Value Active Customers
10727,1970,PhD,Married,69084.0,1,0,2013-11-19,43,1181,107,199,39,30,30,2,7,3,13,8,0,0,0,0,0,0,3,11,0,55,4670,1586,1,50-59,2,High-Value Store Loyalists,2.1500608926516502,-1.0003987712937297,3,0.9999856521005495,High-Value Omnichannel Customers
9624,1958,PhD,Together,65488.0,0,0,2014-06-13,46,603,45,207,36,18,54,1,3,4,6,1,0,0,0,0,0,0,3,11,0,67,4464,963,0,60-69,1,High-Value At-Risk Customers,1.229978915464041,0.6465098650554942,1,0.9998034927193536,High-Value Store Customers
5156,1970,2n Cycle,Married,62466.0,0,1,2014-01-15,13,129,129,259,168,121,83,5,6,3,12,4,0,0,0,0,0,0,3,11,0,55,4613,889,1,50-59,2,High-Value Store Loyalists,1.7669929177791983,-1.3199043287619874,1,0.9937827501176822,High-Value Store Customers
4376,1960,2n Cycle,Single,32218.0,0,0,2014-02-15,27,10,24,15,13,1,30,1,2,1,3,7,1,0,0,0,0,0,3,11,1,65,4582,93,0,60-69,5,Low-Engagement Mature Customers,-1.6521901749865677,-0.5305401270003639,0,0.8098206335450263,Low-Value Customers
8923,1973,Graduation,Single,83917.0,0,0,2013-04-18,12,514,22,732,42,198,79,1,6,7,7,3,0,0,0,0,0,0,3,11,1,52,4885,1587,0,50-59,3,Dormant / Disengaged Customers,2.14716717435946,-1.1150831510488244,1,0.9790960004983036,High-Value Store Customers
8461,1962,Graduation,Divorced,46102.0,2,1,2014-03-10,3,14,0,1,0,0,1,1,1,0,2,7,0,0,0,0,0,0,3,11,0,63,4559,16,3,60-69,5,Low-Engagement Mature Customers,-1.7651165284164427,-1.1265806268299356,0,0.9833229967468832,Low-Value Customers
6945,1952,Graduation,Single,84574.0,0,0,2013-06-04,72,387,20,713,38,54,163,1,9,11,11,5,0,0,0,0,0,0,3,11,0,73,4838,1375,0,70+,1,High-Value At-Risk Customers,2.9265652014545127,0.2939433024062821,1,0.8761771668198053,High-Value Store Customers
944,1962,Graduation,Married,56181.0,0,1,2013-01-08,6,121,103,69,8,44,48,1,4,2,7,4,0,0,0,0,0,0,3,11,0,63,4985,393,1,60-69,5,Low-Engagement Mature Customers,0.3319686113850641,-1.1198660971380525,2,0.9739369106456423,Mid-Value Active Customers
1907,1950,Master,Divorced,63120.0,0,1,2012-09-28,53,965,69,279,54,41,69,5,8,4,9,7,0,0,0,0,0,0,3,11,1,75,5087,1477,1,70+,2,High-Value Store Loyalists,1.896260940501479,-0.40669957765990794,1,0.6784508219162544,High-Value Store Customers
701,1971,Graduation,Married,73691.0,0,1,2013-11-06,58,707,21,250,85,43,73,2,6,2,8,2,1,0,0,0,0,0,3,11,0,54,4683,1179,1,50-59,3,Dormant / Disengaged Customers,1.9468825036034965,0.4152822867247931,1,0.9832749784935141,High-Value Store Customers
3856,1960,Graduation,Together,63381.0,0,1,2012-10-05,78,571,50,142,33,50,159,4,4,5,13,2,0,0,0,0,0,0,3,11,0,65,5080,1005,1,60-69,1,High-Value At-Risk Customers,2.2090459562200913,1.2181929934238347,1,0.9993777411544484,High-Value Store Customers
4149,1948,PhD,Together,76140.0,0,0,2014-05-13,57,586,66,653,17,0,26,1,5,9,6,2,0,0,0,0,0,0,3,11,0,77,4495,1348,0,70+,1,High-Value At-Risk Customers,1.9916269836416018,0.7573931422133569,1,0.9985802532746455,High-Value Store Customers
2131,1959,PhD,Divorced,62859.0,0,1,2012-12-30,37,1063,89,102,16,12,25,4,9,4,6,6,0,0,0,0,0,0,3,11,0,66,4994,1307,1,60-69,2,High-Value Store Loyalists,1.4832884659334744,-0.9012251647245798,1,0.941061062309745,High-Value Store Customers
2942,1964,Graduation,Single,45906.0,0,1,2013-05-07,20,305,3,27,4,3,144,2,5,4,4,5,1,0,0,0,0,0,3,11,0,61,4866,486,1,60-69,5,Low-Engagement Mature Customers,-0.2621326646743631,-0.8841968439746937,1,0.8180808759537733,High-Value Store Customers
1173,1947,Master,Together,77632.0,0,0,2013-03-10,73,1200,105,758,0,42,147,1,4,2,6,2,0,1,1,0,0,0,3,11,1,78,4924,2252,0,70+,1,High-Value At-Risk Customers,2.665444785000479,1.344851942846589,1,0.9968330888046744,High-Value Store Customers
4381,1971,PhD,Married,46463.0,1,1,2013-08-18,56,163,2,40,8,11,11,7,3,1,6,6,0,0,0,0,0,0,3,11,0,54,4763,235,2,50-59,4,High-Value Omnichannel Customers,-0.6671672256018152,0.22956761447868385,2,0.9998354371790432,Mid-Value Active Customers
4611,1970,Graduation,Together,105471.0,0,0,2013-01-21,36,1009,181,104,202,21,207,0,9,8,13,3,0,0,1,1,0,0,3,11,1,55,4972,1724,0,50-59,3,Dormant / Disengaged Customers,3.984118360536995,-0.7704260280299426,3,0.9452169035908614,High-Value Omnichannel Customers
3376,1970,Master,Divorced,55282.0,1,0,2013-12-13,9,125,6,73,8,4,19,1,3,1,6,4,0,0,0,0,0,0,3,11,0,55,4646,235,1,50-59,5,Low-Engagement Mature Customers,-0.19358281915047293,-0.9650514779532087,2,0.9973694010067005,Mid-Value Active Customers
4679,1977,Master,Married,78710.0,0,1,2014-05-23,42,721,0,152,119,50,50,3,7,6,12,4,0,0,0,0,0,0,3,11,0,48,4485,1092,1,40-49,3,Dormant / Disengaged Customers,2.298688202337272,-0.5642671660533388,1,0.964212392062009,High-Value Store Customers
10928,1958,Graduation,Together,66886.0,0,1,2013-09-16,28,315,4,62,41,31,146,2,7,1,7,5,0,0,0,0,0,0,3,11,0,67,4734,599,1,60-69,2,High-Value Store Loyalists,1.0061142613099805,-0.8265740628194773,2,0.8076532187868857,Mid-Value Active Customers
4248,1960,Master,Single,98777.0,0,0,2014-02-17,23,1000,19,711,125,115,38,0,4,6,9,1,0,1,0,0,0,0,3,11,0,65,4580,2008,0,60-69,1,High-Value At-Risk Customers,3.277013247311318,-0.22799296613618444,1,0.9497729933555805,High-Value Store Customers
6728,1985,Graduation,Together,29103.0,1,0,2012-08-27,38,16,0,17,6,3,6,2,1,0,3,9,0,0,0,0,0,0,3,11,0,40,5119,48,1,30-39,0,Recent Low-Value Customers,-2.491570824765315,-0.5548629527008448,0,0.9977497988019839,Low-Value Customers
6661,1974,Graduation,Married,67445.0,0,1,2012-08-12,63,757,80,217,29,80,11,5,9,6,12,6,0,0,0,0,0,0,3,11,0,51,5134,1174,1,50-59,2,High-Value Store Loyalists,2.155795946814717,-0.3656714497139841,1,0.9802355405616069,High-Value Store Customers
4725,1950,PhD,Together,50616.0,0,1,2014-04-13,71,30,2,25,0,1,9,1,1,1,4,2,0,0,0,0,0,0,3,11,0,75,4525,67,1,70+,5,Low-Engagement Mature Customers,-0.4120075038610817,1.6436408089795809,0,0.8349648710286866,Low-Value Customers
3277,1955,Graduation,Divorced,49431.0,0,1,2012-08-03,9,219,3,100,26,0,17,2,7,1,5,8,0,0,0,0,0,0,3,11,0,70,5143,365,1,60-69,5,Low-Engagement Mature Customers,-0.24109734399293725,-1.7236064781183753,2,0.9960004469670923,Mid-Value Active Customers
5555,1975,Graduation,Divorced,153924.0,0,0,2014-02-07,81,1,1,1,1,1,1,0,0,0,0,0,0,0,0,0,0,0,3,11,0,50,4590,6,0,40-49,3,Dormant / Disengaged Customers,0.7696594974392248,2.3986955215218164,4,1.0,High-Potential Underengaged Customers
2564,1953,Graduation,Together,61278.0,0,1,2014-01-04,87,111,3,28,2,6,15,2,3,1,4,6,0,0,0,0,0,0,3,11,0,72,4624,165,1,70+,5,Low-Engagement Mature Customers,-0.511128236514651,1.4455038797176132,2,0.9995841861865103,Mid-Value Active Customers
946,1958,2n Cycle,Together,26490.0,0,0,2012-09-22,92,45,47,52,21,20,25,2,3,1,5,6,0,0,0,0,0,0,3,11,0,67,5093,210,0,60-69,4,High-Value Omnichannel Customers,-1.0417083554484248,1.4485136067673428,2,0.9998865533304541,Mid-Value Active Customers
3867,1947,PhD,Together,73059.0,0,1,2013-08-31,36,410,112,420,0,82,71,1,9,3,13,4,0,0,0,0,0,0,3,11,0,78,4750,1095,1,70+,1,High-Value At-Risk Customers,2.970886369624549,-0.7245626204993502,1,0.9530222994867652,High-Value Store Customers
6940,1966,PhD,Single,46734.0,1,2,2013-10-21,86,100,1,39,6,1,76,4,3,2,3,6,1,0,0,0,0,0,3,11,0,59,4699,223,3,50-59,4,High-Value Omnichannel Customers,-1.0406275650318235,1.2816550946761163,2,0.9998848414022876,Mid-Value Active Customers
55,1963,Graduation,Together,56253.0,0,1,2012-12-07,83,509,0,65,7,11,5,4,7,2,9,6,0,0,0,0,0,0,3,11,0,62,5017,597,1,60-69,2,High-Value Store Loyalists,0.8953952980953064,0.6435539545737545,2,0.7025225215878937,Mid-Value Active Customers
7093,1985,Graduation,Married,19986.0,1,0,2013-11-14,74,3,6,5,0,2,6,1,0,0,3,7,0,0,0,0,0,0,3,11,0,40,4675,22,1,30-39,4,High-Value Omnichannel Customers,-2.500657037632799,0.8865043390066911,0,0.9705029845642726,Low-Value Customers
5084,1975,Graduation,Widow,58330.0,0,1,2013-12-25,87,445,53,213,104,98,151,1,6,4,13,4,0,0,0,0,0,0,3,11,0,50,4634,1064,1,40-49,3,Dormant / Disengaged Customers,1.9408043511675328,0.8904720911228895,1,0.9949611880608492,High-Value Store Customers
1777,1980,Basic,Married,25965.0,0,0,2012-09-07,29,2,2,11,41,7,11,1,2,0,3,8,0,0,0,0,0,0,3,11,0,45,5108,74,0,40-49,0,Recent Low-Value Customers,-2.183364836648008,-0.7870420312540635,0,0.9822804162548342,Low-Value Customers
8162,1956,Master,Together,14661.0,0,0,2013-01-01,88,4,1,11,6,2,2,1,1,0,3,6,0,0,0,0,0,0,3,11,0,69,4992,26,0,60-69,4,High-Value Omnichannel Customers,-1.953143571517841,1.589101614898642,0,0.9981194219740124,Low-Value Customers
10826,1959,Graduation,Married,18690.0,0,0,2012-12-28,77,6,1,7,23,4,19,1,1,1,2,8,0,0,0,0,0,0,3,11,0,66,4996,60,0,60-69,4,High-Value Omnichannel Customers,-2.3416849968712357,1.0170777747766133,0,0.9219159231416427,Low-Value Customers
8754,1974,PhD,Together,45068.0,0,1,2013-05-16,25,14,0,3,0,0,3,1,1,0,2,7,0,0,0,0,0,0,3,11,0,51,4857,20,1,50-59,0,Recent Low-Value Customers,-1.9219380160543882,-0.5587157513181283,0,0.9898686022856579,Low-Value Customers
1987,1987,Basic,Single,21063.0,1,0,2013-09-25,34,1,10,11,19,3,15,2,2,0,3,6,0,0,0,0,0,0,3,11,0,38,4725,59,1,30-39,0,Recent Low-Value Customers,-2.0646561428610473,-0.47337782368321696,0,0.9995024854041402,Low-Value Customers
11007,1968,PhD,Married,29187.0,1,0,2013-05-09,43,26,0,6,0,0,2,1,1,0,3,8,0,0,0,0,0,0,3,11,0,57,4864,34,1,50-59,0,Recent Low-Value Customers,-2.1390839612241743,-0.12216504633862692,0,0.9893207498698919,Low-Value Customers
7426,1971,2n Cycle,Married,54690.0,1,1,2013-11-07,76,111,16,37,7,9,18,3,3,1,5,3,0,0,0,0,0,0,3,11,0,54,4682,198,2,50-59,4,High-Value Omnichannel Customers,-0.22250298835099058,1.2469371041132198,2,0.9755294548390709,Mid-Value Active Customers
9153,1964,PhD,Married,59304.0,0,1,2013-07-29,81,418,61,428,80,51,10,3,7,8,10,5,0,0,0,0,0,0,3,11,0,61,4783,1048,1,60-69,2,High-Value Store Loyalists,1.6199373591746833,0.6566678706886299,1,0.990672571289253,High-Value Store Customers
10379,1962,Master,Single,59247.0,0,2,2013-11-08,87,327,9,122,19,14,83,5,5,2,9,6,0,0,0,0,0,0,3,11,0,63,4681,574,2,60-69,2,High-Value Store Loyalists,0.6800383495175059,1.0027942148277151,3,0.4300110638896356,High-Value Omnichannel Customers
9204,1970,Graduation,Widow,66731.0,0,1,2012-09-12,33,371,159,194,58,106,141,4,4,3,6,3,0,0,0,0,0,0,3,11,0,55,5103,1029,1,50-59,3,Dormant / Disengaged Customers,0.9841555049202146,-0.21280780744485608,1,0.9966443611241237,High-Value Store Customers
3197,1980,Graduation,Married,77353.0,0,1,2013-12-16,38,275,59,107,69,101,59,2,6,4,8,4,0,0,0,0,0,0,3,11,0,45,4643,670,1,40-49,3,Dormant / Disengaged Customers,1.163828005095959,-0.498898334339299,1,0.894871530226042,High-Value Store Customers
2920,1975,PhD,Single,52614.0,0,1,2012-12-01,63,789,0,142,12,9,38,2,2,4,8,8,0,0,0,0,0,0,3,11,0,50,5023,990,1,40-49,4,High-Value Omnichannel Customers,-0.11087936082610197,0.22310799103979512,3,0.9999999999999947,High-Value Omnichannel Customers
6961,1974,Graduation,Married,26751.0,2,0,2014-05-22,26,1,1,5,0,3,1,1,1,0,2,8,0,0,0,0,0,0,3,11,0,51,4486,11,2,50-59,0,Recent Low-Value Customers,-2.427780938362777,-0.6865910999388826,0,0.9823763327638532,Low-Value Customers
4673,1963,PhD,Married,81300.0,0,1,2012-10-30,17,1004,12,145,32,12,36,3,10,3,5,5,0,0,0,1,0,0,3,11,1,62,5055,1241,1,60-69,2,High-Value Store Loyalists,1.8614336304140355,-1.4825067145356972,1,0.6753074322330839,High-Value Store Customers
9937,1979,Graduation,Single,70337.0,0,0,2014-01-02,75,187,81,149,25,43,91,1,2,2,12,1,0,0,0,0,0,0,3,11,0,46,4626,576,0,40-49,3,Dormant / Disengaged Customers,1.4880573497349265,1.3372693618676526,1,0.9999705612986735,High-Value Store Customers
8779,1985,2n Cycle,Married,36145.0,1,0,2013-06-16,13,56,4,76,17,1,18,4,4,1,3,9,1,0,0,0,0,0,3,11,1,40,4826,172,1,30-39,0,Recent Low-Value Customers,-1.8627378466134068,-1.6461662702571738,2,0.9988451548871548,Mid-Value Active Customers
9596,1980,PhD,Single,65295.0,0,0,2013-12-23,19,365,32,117,34,110,6,1,3,3,13,2,0,0,0,0,0,0,3,11,0,45,4636,664,0,40-49,3,Dormant / Disengaged Customers,1.565205370836702,-0.6756775010486589,1,0.9997033954200881,High-Value Store Customers
2891,1963,Graduation,Divorced,68118.0,0,1,2013-10-18,51,595,23,123,10,23,154,2,8,9,4,6,0,0,0,0,0,0,3,11,0,62,4702,928,1,60-69,2,High-Value Store Loyalists,0.7932201667116663,-0.3214887944161969,1,0.7058150978460705,High-Value Store Customers
4910,1967,Graduation,Divorced,68743.0,0,0,2012-08-30,81,1132,134,384,175,134,115,1,11,5,13,7,0,0,0,0,0,0,3,11,0,58,5116,2074,0,50-59,2,High-Value Store Loyalists,3.2866029934950736,-0.12898135271896752,1,0.99053502146392,High-Value Store Customers
75,1982,2n Cycle,Together,41039.0,0,0,2013-07-25,32,34,11,137,179,61,45,1,8,1,5,8,0,0,0,0,0,0,3,11,0,43,4787,467,0,40-49,2,High-Value Store Loyalists,-0.5038233482037023,-1.3945744817984667,2,0.9827920882765732,Mid-Value Active Customers
10120,1955,Graduation,Together,38946.0,0,1,2013-10-24,84,116,6,82,6,6,41,2,3,1,6,5,0,0,0,0,0,0,3,11,0,70,4696,257,1,60-69,5,Low-Engagement Mature Customers,-0.43353948711421775,1.3482349624751928,2,0.998953109065232,Mid-Value Active Customers
6327,1967,Graduation,Together,65777.0,0,0,2013-12-19,87,565,32,435,28,32,54,1,2,8,6,1,0,0,0,0,0,0,3,11,0,58,4640,1146,0,50-59,1,High-Value At-Risk Customers,1.157775521365686,1.9382024407728418,1,0.9998875151604588,High-Value Store Customers
10142,1976,PhD,Divorced,66476.0,0,1,2013-03-07,99,372,18,126,47,48,78,2,5,2,11,4,0,0,0,0,0,0,3,11,0,49,4927,689,1,40-49,3,Dormant / Disengaged Customers,1.3445297135996825,1.4427168749794261,1,0.9963612111980689,High-Value Store Customers
9826,1972,PhD,Single,86857.0,0,0,2012-09-12,96,899,102,838,133,102,40,1,5,6,10,2,0,0,0,0,0,0,3,11,1,53,5103,2114,0,50-59,3,Dormant / Disengaged Customers,3.1393843813626563,1.6438573433888792,1,0.9853527169275167,High-Value Store Customers
1501,1982,PhD,Married,160803.0,0,0,2012-08-04,21,55,16,1622,17,3,4,15,0,28,1,0,0,0,0,0,0,0,3,11,0,43,5142,1717,0,40-49,3,Dormant / Disengaged Customers,2.386198152418084,0.4032826542814797,4,0.9999999999076596,High-Potential Underengaged Customers
10767,1989,PhD,Together,77845.0,0,0,2014-05-16,40,760,40,480,0,40,26,1,3,5,12,1,0,0,1,1,0,0,3,11,0,36,4492,1346,0,30-39,3,Dormant / Disengaged Customers,2.2800271784981514,0.03874624104396676,1,0.998776285637983,High-Value Store Customers
7279,1969,PhD,Together,69476.0,0,0,2013-09-30,3,260,86,559,63,9,67,1,4,6,4,2,0,0,0,0,0,0,3,11,0,56,4720,1044,0,50-59,3,Dormant / Disengaged Customers,0.9151245486802512,-0.9628850768780609,1,0.9988523212441184,High-Value Store Customers
7230,1960,PhD,Divorced,50611.0,0,1,2012-10-04,98,459,0,24,6,0,4,6,4,5,7,6,0,1,0,0,0,0,3,11,1,65,5081,493,1,60-69,4,High-Value Omnichannel Customers,0.05221934609038196,1.5037185551959835,2,0.837865132130798,Mid-Value Active Customers
143,1970,Graduation,Single,61209.0,0,0,2013-08-25,73,466,0,224,119,49,99,1,5,3,4,2,0,0,0,0,0,0,3,11,0,55,4756,957,0,50-59,3,Dormant / Disengaged Customers,0.8251112186786727,1.0756722026621042,1,0.9779513364808337,High-Value Store Customers
450,1958,Master,Together,42315.0,0,1,2013-07-12,90,67,15,80,17,11,80,3,1,4,4,3,0,0,0,0,0,0,3,11,0,67,4800,270,1,60-69,4,High-Value Omnichannel Customers,-0.6436156138997612,2.0150778346213194,2,0.927565701644895,Mid-Value Active Customers
9316,1952,Basic,Together,13084.0,0,0,2013-11-02,29,2,0,7,3,7,10,1,1,0,3,6,0,0,0,0,0,0,3,11,0,73,4687,29,0,70+,5,Low-Engagement Mature Customers,-1.9468912033128625,-0.20850606294811602,0,0.9993778696263204,Low-Value Customers
6379,1949,Master,Widow,47570.0,1,1,2013-05-29,3,67,1,20,0,2,31,3,2,2,2,7,0,0,0,0,0,0,3,11,1,76,4844,121,2,70+,5,Low-Engagement Mature Customers,-1.3574940546883856,-1.1139512579569981,2,0.9821765298127386,Mid-Value Active Customers
9239,1961,Master,Married,61923.0,0,2,2013-07-26,94,92,4,18,3,3,6,1,2,1,4,3,0,0,0,0,0,0,3,11,0,64,4786,126,2,60-69,4,High-Value Omnichannel Customers,-0.29887593592733463,2.0517925102327763,2,0.9871199865991779,Mid-Value Active Customers
8315,1995,Graduation,Single,34824.0,0,0,2014-03-26,65,4,2,11,2,0,4,1,1,0,2,6,0,0,0,0,0,0,3,11,0,30,4543,23,0,18-29,4,High-Value Omnichannel Customers,-2.204189081481054,0.5798772666391846,0,0.9352117925421796,Low-Value Customers
2868,1949,PhD,Single,26518.0,1,1,2013-04-08,33,20,1,28,3,3,2,3,2,0,3,8,0,0,0,0,0,0,3,11,1,76,4895,57,2,70+,5,Low-Engagement Mature Customers,-1.8078028161749975,-0.37031091839860075,0,0.9491958154017964,Low-Value Customers
10888,1961,Graduation,Single,45938.0,0,0,2013-11-03,46,273,11,178,62,83,29,2,8,4,6,6,0,0,0,0,0,0,3,11,0,64,4686,636,0,60-69,2,High-Value Store Loyalists,0.4443728020591186,-0.5471977343966118,2,0.5954390969797305,Mid-Value Active Customers
1277,1960,Graduation,Together,78468.0,0,0,2014-04-09,29,434,22,388,104,22,34,1,10,7,10,4,0,0,0,1,0,0,3,11,0,65,4529,1004,0,60-69,2,High-Value Store Loyalists,2.530856522565967,-1.0843870369715272,3,0.5108974896369025,High-Value Omnichannel Customers
9977,1973,Graduation,Divorced,78901.0,0,1,2013-09-17,99,321,11,309,33,26,34,3,9,3,5,4,0,0,0,0,0,0,3,11,0,52,4733,734,1,50-59,2,High-Value Store Loyalists,1.3093269949959,1.2074158593202007,3,0.516910540029394,High-Value Omnichannel Customers
10196,1978,Graduation,Married,71427.0,2,0,2014-03-12,26,212,123,177,15,64,23,2,8,2,8,4,0,0,0,0,0,0,3,11,0,47,4557,614,2,40-49,2,High-Value Store Loyalists,1.29194561629131,-1.082317243141981,2,0.7349810206706147,Mid-Value Active Customers
6384,1978,Graduation,Divorced,71022.0,0,1,2014-02-11,30,909,12,278,0,12,242,3,5,2,11,8,1,0,0,0,0,0,3,11,0,47,4586,1453,1,40-49,2,High-Value Store Loyalists,1.4162260557532351,-1.203269483267995,3,0.9999999999880114,High-Value Omnichannel Customers
8029,1988,Master,Single,90247.0,0,0,2014-04-29,27,1184,32,352,21,16,16,1,3,4,7,1,0,1,1,1,0,0,3,11,1,37,4509,1621,0,30-39,3,Dormant / Disengaged Customers,2.025145588425982,-0.21495685337005122,1,0.9952367321639916,High-Value Store Customers
968,1968,Master,Divorced,41335.0,1,0,2013-12-26,24,112,19,21,16,14,5,3,4,1,4,7,0,0,0,0,0,0,3,11,0,57,4633,187,1,50-59,0,Recent Low-Value Customers,-1.0885140805601181,-0.923476209094307,2,0.9998078528461474,Mid-Value Active Customers
6988,1986,Graduation,Married,71952.0,1,0,2013-01-10,93,656,80,455,52,107,93,2,8,4,8,4,1,0,1,0,0,0,3,11,0,39,4983,1443,1,30-39,3,Dormant / Disengaged Customers,1.9205887489474571,0.8951558957009368,1,0.9692917507235496,High-Value Store Customers
4472,1970,PhD,Divorced,35682.0,1,0,2014-06-27,34,23,0,8,6,2,18,1,1,1,3,2,0,0,0,0,0,0,3,11,0,55,4450,57,1,50-59,5,Low-Engagement Mature Customers,-1.1010463295863673,0.29811387955030505,0,0.9996472353290853,Low-Value Customers
6991,1951,Graduation,Divorced,43185.0,0,1,2013-04-10,88,537,6,42,16,6,30,2,9,3,6,8,0,0,0,0,0,0,3,11,0,74,4893,637,1,70+,2,High-Value Store Loyalists,0.35152362480498367,0.5001589784931235,2,0.8747302262864686,Mid-Value Active Customers
3336,1948,PhD,Together,66375.0,0,1,2013-11-21,96,712,0,45,0,0,191,3,2,4,5,7,1,0,0,0,0,0,3,11,0,77,4668,948,1,70+,5,Low-Engagement Mature Customers,0.1674185186554844,1.723867197464698,3,0.9999999999999876,High-Value Omnichannel Customers
4301,1971,Master,Married,35178.0,1,0,2013-01-10,10,23,1,13,2,2,18,1,1,1,2,7,1,0,0,0,0,0,3,11,1,54,4983,59,1,50-59,0,Recent Low-Value Customers,-2.0424475872430143,-1.020120227270112,0,0.9808482913544091,Low-Value Customers
1940,1986,Graduation,Married,25252.0,1,0,2013-07-12,26,1,3,4,2,2,6,1,1,0,2,8,0,0,0,0,0,0,3,11,0,39,4800,18,1,30-39,0,Recent Low-Value Customers,-2.596578229980203,-0.8027918593489795,0,0.9893409950360198,Low-Value Customers
1272,1965,Master,Single,55250.0,0,1,2012-10-21,49,664,58,83,32,0,66,4,7,5,10,5,0,0,0,0,0,0,3,11,0,60,5064,903,1,50-59,2,High-Value Store Loyalists,1.4008344006710796,-0.3503036459632486,1,0.98583481290387,High-Value Store Customers
1388,1975,Graduation,Single,33249.0,1,0,2013-02-20,11,6,10,21,19,14,42,2,2,1,3,6,0,0,0,0,0,0,3,11,0,50,4942,112,1,40-49,0,Recent Low-Value Customers,-1.6502080138716826,-1.048770795239474,2,0.514485074173777,Mid-Value Active Customers
1044,1953,Graduation,Together,58398.0,0,0,2013-05-14,44,299,5,201,21,21,49,3,5,4,8,4,0,0,0,0,0,0,3,11,0,72,4859,596,0,70+,1,High-Value At-Risk Customers,0.943191326709274,0.00884204199374332,1,0.8954177789876344,High-Value Store Customers
6969,1982,Graduation,Together,50272.0,1,0,2013-08-07,75,99,13,66,43,8,4,3,4,1,5,7,0,0,0,0,0,0,3,11,0,43,4774,233,1,40-49,4,High-Value Omnichannel Customers,-0.8933665485175982,0.5228375192993044,2,0.9993803809002598,Mid-Value Active Customers
10479,1975,PhD,Married,76618.0,0,0,2012-12-07,64,749,40,294,121,160,147,1,3,2,5,1,0,0,0,0,0,0,3,11,0,50,5017,1511,0,40-49,3,Dormant / Disengaged Customers,1.5527963422731577,1.0767474760364357,1,0.9995661808022757,High-Value Store Customers
3619,1960,2n Cycle,Divorced,87305.0,0,0,2012-09-23,19,345,25,501,63,138,80,1,5,3,8,2,0,0,1,0,0,0,3,11,1,65,5092,1152,0,60-69,1,High-Value At-Risk Customers,2.171583184800944,-0.551101924354562,1,0.9870109189435538,High-Value Store Customers
1715,1978,Graduation,Together,25851.0,1,0,2013-02-11,45,9,4,18,7,5,5,2,2,0,3,7,0,0,0,0,0,0,3,11,0,47,4951,48,1,40-49,0,Recent Low-Value Customers,-2.0249597498024188,-0.15360570974982066,0,0.9935945346343884,Low-Value Customers
10159,1970,Graduation,Divorced,58710.0,0,1,2013-03-31,77,440,81,368,0,122,174,6,11,5,9,6,0,0,0,0,0,0,3,11,0,55,4903,1185,1,50-59,2,High-Value Store Loyalists,1.8814325779571464,-0.05904557105656009,1,0.5578890092610148,High-Value Store Customers
1463,1958,Graduation,Single,45160.0,1,1,2014-03-29,9,8,2,5,3,0,3,1,1,0,2,7,0,0,0,0,0,0,3,11,0,67,4540,21,2,60-69,5,Low-Engagement Mature Customers,-1.7282246815671825,-0.9051454344098665,0,0.9856369096877217,Low-Value Customers
5114,1965,Master,Married,74806.0,0,1,2012-12-19,1,670,9,249,0,28,9,2,5,4,5,4,0,0,0,0,0,0,3,11,0,60,5005,965,1,50-59,1,High-Value At-Risk Customers,0.9679369719812948,-1.340706514100703,1,0.8778819344455281,High-Value Store Customers
4990,1954,Graduation,Married,59111.0,0,0,2013-05-02,90,524,0,134,28,28,155,1,11,1,8,7,0,0,0,0,0,0,3,11,0,71,4871,869,0,70+,2,High-Value Store Loyalists,1.5216512179594874,0.4132139197585256,1,0.7702740330956156,High-Value Store Customers
4329,1984,PhD,Married,18988.0,1,0,2014-05-23,43,6,0,6,2,1,1,2,1,0,3,7,0,0,0,0,0,0,3,11,0,41,4485,16,1,40-49,0,Recent Low-Value Customers,-2.38761833775595,-0.17749593692775534,0,0.9912870967957625,Low-Value Customers
10936,1965,Graduation,Married,72190.0,0,0,2013-02-13,79,597,166,597,172,166,249,1,5,6,4,3,0,0,0,0,0,0,3,11,0,60,4949,1947,0,50-59,1,High-Value At-Risk Customers,1.7751000199768607,1.1825247895985245,1,0.9939117678869362,High-Value Store Customers
4692,1976,Graduation,Married,7500.0,1,0,2012-08-01,19,7,0,12,13,7,32,5,4,1,2,9,1,0,0,0,0,0,3,11,1,49,5145,71,1,40-49,0,Recent Low-Value Customers,-2.5212021645159286,-1.4131581521768717,0,0.991983580990882,Low-Value Customers
7212,1966,Graduation,Married,44794.0,0,1,2014-06-08,99,54,0,7,0,0,4,1,2,0,3,6,0,0,0,0,0,0,3,11,0,59,4469,65,1,50-59,4,High-Value Omnichannel Customers,-1.3397106604847013,1.7952138636103414,0,0.9492821998829067,Low-Value Customers
6086,1955,Graduation,Married,80395.0,0,0,2013-11-23,62,445,25,706,80,76,48,1,6,5,12,2,0,0,0,1,0,0,3,11,0,70,4666,1380,0,60-69,1,High-Value At-Risk Customers,3.021957946920213,0.6006587272984996,1,0.9909436877394942,High-Value Store Customers
437,1976,Master,Divorced,75012.0,0,0,2014-01-25,41,294,142,218,164,58,151,1,3,8,11,1,0,0,0,0,0,0,3,11,0,49,4603,1027,0,40-49,3,Dormant / Disengaged Customers,1.9709715976819175,0.22049061801246123,1,0.999634462521793,High-Value Store Customers
11171,1965,Master,Married,56962.0,2,1,2013-10-11,60,292,3,77,10,3,26,7,6,3,5,7,0,0,0,0,0,0,3,11,0,60,4709,411,3,50-59,2,High-Value Store Loyalists,-0.1482598251094683,0.007750444657810204,2,0.9981023146336823,Mid-Value Active Customers
11101,1991,Graduation,Together,89891.0,0,0,2013-04-15,17,412,22,132,59,28,183,1,11,6,8,4,0,0,1,0,0,0,3,11,0,34,4888,836,0,30-39,2,High-Value Store Loyalists,2.0637969295443392,-1.7761580862372812,3,0.9855310693244735,High-Value Omnichannel Customers
5329,1949,PhD,Divorced,35946.0,1,1,2013-09-27,24,8,0,3,0,0,0,1,0,0,3,5,0,0,0,0,0,0,3,11,0,76,4723,11,2,70+,5,Low-Engagement Mature Customers,-1.4754938633766688,-0.05631823235899482,0,0.913935241781168,Low-Value Customers
610,1953,PhD,Together,53593.0,1,1,2012-08-07,60,349,4,78,6,0,43,8,7,2,6,8,0,0,0,0,0,0,3,11,0,72,5139,480,2,70+,2,High-Value Store Loyalists,0.11770124912020981,-0.1405156326520475,2,0.996976969936858,Mid-Value Active Customers
9384,1978,Graduation,Married,66373.0,1,1,2013-06-12,57,328,9,124,12,24,109,7,4,2,10,3,0,0,0,0,0,0,3,11,0,47,4830,606,2,40-49,3,Dormant / Disengaged Customers,1.1125274977399882,0.3735954618973179,1,0.9976645689657773,High-Value Store Customers
5956,1948,PhD,Divorced,45072.0,1,2,2013-10-16,74,144,2,99,7,2,30,5,6,1,4,8,0,0,0,0,0,0,3,11,0,77,4704,284,3,70+,5,Low-Engagement Mature Customers,-0.5674978047782419,0.4858742931475634,2,0.9987575289469799,Mid-Value Active Customers
10430,1973,Graduation,Divorced,89694.0,1,1,2013-10-09,22,1126,28,211,37,28,42,3,4,3,4,5,0,1,1,1,0,0,3,11,0,52,4711,1472,2,50-59,3,Dormant / Disengaged Customers,1.1509080427750917,-0.7313114640737168,3,0.999999910948802,High-Value Omnichannel Customers
7875,1949,Graduation,Married,72025.0,0,0,2014-04-29,46,967,0,617,43,50,0,1,4,8,13,2,0,1,1,1,0,0,3,11,1,76,4509,1677,0,70+,1,High-Value At-Risk Customers,3.0641418637050317,0.3247255118967827,1,0.993876689087005,High-Value Store Customers
7072,1973,Graduation,Married,67432.0,0,1,2013-03-29,69,432,79,341,177,136,170,2,8,5,4,4,0,0,0,0,0,0,3,11,0,52,4905,1335,1,50-59,2,High-Value Store Loyalists,1.3138062272929936,0.362722298426817,1,0.8804970814962828,High-Value Store Customers
6255,1952,Master,Together,70545.0,0,1,2014-06-03,29,138,39,63,55,18,21,1,4,1,7,2,0,0,0,0,0,0,3,11,0,73,4474,334,1,70+,1,High-Value At-Risk Customers,0.9883297097412291,-0.04252838735855834,2,0.8426136309609774,Mid-Value Active Customers
6516,1989,Basic,Married,17487.0,1,0,2013-03-18,37,0,0,1,7,4,6,1,1,0,2,7,0,0,0,0,0,0,3,11,0,36,4916,18,1,30-39,0,Recent Low-Value Customers,-2.622560341008669,-0.3898159784010502,0,0.9935361723275536,Low-Value Customers
5564,1969,Graduation,Together,62882.0,0,1,2012-08-09,26,509,133,497,78,24,97,2,7,5,6,4,0,0,0,0,0,0,3,11,0,56,5137,1338,1,50-59,2,High-Value Store Loyalists,1.4270811236664864,-0.8846094936966533,1,0.9572207770241339,High-Value Store Customers
5682,1953,PhD,Single,64108.0,0,1,2013-03-23,8,948,10,86,13,21,21,4,6,9,11,5,0,0,0,0,0,0,3,11,0,72,4911,1099,1,70+,1,High-Value At-Risk Customers,1.8815115057826994,-1.4122173948429044,1,0.9647250557388408,High-Value Store Customers
7458,1956,Master,Together,34941.0,1,1,2013-03-06,26,39,2,25,4,3,24,2,3,0,3,8,0,0,0,0,0,0,3,11,0,69,4928,97,2,60-69,5,Low-Engagement Mature Customers,-1.5701033591210627,-0.7444162983412017,0,0.6622211591152081,Low-Value Customers
5237,1950,PhD,Single,48767.0,1,2,2014-01-01,79,28,1,21,3,0,10,3,2,1,3,5,0,0,0,0,0,0,3,11,0,75,4627,63,3,70+,5,Low-Engagement Mature Customers,-0.9226807685814589,1.450979935854764,0,0.8820592053568482,Low-Value Customers
7761,1978,2n Cycle,Together,38702.0,1,0,2013-08-01,71,13,11,24,13,8,40,2,3,0,4,6,0,0,0,0,0,0,3,11,0,47,4780,109,1,40-49,4,High-Value Omnichannel Customers,-1.292506494330751,0.6647593284766767,0,0.8085464623536384,Low-Value Customers
5278,1964,Graduation,Married,82224.0,0,0,2014-01-25,83,307,26,360,138,31,40,1,6,9,5,3,0,0,0,1,0,0,3,11,0,61,4603,902,0,60-69,1,High-Value At-Risk Customers,1.3747060500863428,1.241489020690766,1,0.9638696461377124,High-Value Store Customers
3560,1952,Graduation,Together,83844.0,0,0,2013-05-12,57,901,31,345,75,31,191,1,4,4,11,1,0,0,1,0,0,0,3,11,0,73,4861,1574,0,70+,1,High-Value At-Risk Customers,3.0282591616284935,0.8345861885432861,1,0.9978747925750875,High-Value Store Customers
7235,1975,2n Cycle,Married,17003.0,1,0,2013-12-09,37,2,5,12,4,8,7,3,2,0,4,5,0,0,0,0,0,0,3,11,0,50,4650,38,1,40-49,0,Recent Low-Value Customers,-1.7118289060897947,-0.1831887505490635,0,0.9999923383957111,Low-Value Customers
10548,1995,Graduation,Single,71163.0,0,0,2014-03-09,30,283,17,372,138,106,44,1,3,8,12,1,0,0,0,0,0,0,3,11,0,30,4560,960,0,18-29,3,Dormant / Disengaged Customers,1.7530147903688036,-0.32994771095575837,1,0.999573974868032,High-Value Store Customers
2281,1970,Graduation,Single,33697.0,1,0,2013-09-15,34,4,3,7,0,3,11,1,1,0,2,7,1,0,0,0,0,0,3,11,0,55,4735,28,1,50-59,0,Recent Low-Value Customers,-2.0779620005562087,-0.26807810016132333,0,0.9846387356834891,Low-Value Customers
4073,1954,2n Cycle,Married,63564.0,0,0,2014-01-29,0,769,80,252,15,34,65,1,10,10,7,6,1,0,0,0,0,0,3,11,1,71,4599,1215,0,70+,2,High-Value Store Loyalists,1.7489054386504257,-2.1314313304572687,1,0.9053425191945571,High-Value Store Customers
6974,1972,PhD,Together,83443.0,0,0,2013-12-31,89,518,42,742,55,56,84,1,6,10,5,2,0,0,0,0,0,0,3,11,0,53,4628,1497,0,50-59,3,Dormant / Disengaged Customers,1.9570400048199503,1.4524717383377632,1,0.9881153495891264,High-Value Store Customers
7938,1958,PhD,Together,51518.0,0,1,2013-10-03,92,350,8,66,17,4,4,2,3,2,10,3,0,0,0,0,0,0,3,11,0,67,4717,449,1,60-69,1,High-Value At-Risk Customers,0.8211936103356927,1.7280877922059723,1,0.9586406925228541,High-Value Store Customers
7094,1975,Graduation,Widow,58330.0,0,1,2013-12-25,87,445,53,213,104,98,151,1,6,4,13,4,0,0,0,0,0,0,3,11,0,50,4634,1064,1,40-49,3,Dormant / Disengaged Customers,1.9408043511675328,0.8904720911228895,1,0.9949611880608492,High-Value Store Customers
3667,1969,Graduation,Married,80952.0,0,0,2013-02-28,20,778,178,689,41,27,44,1,8,5,11,8,0,1,1,1,0,0,3,11,1,56,4934,1757,0,50-59,2,High-Value Store Loyalists,2.3649449955004163,-1.7441362886194827,3,0.9999984016550184,High-Value Omnichannel Customers
7723,1979,Graduation,Together,75507.0,0,0,2014-05-02,56,709,93,374,104,80,80,1,8,6,6,3,0,0,0,0,0,0,3,11,0,46,4506,1440,0,40-49,3,Dormant / Disengaged Customers,1.9230390441181942,-0.013471910897036643,1,0.8189103236301649,High-Value Store Customers
3870,1978,2n Cycle,Together,63855.0,0,0,2013-02-09,28,359,35,314,93,116,89,1,7,3,13,4,0,0,0,0,0,0,3,11,0,47,4953,1006,0,40-49,3,Dormant / Disengaged Customers,2.0765825430563885,-1.0635057652805582,1,0.9864858304251962,High-Value Store Customers
4012,1972,PhD,Together,62220.0,0,1,2012-08-11,55,799,12,375,16,12,12,5,7,6,5,6,0,0,0,0,0,0,3,11,1,53,5135,1226,1,50-59,2,High-Value Store Loyalists,0.837652509642363,-0.22069929889482226,1,0.7787246452898479,High-Value Store Customers
5909,1964,Graduation,Married,58512.0,0,1,2013-09-19,25,895,10,101,13,0,152,5,3,4,8,8,0,0,0,0,0,0,3,11,0,61,4731,1171,1,60-69,2,High-Value Store Loyalists,0.40981259981660495,-0.955065250239567,3,0.9999999999999307,High-Value Omnichannel Customers
10470,1979,Master,Married,40662.0,1,0,2013-03-15,0,40,2,23,0,4,23,2,2,1,3,4,0,0,0,0,0,0,3,11,0,46,4919,92,1,40-49,0,Recent Low-Value Customers,-1.2715606332204648,-1.175331191333438,0,0.9701279048212492,Low-Value Customers
6488,1959,PhD,Married,38829.0,0,1,2014-04-06,86,76,0,7,0,0,16,1,3,2,2,5,0,0,0,0,0,0,3,11,0,66,4532,99,1,60-69,4,High-Value Omnichannel Customers,-1.200360046626087,1.4752091866142203,2,0.7884245116383412,Mid-Value Active Customers
10270,1981,2n Cycle,Married,35523.0,1,0,2013-10-03,8,11,5,22,12,5,11,2,3,0,3,7,0,0,0,0,0,0,3,11,0,44,4717,66,1,40-49,0,Recent Low-Value Customers,-1.7413240720377459,-1.4178196978199813,0,0.960396848100304,Low-Value Customers
6887,1967,Graduation,Single,79146.0,1,1,2014-04-24,33,245,16,223,21,43,16,2,8,1,8,6,0,0,0,0,0,0,3,11,0,58,4514,564,2,50-59,2,High-Value Store Loyalists,1.2234126706732813,-0.9773141050308188,2,0.9422120732003681,Mid-Value Active Customers
6406,1988,Master,Married,78285.0,0,0,2013-10-28,13,647,107,391,175,67,40,1,6,4,10,3,0,0,0,0,0,0,3,11,0,37,4692,1427,0,30-39,3,Dormant / Disengaged Customers,2.1607813195383727,-1.3050241177985542,1,0.9871760888697418,High-Value Store Customers
7573,1978,PhD,Single,31626.0,1,0,2013-05-10,12,39,1,9,2,1,34,1,2,1,2,7,1,0,0,0,0,0,3,11,1,47,4863,86,1,40-49,0,Recent Low-Value Customers,-2.038672452052166,-1.1417592145480526,0,0.8151253999432373,Low-Value Customers
4508,1952,Graduation,Single,75127.0,0,0,2014-05-22,92,203,35,305,46,17,227,1,2,11,5,1,0,0,0,0,0,0,3,11,0,73,4486,833,0,70+,1,High-Value At-Risk Customers,1.1084732175795955,2.2904840908038113,1,0.9999590212636521,High-Value Store Customers
221,1955,Graduation,Married,48726.0,0,1,2013-04-27,90,138,3,38,4,0,59,3,3,2,4,6,0,0,0,0,0,0,3,11,0,70,4876,242,1,60-69,4,High-Value Omnichannel Customers,-0.7060190063549484,1.488562643841369,2,0.9999340919678944,Mid-Value Active Customers
5331,1977,Graduation,Married,74985.0,0,0,2012-09-11,8,587,51,898,247,0,86,1,3,6,7,2,0,0,0,0,0,0,3,11,0,48,5104,1869,0,40-49,3,Dormant / Disengaged Customers,1.922505609486364,-0.862333090532526,1,0.9955989105428017,High-Value Store Customers
1911,1987,Graduation,Together,67430.0,0,0,2012-09-05,6,595,97,291,127,133,121,1,11,5,12,6,0,0,0,0,0,0,3,11,0,38,5110,1364,0,30-39,2,High-Value Store Loyalists,2.4076368393437395,-2.4815455679389538,1,0.9043662408911877,High-Value Store Customers
20,1965,2n Cycle,Married,46891.0,0,1,2013-09-01,91,43,12,23,29,15,61,1,2,1,4,4,0,0,0,0,0,0,3,11,0,60,4749,183,1,50-59,4,High-Value Omnichannel Customers,-0.7371446263343256,1.767478612751677,2,0.9997870846169067,Mid-Value Active Customers
8786,1956,Master,Married,62058.0,0,1,2013-05-26,52,301,7,74,10,0,58,4,6,1,7,6,0,0,0,0,0,0,3,11,0,69,4847,450,1,60-69,2,High-Value Store Loyalists,0.5337040498419515,-0.07710633184297554,2,0.9973965759283704,Mid-Value Active Customers
10582,1979,Graduation,Married,72063.0,0,1,2013-07-03,3,180,32,348,76,32,90,2,5,2,12,2,0,0,0,0,0,0,3,11,0,46,4809,758,1,40-49,3,Dormant / Disengaged Customers,1.8995989100057322,-1.3444821488578413,1,0.997311173233725,High-Value Store Customers
1915,1951,PhD,Married,78939.0,0,0,2013-12-12,57,794,115,243,150,0,205,1,8,5,6,3,0,0,0,0,0,0,3,11,0,74,4647,1507,0,70+,1,High-Value At-Risk Customers,2.3861806532976204,0.28569487954330103,1,0.9392495721261925,High-Value Store Customers
8897,1965,Graduation,Single,42720.0,1,1,2013-04-24,9,392,5,91,28,26,112,8,7,3,7,8,0,0,0,0,0,0,3,11,1,60,4879,654,2,50-59,2,High-Value Store Loyalists,0.04575033639940523,-1.8912552469714903,2,0.6136525990542624,Mid-Value Active Customers
2371,1972,Graduation,Married,33622.0,1,1,2013-04-13,22,39,1,22,3,4,12,3,2,0,4,7,0,0,0,0,0,0,3,11,0,53,4890,81,2,50-59,0,Recent Low-Value Customers,-1.6379147206874949,-0.8189765814040101,0,0.8819400529540702,Low-Value Customers
4303,1957,PhD,Together,6835.0,0,1,2012-12-08,76,107,2,12,2,2,12,0,0,0,1,20,0,0,0,0,0,0,3,11,0,68,5016,137,1,60-69,4,High-Value Omnichannel Customers,-4.600648517347962,-0.30029394048231545,3,1.0,High-Value Omnichannel Customers
6825,1953,Graduation,Together,41452.0,1,1,2013-03-06,86,13,0,3,0,0,0,1,1,0,2,7,0,0,0,0,0,0,3,11,0,72,4928,16,2,70+,4,High-Value Omnichannel Customers,-1.7210250663747138,1.5236010238169884,0,0.9732513990892439,Low-Value Customers
1072,1965,PhD,Single,40760.0,0,1,2013-08-30,64,70,0,17,0,0,6,2,2,1,3,6,0,0,0,0,0,0,3,11,0,60,4751,93,1,50-59,4,High-Value Omnichannel Customers,-1.3889567012504813,0.7079855076927418,0,0.7952016845341536,Low-Value Customers
4964,1958,PhD,Together,74250.0,0,0,2014-01-26,90,680,11,392,75,0,0,1,2,11,4,1,0,0,0,0,0,0,3,11,0,67,4602,1158,0,60-69,1,High-Value At-Risk Customers,1.1464201290644864,2.1832921838921777,1,0.999907438929784,High-Value Store Customers
2461,1955,Master,Single,51124.0,1,1,2013-12-18,79,26,1,11,0,1,4,2,1,0,3,3,0,0,0,0,0,0,3,11,0,70,4641,43,2,60-69,5,Low-Engagement Mature Customers,-0.7812736675402128,1.753980880443246,0,0.9102827916688825,Low-Value Customers
10736,1971,Graduation,Single,72258.0,0,1,2013-09-12,28,522,0,522,227,120,134,2,6,9,5,2,0,0,0,0,0,0,3,11,0,54,4738,1525,1,50-59,3,Dormant / Disengaged Customers,1.766440114838286,-0.458152375692232,1,0.9691664674752212,High-Value Store Customers
3194,1974,PhD,Single,71466.0,0,0,2014-04-05,86,412,12,546,78,182,0,1,4,4,10,1,0,0,0,0,0,0,3,11,0,51,4533,1230,0,50-59,3,Dormant / Disengaged Customers,2.098581911051856,1.5363026517849905,1,0.9983625551055078,High-Value Store Customers
10839,1976,Graduation,Together,36283.0,1,1,2014-04-14,42,6,5,5,8,0,5,2,1,0,3,4,0,0,0,0,0,0,3,11,0,49,4524,29,2,40-49,0,Recent Low-Value Customers,-1.4922340437136352,0.2577195228089853,0,0.9912049846268679,Low-Value Customers
49,1970,Graduation,Single,20587.0,1,0,2014-05-11,39,2,3,6,4,1,9,1,1,1,2,7,0,0,0,0,0,0,3,11,0,55,4497,25,1,50-59,0,Recent Low-Value Customers,-2.325858100956977,-0.14271067341530022,0,0.9902279542251397,Low-Value Customers
4290,1972,Graduation,Married,30467.0,1,0,2014-03-19,8,1,3,8,2,5,5,1,1,0,2,7,0,0,0,0,0,0,3,11,0,53,4550,24,1,50-59,0,Recent Low-Value Customers,-2.173327028204756,-1.1011381519918346,0,0.9852827922488913,Low-Value Customers
10219,1972,Graduation,Together,31590.0,1,0,2013-06-18,40,6,2,15,6,6,3,1,1,0,3,8,0,0,0,0,0,0,3,11,0,53,4824,38,1,50-59,0,Recent Low-Value Customers,-2.140113513890768,-0.24744962513097365,0,0.9924278742418375,Low-Value Customers
4211,1986,Basic,Married,20425.0,1,0,2012-10-29,5,4,12,5,3,16,17,2,2,0,3,7,0,0,0,0,0,0,3,11,0,39,5056,57,1,30-39,0,Recent Low-Value Customers,-2.2275940559226295,-1.482968776449129,0,0.9985970404981878,Low-Value Customers
1135,1960,Master,Together,17144.0,1,1,2014-02-15,96,18,2,19,0,2,6,5,3,0,4,7,0,0,0,0,0,0,3,11,0,65,4582,47,2,60-69,4,High-Value Omnichannel Customers,-1.6779940300131504,1.4450892359465766,0,0.999352910965534,Low-Value Customers
6299,1968,PhD,Divorced,42564.0,0,1,2013-01-02,28,324,48,186,39,18,198,6,6,8,4,7,1,0,0,0,0,0,3,11,1,57,4991,813,1,50-59,2,High-Value Store Loyalists,-0.2710305499831733,-1.0360562890294027,3,0.8848818579596432,High-Value Omnichannel Customers
10846,1978,Master,Married,43783.0,1,0,2014-05-29,22,327,9,125,25,4,139,6,7,1,8,7,1,0,0,0,0,0,3,11,0,47,4479,629,1,40-49,2,High-Value Store Loyalists,0.18901928212588232,-1.5132722607891353,2,0.9286666548067742,Mid-Value Active Customers
347,1976,Graduation,Divorced,40780.0,0,1,2012-09-08,30,229,27,71,13,3,34,4,7,1,5,9,0,0,0,0,0,0,3,11,0,49,5107,377,1,40-49,2,High-Value Store Loyalists,-0.798494366544891,-1.406248700932408,2,0.995920869893414,Mid-Value Active Customers
6543,1945,Master,Together,62847.0,0,0,2013-01-15,45,521,168,706,80,76,61,1,3,6,4,2,0,0,0,0,0,0,3,11,0,80,4978,1612,0,70+,1,High-Value At-Risk Customers,1.4404523277204069,0.6403167223910883,1,0.9988587703815598,High-Value Store Customers
10446,1957,PhD,Married,82017.0,0,0,2012-11-07,58,184,23,446,30,23,23,1,5,4,7,2,0,1,1,1,0,0,3,11,1,68,5047,729,0,60-69,1,High-Value At-Risk Customers,1.6165196930055623,0.7143790218490556,1,0.9966074484517725,High-Value Store Customers
3479,1950,Graduation,Single,16813.0,0,0,2013-07-19,49,4,8,11,12,2,13,1,2,0,3,7,1,0,0,0,0,0,3,11,0,75,4793,50,0,70+,5,Low-Engagement Mature Customers,-1.850465253517417,0.2124355460506535,0,0.9968862445119259,Low-Value Customers
11075,1978,Graduation,Married,51267.0,1,1,2013-10-29,37,183,2,64,7,2,12,4,3,3,5,4,0,0,0,0,0,0,3,11,0,47,4691,270,2,40-49,0,Recent Low-Value Customers,-0.47573502701385384,-0.15698743358323522,2,0.997744525940759,Mid-Value Active Customers
4442,1961,Graduation,Single,46524.0,0,1,2013-04-05,70,31,19,35,26,14,52,2,1,1,5,3,0,0,0,0,0,0,3,11,0,64,4898,177,1,60-69,5,Low-Engagement Mature Customers,-0.5389038445814267,1.3546153449218807,2,0.9990031463695637,Mid-Value Active Customers
199,1962,Master,Single,45183.0,0,0,2013-01-20,33,219,3,60,12,9,12,1,4,1,7,7,0,1,0,0,0,0,3,11,0,63,4973,315,0,60-69,5,Low-Engagement Mature Customers,-0.3952670110404418,-0.6563810864326266,2,0.9969339272074318,Mid-Value Active Customers
6722,1954,PhD,Married,70421.0,0,1,2014-06-28,98,479,28,136,75,14,35,3,10,3,7,6,0,0,0,0,0,0,3,11,0,71,4449,767,1,70+,2,High-Value Store Loyalists,1.5258720955627418,0.9416124451344612,1,0.5625672646968047,High-Value Store Customers
796,1965,2n Cycle,Divorced,60161.0,0,1,2012-10-23,17,584,44,212,46,8,177,3,11,4,8,8,0,0,0,0,0,0,3,11,0,60,5062,1071,1,50-59,2,High-Value Store Loyalists,1.40445396094234,-2.077860275201452,1,0.9064882933221642,High-Value Store Customers
3749,1973,Graduation,Together,73926.0,0,0,2013-03-02,54,627,91,597,159,91,15,1,6,5,12,3,0,0,0,0,0,0,3,11,0,52,4932,1580,0,50-59,3,Dormant / Disengaged Customers,2.693149210533949,0.044496084338913076,1,0.9874311758791696,High-Value Store Customers
8523,1968,Graduation,Married,19329.0,1,0,2013-12-14,39,24,1,16,12,2,5,3,4,0,3,8,0,0,0,0,0,0,3,11,0,57,4645,60,1,50-59,0,Recent Low-Value Customers,-1.9053639449127158,-0.5968417448825017,0,0.9948044570538583,Low-Value Customers
310,1970,Master,Married,61872.0,0,1,2013-12-13,81,330,5,159,36,27,16,4,4,4,9,4,0,0,0,0,0,0,3,11,0,55,4646,573,1,50-59,3,Dormant / Disengaged Customers,0.804313083482468,1.0913753311419927,1,0.9831481597602748,High-Value Store Customers
8629,1956,Graduation,Widow,46984.0,1,1,2013-03-26,71,19,1,10,2,1,8,1,1,0,3,5,0,0,0,0,0,0,3,11,0,69,4908,41,2,60-69,5,Low-Engagement Mature Customers,-1.1828942372878948,1.2521024863882575,0,0.9478207224338242,Low-Value Customers
236,1951,Graduation,Married,34838.0,1,1,2013-01-19,62,28,23,29,29,14,47,3,2,1,4,6,0,0,0,0,0,0,3,11,0,74,4974,170,2,70+,5,Low-Engagement Mature Customers,-1.1193049395406376,0.736717879578188,2,0.9999883432915603,Mid-Value Active Customers
9930,1944,PhD,Single,82716.0,0,0,2013-11-05,8,606,148,228,15,148,22,1,6,8,13,2,0,0,0,0,0,0,3,11,0,81,4684,1167,0,70+,1,High-Value At-Risk Customers,3.1519924070694794,-0.9840967967755885,1,0.9921814975215946,High-Value Store Customers
3483,1958,Graduation,Married,48192.0,0,0,2013-04-06,76,1039,43,204,153,58,29,3,2,8,12,8,0,1,0,1,1,0,3,11,1,67,4897,1526,0,60-69,1,High-Value At-Risk Customers,1.0518399534099594,0.6603274490139734,3,0.9999999999999876,High-Value Omnichannel Customers
4599,1976,Master,Married,49681.0,0,2,2013-11-04,66,411,0,26,0,0,21,6,7,1,7,7,0,0,0,0,0,0,3,11,0,49,4685,458,2,40-49,2,High-Value Store Loyalists,0.04598126528023392,-0.08506494416333082,2,0.9885868127106033,Mid-Value Active Customers
7326,1971,Master,Married,56850.0,0,1,2014-03-23,83,34,1,19,2,7,0,1,1,1,3,2,0,0,0,0,0,0,3,11,0,54,4546,63,1,50-59,4,High-Value Omnichannel Customers,-0.697083720445843,1.8578789609547104,0,0.7369261305429631,Low-Value Customers
7352,1957,Graduation,Married,55267.0,0,1,2013-10-21,28,161,28,136,32,3,45,4,3,4,6,3,0,0,0,0,0,0,3,11,0,68,4699,405,1,60-69,5,Low-Engagement Mature Customers,0.2669961883048697,-0.14183217764722014,2,0.6855501112700054,Mid-Value Active Customers
2350,1972,Graduation,Married,59666.0,1,1,2013-03-22,87,623,53,178,23,17,133,7,3,2,8,8,0,1,0,0,0,0,3,11,0,53,4912,1027,2,50-59,4,High-Value Omnichannel Customers,0.22868290841817615,0.9020247387849758,3,0.9999999999999503,High-Value Omnichannel Customers
9145,1972,Graduation,Single,72504.0,0,1,2013-04-06,43,604,26,470,123,161,94,2,5,9,6,2,0,0,0,0,0,0,3,11,0,53,4897,1478,1,50-59,3,Dormant / Disengaged Customers,1.7361604952724012,0.08498124308955282,1,0.9954939738128546,High-Value Store Customers
2964,1981,Graduation,Married,26872.0,0,0,2013-10-16,0,3,10,8,3,16,32,1,1,1,2,6,0,0,0,0,0,0,3,11,0,44,4704,72,0,40-49,0,Recent Low-Value Customers,-2.1585980077594766,-1.326332424185271,0,0.9407920399587794,Low-Value Customers
5585,1972,Graduation,Single,21359.0,1,0,2013-04-20,1,12,2,17,6,1,10,2,2,0,3,8,0,0,0,0,0,0,3,11,1,53,4883,48,1,50-59,0,Recent Low-Value Customers,-2.201612792842138,-1.5907905772600943,0,0.9932061470009617,Low-Value Customers
9687,1975,Graduation,Single,73170.0,0,0,2014-05-31,1,184,174,256,50,30,32,1,5,4,6,2,0,0,0,0,0,0,3,11,0,50,4477,726,0,40-49,3,Dormant / Disengaged Customers,1.0670972575403803,-1.2195494407635097,1,0.9963973508128126,High-Value Store Customers
3732,1955,Master,Married,52750.0,0,1,2013-02-04,72,393,0,239,90,69,69,6,5,7,9,4,0,0,0,0,0,0,3,11,0,70,4958,860,1,60-69,1,High-Value At-Risk Customers,1.1881747770831041,0.8129626006282656,1,0.9968355802868597,High-Value Store Customers
6303,1986,PhD,Together,91820.0,0,0,2013-11-23,72,410,73,747,76,161,30,0,5,5,12,1,0,0,0,0,0,0,3,11,0,39,4666,1497,0,30-39,3,Dormant / Disengaged Customers,2.9808309044519383,0.8688537548566805,1,0.9790956099902139,High-Value Store Customers
11176,1970,PhD,Together,65968.0,0,1,2014-05-12,12,376,9,83,19,4,4,2,5,4,7,3,0,0,0,0,0,0,3,11,0,55,4496,495,1,50-59,3,Dormant / Disengaged Customers,0.7926640715273144,-0.9814362855218202,2,0.6914058696605844,Mid-Value Active Customers
2986,1976,Graduation,Married,30772.0,1,1,2014-03-12,89,7,2,4,2,1,4,1,1,0,2,6,0,0,0,0,0,0,3,11,0,49,4557,20,2,40-49,4,High-Value Omnichannel Customers,-2.044732352277712,1.4938929118100703,0,0.9582163057387308,Low-Value Customers
7462,1954,Graduation,Single,22507.0,0,0,2012-11-24,67,68,0,226,51,157,68,3,10,2,4,9,0,0,0,0,0,0,3,11,0,71,5030,570,0,70+,2,High-Value Store Loyalists,-0.44879606751739,-0.40256377866249815,3,0.9943910766691173,High-Value Omnichannel Customers
3900,1972,Graduation,Married,65685.0,0,1,2014-03-29,54,642,14,49,0,7,57,1,9,2,9,5,0,0,0,0,0,0,3,11,0,53,4540,769,1,50-59,2,High-Value Store Loyalists,1.5198386398881638,-0.42607569212442603,2,0.5512864944478287,Mid-Value Active Customers
7034,1978,2n Cycle,Married,25804.0,1,0,2013-09-01,34,8,7,9,13,6,12,2,2,0,3,8,0,0,0,0,0,0,3,11,0,47,4749,55,1,40-49,0,Recent Low-Value Customers,-2.1766886219938484,-0.6127968833354809,0,0.9892933491338308,Low-Value Customers
9493,1980,PhD,Single,76412.0,0,0,2013-05-05,15,840,53,804,23,71,17,1,5,4,8,3,0,0,1,1,0,0,3,11,1,45,4868,1808,0,40-49,3,Dormant / Disengaged Customers,2.1206007487912384,-1.0276064311571147,1,0.9890535964197124,High-Value Store Customers
1143,1972,Graduation,Married,22063.0,1,0,2013-08-08,43,7,10,13,3,11,11,2,2,0,3,7,0,0,0,0,0,0,3,11,0,53,4773,55,1,50-59,0,Recent Low-Value Customers,-2.0176088379722574,-0.16831009256615903,0,0.9965714461179224,Low-Value Customers
1,1961,Graduation,Single,57091.0,0,0,2014-06-15,0,464,5,64,7,0,37,1,7,3,7,5,0,0,0,0,1,0,3,11,1,64,4462,577,0,60-69,2,High-Value Store Loyalists,0.7593173801511327,-1.7454694439512097,2,0.8348919786763611,Mid-Value Active Customers
3855,1963,Graduation,Married,22419.0,0,0,2013-04-18,74,30,3,47,19,21,42,1,3,2,2,8,0,0,0,0,0,0,3,11,0,62,4885,162,0,60-69,4,High-Value Omnichannel Customers,-1.9695893915895568,0.6733873331920142,2,0.9996073970277838,Mid-Value Active Customers
5536,1959,Graduation,Together,87771.0,0,1,2013-05-22,61,1492,38,287,50,57,33,1,5,10,4,6,0,1,1,1,1,0,3,11,1,66,4851,1957,1,60-69,1,High-Value At-Risk Customers,1.6836328110715806,0.3631168751190735,3,0.9999999730219237,High-Value Omnichannel Customers
5989,1959,2n Cycle,Divorced,78353.0,0,1,2013-04-16,51,752,122,476,39,153,34,1,10,2,11,8,0,0,0,0,0,0,3,11,0,66,4887,1576,1,60-69,2,High-Value Store Loyalists,2.5591921745796027,-0.9058828023021018,3,0.9549524674465134,High-Value Omnichannel Customers
9499,1954,Graduation,Married,93404.0,1,2,2013-05-07,97,1279,15,287,20,0,15,3,3,4,7,5,0,1,1,0,0,0,3,11,0,71,4866,1616,3,70+,1,High-Value At-Risk Customers,1.8982385165254305,1.8145728737623972,3,0.999999999997117,High-Value Omnichannel Customers
6768,1962,Graduation,Divorced,37859.0,1,2,2013-01-12,75,22,1,8,2,1,2,2,1,0,3,8,0,0,0,0,0,0,3,11,0,63,4981,36,3,60-69,4,High-Value Omnichannel Customers,-1.8926085173141813,0.9471499651753982,0,0.9960371665803255,Low-Value Customers
2150,1958,PhD,Widow,80995.0,0,1,2013-05-11,83,860,28,409,73,56,56,1,8,9,4,4,0,0,0,0,0,0,3,11,0,67,4862,1482,1,60-69,1,High-Value At-Risk Customers,1.879714998906799,0.9638979939380704,1,0.9482002228664227,High-Value Store Customers
6646,1984,Graduation,Together,16529.0,1,0,2014-03-01,23,3,0,5,13,0,1,1,1,0,3,6,0,0,0,0,0,0,3,11,0,41,4568,22,1,40-49,0,Recent Low-Value Customers,-2.280192256408874,-0.6867431750239436,0,0.9992826578082716,Low-Value Customers
4887,1976,PhD,Divorced,55412.0,1,1,2013-11-22,65,10,5,28,11,1,8,1,2,0,3,5,0,0,0,0,0,0,3,11,0,49,4667,63,2,40-49,4,High-Value Omnichannel Customers,-1.1187158875583183,0.7877517664362892,0,0.8819362976185775,Low-Value Customers
8560,1992,Graduation,Single,48789.0,0,0,2012-09-10,94,351,16,156,7,5,145,1,6,4,7,6,0,0,0,0,0,0,3,11,0,33,5105,680,0,30-39,4,High-Value Omnichannel Customers,0.049448188434257724,0.8508066691885702,1,0.9083400393012262,High-Value Store Customers
3321,1967,PhD,Together,56575.0,0,2,2013-05-05,42,421,5,90,0,16,10,3,7,3,7,5,0,0,0,0,0,0,3,11,0,58,4868,542,2,50-59,2,High-Value Store Loyalists,0.6578423706835405,-0.49799596242255256,2,0.8935775285837401,Mid-Value Active Customers
11003,1980,2n Cycle,Together,25130.0,1,0,2013-10-02,10,2,5,7,0,18,18,2,2,0,3,7,0,0,0,0,0,0,3,11,0,45,4718,50,1,40-49,0,Recent Low-Value Customers,-2.0704121672416362,-1.260510139478039,0,0.9957757140599839,Low-Value Customers
10402,1967,Graduation,Married,35441.0,1,1,2013-02-14,94,25,1,9,2,1,1,2,1,0,3,8,0,0,0,0,0,0,3,11,0,58,4948,39,2,50-59,4,High-Value Omnichannel Customers,-1.9916442316542469,1.4844122901195098,0,0.9961058151355261,Low-Value Customers
9904,1956,Graduation,Married,71391.0,0,1,2013-03-29,50,336,123,274,46,123,141,5,6,5,12,3,0,0,0,0,0,0,3,11,0,69,4905,1043,1,60-69,1,High-Value At-Risk Customers,2.3992130814967125,0.09239593383737103,1,0.9968655858243701,High-Value Store Customers
6141,1972,Master,Single,49494.0,1,0,2013-04-25,46,191,9,97,0,6,82,2,6,1,5,7,0,0,0,0,0,0,3,11,0,53,4878,385,1,50-59,2,High-Value Store Loyalists,-0.3998132124271512,-0.5086325577600881,2,0.9991222927438014,Mid-Value Active Customers
5687,1980,Graduation,Divorced,81702.0,0,0,2012-09-23,98,563,50,774,28,31,187,1,7,7,12,3,0,0,0,0,0,0,3,11,0,45,5092,1633,0,40-49,3,Dormant / Disengaged Customers,2.942977304937942,1.2515551524170807,1,0.98030367778118,High-Value Store Customers
10856,1980,2n Cycle,Single,45889.0,0,1,2013-07-02,42,31,0,6,0,1,8,1,1,0,3,6,0,0,0,0,0,0,3,11,0,45,4810,46,1,40-49,0,Recent Low-Value Customers,-1.6537250690701308,0.0067751537764370665,0,0.9798589850103531,Low-Value Customers
5121,1977,Graduation,Single,56628.0,0,1,2014-03-21,30,479,5,82,7,17,171,2,7,6,5,5,1,0,0,0,0,0,3,11,0,48,4548,761,1,40-49,2,High-Value Store Loyalists,0.4266990512091088,-0.9230360975393228,1,0.9345769594472677,High-Value Store Customers
4186,1950,Graduation,Together,34026.0,1,1,2013-08-05,11,18,6,15,12,8,17,3,2,1,3,5,0,0,0,0,0,0,3,11,0,75,4776,76,2,70+,5,Low-Engagement Mature Customers,-1.206874712558905,-0.6939152937156654,0,0.9827795732136005,Low-Value Customers
368,1974,Graduation,Married,40049.0,0,1,2012-11-29,61,91,65,52,10,44,28,3,3,2,6,5,0,0,0,0,0,0,3,11,0,51,5025,290,1,50-59,4,High-Value Omnichannel Customers,-0.6229304861103745,0.45749607848391144,2,0.9995613006615366,Mid-Value Active Customers
3312,1988,Graduation,Single,34176.0,1,0,2014-05-12,12,5,7,24,19,14,20,4,3,0,4,6,0,0,0,0,0,0,3,11,0,37,4496,89,1,30-39,0,Recent Low-Value Customers,-1.5320418336244777,-1.2700874318964255,0,0.9856119238722943,Low-Value Customers
11121,1981,Graduation,Married,19419.0,1,0,2012-11-10,76,2,14,28,16,3,7,4,4,0,3,9,0,0,0,0,0,0,3,11,0,44,5044,70,1,40-49,4,High-Value Omnichannel Customers,-2.1981297674869,0.3122269821313525,0,0.979031725362667,Low-Value Customers
5332,1960,2n Cycle,Married,82504.0,0,0,2013-07-27,2,362,50,431,134,35,54,1,3,6,7,1,0,0,0,0,0,0,3,11,0,65,4785,1066,0,60-69,1,High-Value At-Risk Customers,1.7468337052774219,-0.7270339677513298,1,0.999528267022914,High-Value Store Customers
5848,1970,Graduation,Together,81205.0,0,0,2014-01-13,43,724,74,929,97,55,130,1,5,6,7,2,1,0,1,0,1,0,3,11,1,55,4615,2009,0,50-59,3,Dormant / Disengaged Customers,2.517735338995908,0.08107644609945999,1,0.9956326764432936,High-Value Store Customers
10343,1991,2n Cycle,Single,61618.0,0,0,2012-09-29,27,605,91,399,0,45,205,2,3,6,8,3,0,0,0,0,0,0,3,11,0,34,5086,1345,0,30-39,3,Dormant / Disengaged Customers,1.055200102014921,-0.5581024797450405,1,0.9898016699390861,High-Value Store Customers
5935,1956,Master,Single,55284.0,0,1,2012-12-24,60,547,7,140,0,7,63,3,7,5,8,5,0,0,0,0,0,0,3,11,0,69,5000,764,1,60-69,2,High-Value Store Loyalists,1.1054830707437868,0.12902194186612376,1,0.9874481668283788,High-Value Store Customers
2895,1963,Graduation,Single,49980.0,0,1,2013-10-23,79,104,1,54,13,9,14,2,3,1,5,5,0,0,0,0,0,0,3,11,0,62,4697,195,1,60-69,4,High-Value Omnichannel Customers,-0.5229434023191718,1.169644552437826,2,0.9999055237935833,Mid-Value Active Customers
10262,1980,Graduation,Married,15072.0,2,0,2013-05-10,96,8,2,15,0,10,18,4,3,1,3,5,0,0,0,0,0,0,3,11,0,45,4863,53,2,40-49,4,High-Value Omnichannel Customers,-1.794118914519619,1.5116886289118514,0,0.9999994184699025,Low-Value Customers
7848,1974,Graduation,Single,49166.0,0,1,2013-06-13,17,224,2,25,7,0,110,2,5,3,3,6,0,0,0,0,0,0,3,11,0,51,4829,368,1,50-59,0,Recent Low-Value Customers,-0.7227825841831637,-1.1526874353540106,2,0.9743333266533967,Mid-Value Active Customers
9477,1954,PhD,Married,65324.0,0,1,2014-01-11,0,384,0,102,21,32,5,3,6,2,9,4,0,0,0,0,0,0,3,11,0,71,4617,544,1,70+,1,High-Value At-Risk Customers,1.2845055619810426,-1.4820844561888218,2,0.7122600798136505,Mid-Value Active Customers
4856,1957,2n Cycle,Married,82347.0,0,0,2012-11-06,38,556,54,845,202,133,63,1,7,7,10,3,1,0,0,1,0,0,3,11,0,68,5048,1853,0,60-69,1,High-Value At-Risk Customers,3.114116329540563,-0.35265524770011825,1,0.9784919543413897,High-Value Store Customers
7186,1966,PhD,Together,30843.0,1,1,2014-05-26,43,24,0,2,0,0,9,2,1,1,2,5,1,0,0,0,0,0,3,11,0,59,4482,35,2,50-59,5,Low-Engagement Mature Customers,-1.7668386723408425,0.2768312950379736,0,0.9836375658405229,Low-Value Customers
5794,1974,PhD,Married,46374.0,0,1,2014-03-17,1,408,0,21,0,0,17,3,7,1,7,8,0,1,0,1,0,0,3,11,1,51,4552,446,1,50-59,2,High-Value Store Loyalists,-0.17281713141401497,-2.208504013631469,2,0.9928507089495543,Mid-Value Active Customers
1456,1979,Graduation,Single,60474.0,0,1,2013-04-01,25,265,199,303,234,9,170,7,10,2,12,7,0,0,0,0,0,0,3,11,0,46,4902,1180,1,40-49,2,High-Value Store Loyalists,1.937618264079014,-1.83467290864766,1,0.9738524429628784,High-Value Store Customers
4877,1973,Master,Married,38576.0,0,1,2014-03-04,2,34,0,7,0,0,0,1,1,0,3,7,0,0,0,0,0,0,3,11,0,52,4565,41,1,50-59,0,Recent Low-Value Customers,-1.8744184668762878,-1.3031387981919347,0,0.9875045509317609,Low-Value Customers
425,1985,Graduation,Married,55357.0,2,0,2013-02-19,66,374,64,116,84,25,64,3,6,2,11,5,0,0,0,0,0,0,3,11,0,40,4943,727,2,30-39,3,Dormant / Disengaged Customers,1.027758948421281,0.08083668378716619,1,0.9913631218727609,High-Value Store Customers
3007,1966,Graduation,Together,37758.0,1,1,2012-10-04,49,27,2,10,0,0,1,2,1,0,3,8,0,0,0,0,0,0,3,11,0,59,5081,40,2,50-59,0,Recent Low-Value Customers,-1.9467700790378217,0.10220513607475248,0,0.9960446568096291,Low-Value Customers
1031,1989,2n Cycle,Married,85710.0,0,0,2013-05-05,5,600,20,350,29,30,33,1,6,9,10,2,0,0,1,0,0,0,3,11,0,36,4868,1062,0,30-39,3,Dormant / Disengaged Customers,2.132338095059474,-1.4158557976313433,1,0.9709509972494278,High-Value Store Customers
4297,1969,Graduation,Together,23228.0,1,0,2014-01-26,71,13,2,18,6,1,0,2,2,0,3,8,0,0,0,0,0,0,3,11,0,56,4602,40,1,50-59,4,High-Value Omnichannel Customers,-2.1182536871564754,0.6147525972048138,0,0.9869987022352904,Low-Value Customers
807,1969,Master,Together,44602.0,1,1,2014-02-15,35,167,2,89,0,0,34,6,6,1,4,8,0,0,0,0,0,0,3,11,0,56,4582,292,2,50-59,0,Recent Low-Value Customers,-0.8361641757143515,-0.9230104641507927,2,0.9982686422656287,Mid-Value Active Customers
9553,1987,Graduation,Married,7500.0,0,0,2013-01-09,94,0,2,3,4,1,5,1,0,0,3,6,0,0,0,0,0,0,3,11,0,38,4984,15,0,30-39,4,High-Value Omnichannel Customers,-2.6068075286199424,1.5776853110412088,0,0.9946717648123045,Low-Value Customers
4271,1989,2n Cycle,Together,38683.0,1,0,2012-10-04,80,46,35,69,84,41,66,6,4,1,6,7,0,0,0,0,0,0,3,11,0,36,5081,341,1,30-39,4,High-Value Omnichannel Customers,-0.9587418442506197,0.5579105988030306,2,0.9994654613075067,Mid-Value Active Customers
4120,1975,2n Cycle,Single,49514.0,1,0,2013-12-17,61,88,39,78,58,13,93,2,6,1,4,7,0,0,0,0,0,0,3,11,0,50,4642,369,1,40-49,4,High-Value Omnichannel Customers,-0.5914018521583513,-0.04624537279710249,2,0.9985217818937645,Mid-Value Active Customers
2036,1973,PhD,Together,57906.0,0,1,2013-06-11,29,243,11,119,10,3,15,3,4,2,8,4,0,0,0,0,0,0,3,11,0,52,4831,401,1,50-59,3,Dormant / Disengaged Customers,0.38867837836197255,-0.5297311845535841,2,0.9221279805670659,Mid-Value Active Customers
115,1966,Master,Single,43456.0,0,1,2013-03-26,0,275,11,68,25,7,7,3,5,1,8,5,0,0,0,0,0,0,3,11,0,59,4908,393,1,50-59,5,Low-Engagement Mature Customers,0.16682296507716915,-1.6234269020074021,2,0.8311379211044583,Mid-Value Active Customers
4259,1986,Master,Single,19485.0,2,0,2013-09-24,80,6,0,4,0,0,0,1,1,0,2,7,0,0,0,0,0,0,3,11,0,39,4726,10,2,30-39,4,High-Value Omnichannel Customers,-2.543837749353275,0.977916339564073,0,0.9784295557984143,Low-Value Customers
8687,1978,Graduation,Together,53172.0,0,1,2013-05-06,54,121,62,90,68,20,125,3,2,3,8,3,0,0,0,0,0,0,3,11,0,47,4867,486,1,40-49,3,Dormant / Disengaged Customers,0.20507899690304607,0.521138944501316,1,0.9947188744201468,High-Value Store Customers
2447,1979,Graduation,Together,30545.0,1,0,2012-10-17,71,4,12,15,19,7,12,2,2,0,3,7,0,0,0,0,0,0,3,11,0,46,5068,69,1,40-49,4,High-Value Omnichannel Customers,-1.9243398063057895,0.6540801839469905,0,0.9805901708327518,Low-Value Customers
10140,1983,PhD,Together,70123.0,0,0,2013-09-28,27,1308,0,396,23,0,0,1,5,7,4,3,0,1,0,0,1,0,3,11,0,42,4722,1727,0,40-49,3,Dormant / Disengaged Customers,1.3173889711720104,-0.5975820876358379,1,0.994204221966705,High-Value Store Customers
9353,1959,Graduation,Single,62450.0,0,1,2014-01-06,61,515,47,267,62,66,38,2,5,5,4,3,0,1,0,0,0,0,3,11,0,66,4622,995,1,60-69,1,High-Value At-Risk Customers,0.8577764409032475,0.6904770329060337,1,0.9960790101816022,High-Value Store Customers
3623,1976,Graduation,Together,21675.0,1,0,2014-06-11,55,4,0,16,17,4,4,3,4,0,3,7,0,0,0,0,0,0,3,11,0,49,4466,45,1,40-49,4,High-Value Omnichannel Customers,-1.8134765412960776,-0.051945782466306406,0,0.9971299239358299,Low-Value Customers
738,1981,2n Cycle,Single,42395.0,1,1,2014-04-04,35,48,13,57,24,15,25,4,3,1,4,7,0,0,0,0,0,0,3,11,0,44,4534,182,2,40-49,0,Recent Low-Value Customers,-1.3613861568572054,-0.5923129824223957,2,0.9998694995435315,Mid-Value Active Customers
7631,1978,Master,Together,61346.0,1,0,2013-10-06,34,562,58,168,43,16,142,1,5,7,10,3,0,0,0,0,0,0,3,11,0,47,4714,989,1,40-49,3,Dormant / Disengaged Customers,1.4675938481441506,-0.47400384639536514,1,0.9952764884694194,High-Value Store Customers
4789,1953,Graduation,Together,80812.0,0,0,2013-09-17,95,769,22,500,210,143,33,1,4,8,5,2,1,0,1,1,0,0,3,11,0,72,4733,1677,0,70+,1,High-Value At-Risk Customers,2.0272499600903338,2.0227882598339466,1,0.9977851975238285,High-Value Store Customers
773,1971,Master,Divorced,42835.0,1,1,2013-06-30,64,379,4,93,12,9,98,7,6,6,4,6,0,0,0,0,0,0,3,11,0,54,4812,595,2,50-59,4,High-Value Omnichannel Customers,-0.3230560918858244,0.1787754468889366,1,0.7320327034037869,High-Value Store Customers
10602,1983,Graduation,Married,39922.0,1,0,2013-02-14,30,29,12,59,19,1,36,2,3,0,4,8,0,0,0,0,0,0,3,11,0,42,4948,156,1,40-49,0,Recent Low-Value Customers,-1.6094291217393784,-0.8884228456649044,2,0.9974521753223393,Mid-Value Active Customers
1446,1956,Master,Single,86424.0,0,0,2014-04-05,12,387,68,569,89,45,68,1,6,9,12,1,0,0,0,0,0,0,3,11,0,69,4533,1226,0,60-69,1,High-Value At-Risk Customers,3.134146018184851,-0.8243204272954349,1,0.9599872949231787,High-Value Store Customers
3270,1978,2n Cycle,Together,17117.0,1,0,2013-01-17,96,12,23,38,30,18,7,4,3,1,3,9,0,0,0,0,0,0,3,11,0,47,4976,128,1,40-49,4,High-Value Omnichannel Customers,-2.2834678621756477,1.0629686492179296,2,0.8106009159990003,Mid-Value Active Customers
8443,1972,Graduation,Single,24762.0,1,0,2014-02-10,16,6,10,12,3,15,40,3,3,1,2,8,1,0,0,0,0,0,3,11,1,53,4587,86,1,50-59,0,Recent Low-Value Customers,-2.114621125616912,-1.2034317250639843,0,0.7931506814022822,Low-Value Customers
9653,1975,Graduation,Married,35797.0,0,1,2012-10-16,16,27,1,14,4,1,21,2,2,0,3,8,0,0,0,0,0,0,3,11,0,50,5069,68,1,40-49,0,Recent Low-Value Customers,-1.9457883159537945,-1.1210238934993089,0,0.9811237939187973,Low-Value Customers
8916,1975,Graduation,Divorced,36627.0,2,0,2013-07-23,78,9,1,5,0,0,1,1,0,0,3,5,0,0,0,0,0,0,3,11,0,50,4789,16,2,40-49,4,High-Value Omnichannel Customers,-1.7617408570488093,1.377445765841965,0,0.9223527403586037,Low-Value Customers
8017,1981,2n Cycle,Married,51111.0,1,1,2014-06-19,83,22,0,19,6,5,3,2,2,0,3,6,0,0,0,0,0,0,3,11,0,44,4458,55,2,40-49,4,High-Value Omnichannel Customers,-1.4165851873304554,1.1726569536966747,0,0.9383999945596331,Low-Value Customers
5830,1972,PhD,Single,86857.0,0,0,2012-09-12,96,899,102,838,133,102,40,1,5,6,10,2,0,0,0,0,0,0,3,11,1,53,5103,2114,0,50-59,3,Dormant / Disengaged Customers,3.1393843813626563,1.6438573433888792,1,0.9853527169275167,High-Value Store Customers
4597,1970,PhD,Together,82072.0,0,0,2013-07-02,67,889,55,685,168,92,129,1,3,2,13,1,0,0,0,0,0,0,3,11,0,55,4810,2018,0,50-59,3,Dormant / Disengaged Customers,3.3108887119840906,1.0173191124641658,1,0.9873781499573245,High-Value Store Customers
7023,1953,PhD,Single,46231.0,2,1,2012-11-26,87,189,2,55,0,5,12,4,6,1,4,9,0,0,0,0,0,0,3,11,0,72,5028,263,3,70+,4,High-Value Omnichannel Customers,-0.7749008029540316,0.7284901978784271,2,0.9961426150179076,Mid-Value Active Customers
8086,1959,Graduation,Married,42243.0,1,1,2013-12-11,34,48,0,2,0,0,5,2,2,0,3,7,0,0,0,0,0,0,3,11,0,66,4648,55,2,60-69,5,Low-Engagement Mature Customers,-1.4815590863536368,-0.27967679547739377,0,0.955355348356175,Low-Value Customers
8825,1962,Graduation,Together,51195.0,1,1,2013-04-01,46,230,14,156,82,24,58,8,9,2,5,8,0,0,0,0,0,0,3,11,0,63,4902,564,2,60-69,2,High-Value Store Loyalists,0.14964365091757362,-0.8616093207941392,2,0.9565038728943274,Mid-Value Active Customers
2930,1978,Master,Single,68092.0,0,0,2013-12-16,7,852,60,207,78,36,48,2,2,6,10,5,0,0,0,0,0,0,3,11,0,47,4643,1281,0,40-49,3,Dormant / Disengaged Customers,1.1275664607966767,-1.2144010913464698,3,0.9999947021970998,High-Value Omnichannel Customers
1928,1973,Graduation,Married,31814.0,1,0,2013-02-09,73,35,3,20,4,1,20,2,2,0,3,9,1,0,0,0,0,0,3,11,0,52,4953,83,1,50-59,4,High-Value Omnichannel Customers,-2.122625808650409,0.5400618527149458,0,0.9859848420857379,Low-Value Customers
7108,1965,Master,Widow,51390.0,1,1,2012-09-08,54,205,20,47,23,2,56,6,5,2,5,5,0,0,0,0,0,0,3,11,0,60,5107,353,2,50-59,5,Low-Engagement Mature Customers,-0.12861011880158676,0.15459205924529174,2,0.9924719275159632,Mid-Value Active Customers
10925,1983,Graduation,Married,76630.0,0,0,2014-01-14,93,255,31,446,40,56,175,1,3,10,11,1,0,0,0,0,0,0,3,11,0,42,4614,1003,0,40-49,3,Dormant / Disengaged Customers,1.9093315558070225,1.7734915681303132,1,0.9997165327152524,High-Value Store Customers
9960,1991,Basic,Single,26868.0,1,0,2014-04-30,52,0,0,1,8,3,2,1,1,0,2,7,0,0,0,0,0,0,3,11,0,34,4508,14,1,30-39,0,Recent Low-Value Customers,-2.469912996624882,0.07860325739815494,0,0.9699939351328735,Low-Value Customers
8800,1943,PhD,Divorced,48948.0,0,0,2013-02-01,53,437,8,206,160,49,42,2,7,10,5,6,1,0,0,0,0,0,3,11,1,82,4961,902,0,70+,2,High-Value Store Loyalists,0.6682806586659658,-0.030009538580988905,1,0.9435015002812883,High-Value Store Customers
9224,1972,PhD,Single,55260.0,0,1,2012-12-12,81,825,8,53,11,0,242,2,8,10,5,6,0,0,0,0,0,0,3,11,0,53,5012,1139,1,50-59,2,High-Value Store Loyalists,0.7729279416127598,0.4644194735797639,1,0.899596988815834,High-Value Store Customers
5519,1956,Graduation,Together,64090.0,0,1,2013-08-07,8,316,58,161,76,51,135,1,6,9,4,5,0,0,0,0,0,0,3,11,1,69,4774,797,1,60-69,5,Low-Engagement Mature Customers,0.5695068956927781,-1.2598419638002918,1,0.9285108402843048,High-Value Store Customers
5046,1958,Graduation,Divorced,78331.0,0,1,2014-01-23,97,756,138,354,160,169,61,2,10,6,7,4,0,0,0,0,0,0,3,11,0,67,4605,1638,1,60-69,2,High-Value Store Loyalists,2.667655854005469,1.0960249807885996,1,0.6772002404957775,High-Value Store Customers
7037,1974,PhD,Married,37087.0,1,0,2013-08-11,50,194,55,134,15,0,3,3,4,2,8,6,0,0,0,0,0,0,3,11,0,51,4770,401,1,50-59,4,High-Value Omnichannel Customers,-0.31749764594176766,-0.16958185035115267,2,0.9909530203584462,Mid-Value Active Customers
905,1986,Graduation,Divorced,21846.0,1,0,2013-10-22,38,7,17,18,6,10,26,4,4,0,3,8,0,0,0,0,0,0,3,11,0,39,4698,84,1,30-39,0,Recent Low-Value Customers,-2.057773508295802,-0.7917637267708403,0,0.9933122340933136,Low-Value Customers
8624,1958,Graduation,Married,81320.0,0,0,2013-02-06,61,183,33,493,59,103,57,1,4,3,10,2,0,0,0,0,0,0,3,11,0,67,4956,928,0,60-69,1,High-Value At-Risk Customers,2.064304315875024,0.8258017400787436,1,0.9975683823688368,High-Value Store Customers
8945,1970,Graduation,Divorced,54137.0,0,1,2013-08-16,46,171,0,11,0,1,20,2,4,1,4,6,0,0,0,0,0,0,3,11,0,55,4765,203,1,50-59,5,Low-Engagement Mature Customers,-0.698937179460885,-0.11325054250188851,2,0.9998530311356578,Mid-Value Active Customers
6445,1967,Graduation,Together,66825.0,0,0,2013-07-14,73,243,101,405,29,40,40,1,4,5,6,2,0,0,0,0,0,0,3,11,0,58,4798,858,0,50-59,1,High-Value At-Risk Customers,1.0427169188840943,1.180439437699924,1,0.9993697329099162,High-Value Store Customers
2727,1973,Graduation,Together,57100.0,0,0,2013-12-04,19,181,21,69,39,3,96,1,3,3,6,3,0,0,0,0,0,0,3,11,0,52,4655,409,0,50-59,5,Low-Engagement Mature Customers,0.10717805324231033,-0.5672013716496787,2,0.5961485711060643,Mid-Value Active Customers
6404,1969,Graduation,Together,58917.0,1,2,2013-03-24,10,151,7,89,0,7,28,5,4,1,6,5,0,0,0,0,0,0,3,11,0,56,4910,282,3,50-59,5,Low-Engagement Mature Customers,-0.09418453691681786,-1.1443726608565903,2,0.9994775423474381,Mid-Value Active Customers
11074,1977,Graduation,Single,85072.0,0,0,2014-04-09,94,494,92,391,194,11,241,1,3,4,10,0,0,0,0,0,0,0,3,11,0,48,4529,1423,0,40-49,3,Dormant / Disengaged Customers,2.5038606253804305,2.007375841111045,1,0.9993667229657762,High-Value Store Customers
10150,1961,Graduation,Single,86429.0,0,0,2013-11-21,10,464,28,873,29,18,37,0,7,4,7,2,0,0,0,1,0,0,3,11,1,64,4668,1449,0,60-69,1,High-Value At-Risk Customers,2.510706216457556,-1.045798540259094,1,0.9501448307753948,High-Value Store Customers
1968,1971,Graduation,Widow,45684.0,1,0,2013-12-02,37,5,1,5,10,0,7,1,1,0,2,7,0,0,0,0,0,0,3,11,0,54,4657,28,1,50-59,0,Recent Low-Value Customers,-1.8638400789760892,-0.15695782214996512,0,0.9944744983031756,Low-Value Customers
6534,1974,Graduation,Together,47889.0,1,0,2014-01-04,94,29,0,29,0,5,4,1,2,0,3,5,0,0,0,0,0,0,3,11,0,51,4624,67,1,50-59,4,High-Value Omnichannel Customers,-1.2248921950452862,1.6893772700175238,0,0.9148382432675101,Low-Value Customers
9485,1986,PhD,Married,45921.0,0,0,2014-03-10,23,102,9,49,24,3,12,1,2,1,6,4,0,0,0,0,0,0,3,11,0,39,4559,199,0,30-39,0,Recent Low-Value Customers,-0.7245077917604529,-0.5916352339126599,2,0.9991648872676977,Mid-Value Active Customers
7053,1966,PhD,Single,78420.0,0,0,2013-06-29,75,604,28,674,91,28,28,1,3,10,8,1,0,0,0,0,0,0,3,11,0,59,4813,1453,0,50-59,1,High-Value At-Risk Customers,2.087883376868769,1.435768129753895,1,0.999468724960797,High-Value Store Customers
4654,1992,Graduation,Together,75114.0,0,0,2013-11-07,40,571,12,523,63,60,24,1,3,10,5,2,0,0,0,0,0,0,3,11,0,33,4682,1253,0,30-39,3,Dormant / Disengaged Customers,0.9393072566353494,0.060361421919197994,1,0.9980350762633152,High-Value Store Customers
9760,1963,PhD,Widow,52278.0,0,1,2013-01-25,24,953,0,71,0,0,174,6,10,5,10,8,0,0,0,0,0,0,3,11,1,62,4968,1198,1,60-69,2,High-Value Store Loyalists,1.5482209597484706,-1.8037675443438714,1,0.924607624838019,High-Value Store Customers
1048,1972,Master,Married,35641.0,1,0,2013-07-14,11,63,3,67,8,9,28,2,3,1,4,7,0,0,0,0,0,0,3,11,1,53,4798,178,1,50-59,0,Recent Low-Value Customers,-1.3882487520815745,-1.2681800458388899,2,0.9999182647885531,Mid-Value Active Customers
10619,1994,Graduation,Single,95529.0,0,0,2012-12-03,29,770,29,890,250,27,24,1,7,3,7,3,0,0,1,0,0,0,3,11,1,31,5021,1990,0,30-39,3,Dormant / Disengaged Customers,2.5862712780170773,-0.8806714333785414,1,0.9390053506355522,High-Value Store Customers
9308,1954,Graduation,Married,62820.0,0,0,2013-05-11,51,398,61,265,138,61,53,1,3,4,6,1,0,0,0,0,0,0,3,11,0,71,4862,976,0,70+,1,High-Value At-Risk Customers,1.2408775876672418,0.8326878357318174,1,0.9997394269817893,High-Value Store Customers
10505,1960,Master,Together,73113.0,0,0,2013-12-26,86,741,19,154,50,9,28,1,3,4,7,2,0,0,0,0,0,0,3,11,0,65,4633,1001,0,60-69,1,High-Value At-Risk Customers,1.3834435213606915,1.743795331217678,1,0.9994289186033903,High-Value Store Customers
8362,1982,PhD,Married,84169.0,0,0,2013-08-07,9,1478,19,403,0,19,0,1,7,6,6,3,0,1,1,0,0,0,3,11,1,43,4774,1919,0,40-49,3,Dormant / Disengaged Customers,2.308151111201302,-1.3881479153149874,1,0.9882374991238043,High-Value Store Customers
2625,1954,2n Cycle,Single,42607.0,0,1,2013-11-17,30,156,29,56,30,32,47,2,3,2,7,3,0,0,0,0,0,0,3,11,0,71,4672,350,1,70+,5,Low-Engagement Mature Customers,0.16534334119436378,-0.10295406628219246,2,0.9642753326013268,Mid-Value Active Customers
4637,1954,PhD,Single,74637.0,0,0,2013-05-18,73,960,64,464,146,0,16,1,6,9,9,3,0,0,0,1,0,0,3,11,0,71,4855,1650,0,70+,1,High-Value At-Risk Customers,2.5651306255243904,0.8846179171347021,1,0.9932435528146065,High-Value Store Customers
9972,1955,PhD,Together,46015.0,1,1,2014-04-13,25,38,0,2,0,0,6,1,1,0,3,7,1,0,0,0,1,0,3,11,0,70,4525,46,2,60-69,5,Low-Engagement Mature Customers,-1.504474429520781,-0.40357388901041175,0,0.9909536576724278,Low-Value Customers
4483,1993,Graduation,Single,72354.0,0,0,2013-04-17,67,315,26,473,220,12,182,1,2,10,6,1,0,0,0,0,0,0,3,11,0,32,4886,1228,0,30-39,3,Dormant / Disengaged Customers,1.028022334702348,1.085759774883738,1,0.999788159703394,High-Value Store Customers
4487,1969,Master,Single,39858.0,1,0,2013-01-24,67,15,20,25,2,7,26,1,2,0,4,6,0,0,0,0,0,0,3,11,1,56,4969,95,1,50-59,4,High-Value Omnichannel Customers,-1.3065120483480366,0.7371546690365361,0,0.6973581944028848,Low-Value Customers
4988,1948,PhD,Married,34469.0,1,1,2014-05-04,58,19,6,20,0,5,12,3,1,1,4,4,0,0,0,0,0,0,3,11,0,77,4504,62,2,70+,5,Low-Engagement Mature Customers,-1.006763096228756,0.987373711164324,0,0.9398679266621727,Low-Value Customers
8931,1986,Graduation,Together,83033.0,1,0,2014-05-18,82,812,99,431,237,149,33,1,11,4,10,5,0,0,0,1,0,0,3,11,0,39,4490,1761,1,30-39,3,Dormant / Disengaged Customers,2.930320973352477,0.07497485376261226,1,0.8916689733586729,High-Value Store Customers
5871,1979,Master,Together,24401.0,0,0,2012-08-31,98,73,28,217,10,24,115,3,6,1,6,8,0,0,0,0,0,0,3,11,0,46,5115,467,0,40-49,4,High-Value Omnichannel Customers,-0.8827685547525409,0.8380236338479831,2,0.9958059682826792,Mid-Value Active Customers
2008,1978,Graduation,Married,77583.0,0,0,2014-02-10,93,372,23,384,250,12,108,1,4,5,9,2,0,0,0,1,0,0,3,11,0,47,4587,1149,0,40-49,3,Dormant / Disengaged Customers,1.7987451531195284,1.639745300675041,1,0.9981845511731267,High-Value Store Customers
3139,1982,2n Cycle,Single,74116.0,0,0,2013-12-30,53,871,111,704,145,55,166,1,4,4,10,2,0,1,0,0,0,0,3,11,0,43,4629,2052,0,40-49,3,Dormant / Disengaged Customers,2.5812769767869446,0.29738139301075334,1,0.9912988693558105,High-Value Store Customers
10037,1993,Graduation,Single,74293.0,0,0,2014-05-04,66,375,152,335,93,91,81,1,5,4,6,2,0,0,0,0,0,0,3,11,0,32,4504,1127,0,30-39,3,Dormant / Disengaged Customers,1.223560007686528,0.6181118149795229,1,0.9959231602967781,High-Value Store Customers
10673,1976,PhD,Married,68397.0,0,1,2013-11-17,6,760,80,466,17,13,80,1,6,9,5,3,0,0,0,0,0,0,3,11,0,49,4672,1416,1,40-49,3,Dormant / Disengaged Customers,1.3812356297692088,-1.31041459245533,1,0.984953564723061,High-Value Store Customers
5303,1974,PhD,Together,79632.0,0,0,2014-04-08,42,471,0,510,99,21,12,1,6,4,9,2,0,0,0,0,0,0,3,11,0,51,4530,1113,0,50-59,3,Dormant / Disengaged Customers,2.107992392539482,-0.11798735136220907,1,0.986912310004325,High-Value Store Customers
538,1989,Graduation,Single,46107.0,1,0,2014-02-10,78,31,9,27,16,9,33,1,1,1,4,3,0,0,0,0,0,0,3,11,0,36,4587,125,1,30-39,4,High-Value Omnichannel Customers,-1.0760921194252049,1.3655006177930722,2,0.9985383597416129,Mid-Value Active Customers
7922,1951,PhD,Single,64950.0,0,1,2012-08-12,29,819,0,72,12,0,63,2,11,2,10,7,0,1,0,0,0,0,3,11,0,74,5134,966,1,70+,2,High-Value Store Loyalists,2.0255118981963762,-1.4907679506398877,1,0.9362034809190243,High-Value Store Customers
5692,1989,Basic,Married,25443.0,1,0,2012-12-22,82,1,4,3,8,9,7,1,1,0,3,8,0,0,0,0,0,0,3,11,0,36,5002,32,1,30-39,4,High-Value Omnichannel Customers,-2.4573774641957415,0.8830098078792465,0,0.988801805417889,Low-Value Customers
4843,1952,Graduation,Single,75127.0,0,0,2014-05-22,92,203,35,305,46,17,227,1,2,11,5,1,0,0,0,0,0,0,3,11,0,73,4486,833,0,70+,1,High-Value At-Risk Customers,1.1084732175795955,2.2904840908038113,1,0.9999590212636521,High-Value Store Customers
6383,1971,PhD,Together,32892.0,1,0,2014-05-25,78,26,0,15,2,1,2,2,3,0,3,8,0,0,0,0,0,0,3,11,0,54,4483,46,1,50-59,4,High-Value Omnichannel Customers,-1.8211661666681114,0.7261116724080251,0,0.9027257614154031,Low-Value Customers
1628,1971,Graduation,Together,71796.0,0,0,2013-10-24,54,354,21,311,167,75,32,1,9,3,4,4,0,0,0,0,0,0,3,11,0,54,4696,960,0,50-59,2,High-Value Store Loyalists,1.233038866170197,-0.17033827598279344,3,0.5339174363369379,High-Value Omnichannel Customers
1204,1970,PhD,Married,67536.0,0,1,2013-05-22,45,1253,0,447,23,71,35,3,11,5,11,8,0,0,0,1,0,0,3,11,0,55,4851,1829,1,50-59,2,High-Value Store Loyalists,2.565878476046511,-1.3377077203705667,1,0.9714419669024158,High-Value Store Customers
3673,1971,Graduation,Single,55239.0,0,1,2013-07-14,59,371,17,238,23,24,106,3,7,5,11,5,0,0,0,0,0,0,3,11,0,54,4798,779,1,50-59,2,High-Value Store Loyalists,1.371233742227131,-0.11624599849440398,1,0.9861854958270376,High-Value Store Customers
760,1975,PhD,Divorced,60554.0,1,0,2013-08-09,8,588,7,76,110,15,15,2,8,4,9,6,0,0,0,0,0,0,3,11,0,50,4772,811,1,40-49,2,High-Value Store Loyalists,1.1233996529647319,-1.903609954955642,1,0.9403507735178961,High-Value Store Customers
8957,1952,2n Cycle,Single,64831.0,1,1,2013-06-10,51,480,86,249,75,86,144,8,6,3,5,6,0,0,0,0,0,0,3,11,0,73,4832,1120,2,70+,2,High-Value Store Loyalists,0.9077482146953993,-0.038665309294972736,3,0.7358133333713134,High-Value Omnichannel Customers
4128,1962,PhD,Together,56067.0,0,1,2013-07-20,51,517,12,54,16,6,120,2,7,4,7,5,0,0,0,0,0,0,3,11,0,63,4792,725,1,60-69,2,High-Value Store Loyalists,0.8659580861351531,-0.1791761282241923,1,0.9774871279202788,High-Value Store Customers
6810,1983,Graduation,Divorced,82025.0,0,0,2013-05-28,76,267,98,606,48,70,98,1,3,2,6,1,0,0,1,0,0,0,3,11,1,42,4845,1187,0,40-49,3,Dormant / Disengaged Customers,1.432634726325276,1.3733665703537437,1,0.9992714550900429,High-Value Store Customers
5386,1953,Graduation,Together,94384.0,0,0,2013-03-04,62,1111,24,790,160,45,172,0,5,8,5,2,0,1,1,1,0,0,3,11,1,72,4930,2302,0,70+,1,High-Value At-Risk Customers,2.9336761312459996,0.8989519775372999,1,0.9853072578617443,High-Value Store Customers
8700,1986,Basic,Single,14906.0,0,0,2012-12-22,86,7,7,14,7,16,15,3,2,1,3,7,0,0,0,0,0,0,3,11,0,39,5002,66,0,30-39,4,High-Value Omnichannel Customers,-2.3026595883224616,1.018434682699835,0,0.9984964971547524,Low-Value Customers
3202,1987,PhD,Married,51563.0,0,0,2012-10-01,60,1166,0,48,0,0,36,1,4,4,10,8,0,1,1,0,0,0,3,11,0,38,5084,1250,0,30-39,2,High-Value Store Loyalists,0.4983716665923207,-0.26057025399304695,3,0.9999999850185618,High-Value Omnichannel Customers
1328,1982,2n Cycle,Married,57937.0,0,1,2014-02-16,56,261,42,144,55,48,133,3,4,4,9,3,0,0,0,0,0,0,3,11,0,43,4581,683,1,40-49,3,Dormant / Disengaged Customers,0.8238436010230971,0.30744693102557785,1,0.9988022190617714,High-Value Store Customers
8405,1979,Graduation,Divorced,68274.0,1,1,2013-09-30,83,135,25,51,23,25,46,2,4,2,5,3,0,0,0,0,0,0,3,11,0,46,4720,305,2,40-49,4,High-Value Omnichannel Customers,0.16024481849081354,1.3075144933125726,2,0.9511007270323926,Mid-Value Active Customers
6515,1977,Graduation,Together,39771.0,1,0,2013-12-06,92,6,2,18,2,8,14,1,2,0,3,4,0,0,0,0,0,0,3,11,0,48,4653,50,1,40-49,4,High-Value Omnichannel Customers,-1.275249408692206,1.6985980155607698,0,0.9889145050886553,Low-Value Customers
2882,1975,2n Cycle,Divorced,67893.0,0,1,2012-10-01,31,711,28,142,49,18,47,2,3,2,9,8,0,0,0,0,0,0,3,11,0,50,5084,995,1,40-49,2,High-Value Store Loyalists,0.4510050048114533,-0.8688285145253271,3,1.0,High-Value Omnichannel Customers
7574,1979,PhD,Together,27922.0,1,0,2014-05-10,80,11,0,13,2,4,11,1,2,0,3,4,0,0,0,0,0,0,3,11,0,46,4498,41,1,40-49,4,High-Value Omnichannel Customers,-1.5333403625542914,1.2805989115517813,0,0.9998614060997864,Low-Value Customers
6387,1976,PhD,Together,52190.0,1,1,2014-05-08,39,42,0,17,0,0,18,3,2,1,3,5,1,0,0,0,0,0,3,11,0,49,4500,77,2,40-49,0,Recent Low-Value Customers,-1.1743396198914415,-0.027151420623568737,0,0.8764680137372409,Low-Value Customers
5320,1973,Master,Divorced,44051.0,1,1,2013-01-29,20,79,7,58,6,3,18,4,3,1,4,6,0,0,0,0,0,0,3,11,1,52,4964,171,2,50-59,0,Recent Low-Value Customers,-1.0918944854976094,-0.8613496915996115,2,0.9999331743258707,Mid-Value Active Customers
5048,1971,PhD,Single,42767.0,2,0,2013-05-11,53,20,6,43,19,5,38,1,3,1,2,8,0,0,0,0,0,0,3,11,0,54,4862,131,2,50-59,4,High-Value Omnichannel Customers,-1.7160172246594592,-0.005963471135317735,2,0.9870886691471136,Mid-Value Active Customers
8146,1976,Master,Together,46106.0,1,1,2014-05-11,84,30,0,8,2,0,14,1,1,1,2,6,0,0,0,0,0,0,3,11,0,49,4497,54,2,40-49,4,High-Value Omnichannel Customers,-1.7288549947428156,1.372540933248252,0,0.9767200205179968,Low-Value Customers
10031,1976,PhD,Married,16927.0,1,1,2013-02-10,50,20,2,23,3,1,4,5,3,0,4,8,0,0,0,0,0,0,3,11,0,49,4952,53,2,40-49,0,Recent Low-Value Customers,-2.038246509170873,-0.25093848502294624,0,0.9970110185490699,Low-Value Customers
5748,1965,Graduation,Married,59754.0,0,1,2012-12-01,96,115,27,44,4,146,139,3,5,2,6,5,0,0,0,0,0,0,3,11,1,60,5023,475,1,50-59,4,High-Value Omnichannel Customers,0.2883836373383826,1.4489144363957047,2,0.9538428788201798,Mid-Value Active Customers
2134,1952,Graduation,Single,53700.0,0,1,2012-08-17,94,263,5,233,69,41,83,4,5,5,8,5,0,0,0,0,0,0,3,11,0,73,5129,694,1,70+,1,High-Value At-Risk Customers,0.8088355703319593,1.438782337412712,1,0.993198965736855,High-Value Store Customers
1523,1973,Graduation,Married,59041.0,1,1,2014-05-07,25,69,2,15,2,2,6,2,2,0,4,5,0,0,0,0,0,0,3,11,0,52,4501,96,2,50-59,0,Recent Low-Value Customers,-0.8506768748864213,-0.44290881417094546,2,0.5281861124980505,Mid-Value Active Customers
9665,1957,PhD,Divorced,54237.0,0,1,2013-04-27,48,267,3,30,4,0,57,4,5,2,5,6,0,0,0,0,0,0,3,11,0,68,4876,361,1,60-69,5,Low-Engagement Mature Customers,-0.12607235553405696,-0.06779467515525273,2,0.9995361240661994,Mid-Value Active Customers
4640,1967,Graduation,Divorced,70647.0,0,1,2012-09-21,65,561,85,171,25,123,114,2,4,7,13,2,0,0,0,0,0,0,3,11,0,58,5094,1079,1,50-59,1,High-Value At-Risk Customers,2.3192923023592718,0.7630688509562351,1,0.9990740454403229,High-Value Store Customers
3635,1962,PhD,Single,52597.0,0,1,2014-05-07,69,492,0,37,7,0,42,3,6,3,8,5,0,0,0,0,0,0,3,11,0,63,4501,578,1,60-69,2,High-Value Store Loyalists,0.6944454172230298,0.4614030800081651,2,0.7522896185932069,Mid-Value Active Customers
3547,1969,Master,Together,41021.0,1,0,2012-12-30,12,14,7,9,6,16,12,2,2,0,3,6,0,0,0,0,0,0,3,11,1,56,4994,64,1,50-59,0,Recent Low-Value Customers,-1.4709301413034956,-0.9420648374766147,0,0.9653621580997175,Low-Value Customers
2456,1975,PhD,Married,40233.0,0,1,2013-10-14,84,80,4,46,0,17,2,5,2,1,5,6,0,0,0,0,0,0,3,11,0,50,4706,149,1,40-49,4,High-Value Omnichannel Customers,-1.1769533361149114,1.1832730089334722,2,0.9999279335015194,Mid-Value Active Customers
5633,1980,Graduation,Married,50183.0,1,1,2014-06-25,47,97,12,84,13,10,15,7,3,1,6,5,0,0,0,0,0,0,3,11,0,45,4452,231,2,40-49,0,Recent Low-Value Customers,-0.5589015695339157,-0.008177626970664913,2,0.9997368716803231,Mid-Value Active Customers
7801,1959,Graduation,Together,54753.0,0,1,2013-09-12,87,197,107,227,7,59,131,3,5,2,11,4,0,0,0,0,0,0,3,11,0,66,4738,728,1,60-69,1,High-Value At-Risk Customers,1.3612251619797522,1.2015424873596676,1,0.9989147663075036,High-Value Store Customers
10489,1973,Graduation,Married,92955.0,0,0,2013-08-19,35,693,21,925,31,24,84,1,6,7,9,2,0,0,1,1,0,0,3,11,1,52,4762,1778,0,50-59,3,Dormant / Disengaged Customers,2.929688240573321,-0.318286323230456,1,0.9605039487741956,High-Value Store Customers
7011,1973,Graduation,Married,33471.0,1,0,2012-10-12,47,43,2,27,0,9,12,3,3,0,4,7,0,0,0,0,0,0,3,11,0,52,5073,93,1,50-59,0,Recent Low-Value Customers,-1.50352882076095,-0.16212350054228916,0,0.9294625441541121,Low-Value Customers
2620,1974,PhD,Married,34596.0,1,0,2013-04-13,48,14,0,2,0,0,7,1,1,0,2,8,0,0,0,0,0,0,3,11,1,51,4890,23,1,50-59,0,Recent Low-Value Customers,-2.2642986615847924,0.013814084384993786,0,0.9949337219297313,Low-Value Customers
3933,1980,Graduation,Together,44010.0,1,0,2012-10-13,46,186,36,234,86,72,48,6,10,2,6,9,0,0,0,0,0,0,3,11,0,45,5072,662,1,40-49,2,High-Value Store Loyalists,0.0020178336914293167,-1.3009283169355397,2,0.9593834278724769,Mid-Value Active Customers
10981,1988,Graduation,Married,84219.0,0,0,2014-02-02,27,434,137,400,45,137,45,1,3,4,10,1,0,0,0,0,0,0,3,11,0,37,4595,1198,0,30-39,3,Dormant / Disengaged Customers,1.9924389354476848,-0.2871477057003921,1,0.9981161252279658,High-Value Store Customers
1734,1968,PhD,Together,40706.0,2,1,2013-01-17,37,59,0,11,4,2,5,4,3,0,4,7,0,0,0,0,0,0,3,11,0,57,4976,81,3,50-59,0,Recent Low-Value Customers,-1.3190904222976498,-0.40870761504169933,0,0.8289717290407413,Low-Value Customers
10995,1988,2n Cycle,Married,15716.0,1,0,2012-11-12,8,16,5,30,8,7,26,3,3,0,4,8,0,0,0,0,0,1,3,11,0,37,5042,92,1,30-39,0,Recent Low-Value Customers,-2.1856349088589435,-1.671299095029431,0,0.9971469235878841,Low-Value Customers
6357,1959,2n Cycle,Divorced,59052.0,0,1,2013-11-17,29,230,35,75,63,57,31,3,7,1,7,5,0,0,0,0,0,0,3,11,0,66,4672,491,1,60-69,2,High-Value Store Loyalists,0.755714401881293,-0.8190966332978106,2,0.8651588630437643,Mid-Value Active Customers
9209,1971,Master,Together,80573.0,0,0,2012-10-14,85,829,138,430,60,92,15,1,4,6,13,2,0,0,0,0,0,0,3,11,0,54,5071,1564,0,50-59,3,Dormant / Disengaged Customers,2.8713442949544397,1.352402939498176,1,0.9907745118618017,High-Value Store Customers
10286,1962,Graduation,Married,83715.0,0,0,2014-02-03,2,318,8,407,150,35,8,1,2,8,13,0,0,0,0,0,0,0,3,11,0,63,4594,926,0,60-69,1,High-Value At-Risk Customers,2.5229265035192427,-0.6576679164141067,1,0.9998074229426747,High-Value Store Customers
2611,1959,Master,Together,82576.0,0,0,2012-08-01,66,1206,55,445,168,18,18,1,2,4,12,1,0,0,1,0,0,0,3,11,0,66,5145,1910,0,60-69,1,High-Value At-Risk Customers,3.084791091745028,1.2276424269294692,1,0.9847751406987307,High-Value Store Customers
1600,1965,Master,Married,56962.0,2,1,2013-10-11,60,292,3,77,10,3,26,7,6,3,5,7,0,0,0,0,0,0,3,11,0,60,4709,411,3,50-59,2,High-Value Store Loyalists,-0.1482598251094683,0.007750444657810204,2,0.9981023146336823,Mid-Value Active Customers
3308,1952,Graduation,Married,35704.0,1,1,2014-01-03,54,30,9,12,2,11,30,3,2,0,4,4,0,0,0,0,0,0,3,11,0,73,4625,94,2,70+,5,Low-Engagement Mature Customers,-0.8736477163265947,0.7183842164413611,0,0.9699262133949113,Low-Value Customers
5407,1954,Graduation,Together,53103.0,0,1,2013-09-12,70,729,17,133,11,0,195,5,10,6,7,7,1,0,0,0,0,0,3,11,0,71,4738,1085,1,70+,2,High-Value Store Loyalists,1.3069206077821685,-0.09538862171095401,1,0.9194019447842462,High-Value Store Customers
2166,1960,2n Cycle,Widow,46779.0,1,1,2013-07-12,55,12,1,3,0,0,7,1,0,1,2,4,0,0,0,0,0,0,3,11,0,65,4800,23,2,60-69,5,Low-Engagement Mature Customers,-1.3796301111037028,0.9688262007131176,0,0.930921952012848,Low-Value Customers
3955,1965,Graduation,Divorced,4861.0,0,0,2014-06-22,20,2,1,1,1,0,1,0,0,0,0,14,0,0,0,0,0,0,3,11,0,60,4455,6,0,50-59,0,Recent Low-Value Customers,-4.083113332930472,-1.384952539406921,3,0.9998574434189124,High-Value Omnichannel Customers
6634,1979,Master,Divorced,33462.0,1,0,2013-08-07,78,22,3,18,0,0,11,1,2,0,3,7,0,0,0,0,0,0,3,11,0,46,4774,54,1,40-49,4,High-Value Omnichannel Customers,-1.880268740403201,0.8785432144035941,0,0.9806103922340074,Low-Value Customers
3056,1978,Graduation,Divorced,63693.0,0,1,2013-10-14,63,587,43,337,42,87,54,3,11,6,9,6,0,0,0,0,0,0,3,11,0,47,4706,1150,1,40-49,2,High-Value Store Loyalists,1.8443592149487102,-0.5560626520841511,1,0.7604909745416376,High-Value Store Customers
5718,1950,Graduation,Married,80763.0,0,0,2013-08-15,17,674,168,108,192,42,231,1,5,11,6,3,0,0,1,1,0,0,3,11,1,75,4766,1415,0,70+,1,High-Value At-Risk Customers,1.9463489710949562,-0.6121350654009389,1,0.9871032874397633,High-Value Store Customers
6872,1974,PhD,Married,65352.0,0,1,2013-08-21,43,284,3,84,4,7,23,2,4,2,8,4,0,0,0,0,0,0,3,11,0,51,4760,405,1,50-59,3,Dormant / Disengaged Customers,0.5236078694721855,-0.08766837773677612,2,0.9439395975890099,Mid-Value Active Customers
8164,1978,PhD,Married,82170.0,0,0,2013-11-25,13,1023,93,651,49,55,37,1,5,6,7,2,0,0,0,0,0,0,3,11,0,47,4664,1908,0,40-49,3,Dormant / Disengaged Customers,2.3452320749776194,-0.9195073533881715,1,0.9959347675129968,High-Value Store Customers
4580,1969,Graduation,Married,75759.0,0,0,2013-10-25,46,1394,22,708,89,91,182,1,9,7,9,5,1,0,1,1,0,0,3,11,1,56,4695,2486,0,50-59,2,High-Value Store Loyalists,3.1914578022582485,-0.6821750555794489,1,0.9843180875948844,High-Value Store Customers
9305,1976,2n Cycle,Single,79689.0,0,0,2013-05-12,65,311,26,640,180,37,121,1,4,9,13,2,0,0,0,0,0,0,3,11,0,49,4861,1315,0,40-49,3,Dormant / Disengaged Customers,2.578517046658236,0.691218281863667,1,0.994314296121292,High-Value Store Customers
453,1956,PhD,Widow,35340.0,1,1,2014-06-29,1,27,0,12,0,1,5,2,2,0,3,5,0,0,0,0,0,0,3,11,0,69,4448,45,2,60-69,5,Low-Engagement Mature Customers,-1.2841488362702735,-1.0565287987483312,0,0.9943979695230953,Low-Value Customers
8545,1954,Graduation,Divorced,85683.0,0,0,2014-03-21,6,1296,17,311,45,69,51,1,2,4,10,1,0,1,1,1,1,0,3,11,1,71,4548,1789,0,70+,1,High-Value At-Risk Customers,2.795029476707651,-0.5280509275662961,1,0.9892034535953727,High-Value Store Customers
9850,1972,2n Cycle,Married,24884.0,1,0,2012-11-29,32,3,6,7,0,0,3,1,0,0,3,7,0,0,0,0,0,0,3,11,0,53,5025,19,1,50-59,0,Recent Low-Value Customers,-2.263312859112802,-0.28401112187627414,0,0.9767851680986992,Low-Value Customers
7378,1981,Master,Together,42021.0,1,0,2012-08-31,34,393,5,136,7,5,27,5,10,1,6,9,1,0,0,0,0,0,3,11,0,44,5115,573,1,40-49,2,High-Value Store Loyalists,-0.12578660664833866,-1.6842864305784035,2,0.8785368092311823,Mid-Value Active Customers
7646,1989,Graduation,Single,64449.0,1,0,2014-02-18,70,218,63,282,137,35,70,4,5,3,12,4,0,0,0,0,0,0,3,11,0,36,4579,805,1,30-39,3,Dormant / Disengaged Customers,1.3836734844349043,0.38769220186649617,1,0.9955469718207158,High-Value Store Customers
1640,1954,Graduation,Divorced,64587.0,1,1,2014-06-22,49,66,0,16,0,6,20,2,1,1,4,3,0,0,0,0,0,0,3,11,0,71,4455,108,2,70+,5,Low-Engagement Mature Customers,-0.32302160783482536,0.8363341546157326,2,0.9748657050844469,Mid-Value Active Customers
5184,1995,Graduation,Single,34824.0,0,0,2014-03-26,65,4,2,11,2,0,4,1,1,0,2,6,0,0,0,0,0,0,3,11,0,30,4543,23,0,18-29,4,High-Value Omnichannel Customers,-2.204189081481054,0.5798772666391846,0,0.9352117925421796,Low-Value Customers
8492,1978,Graduation,Together,75437.0,0,0,2013-11-09,25,795,0,545,95,58,0,1,8,4,10,6,0,0,0,1,0,0,3,11,0,47,4680,1493,0,40-49,2,High-Value Store Loyalists,2.092004597081015,-1.4177719919059821,1,0.6794237123084438,High-Value Store Customers
11188,1957,Graduation,Together,26091.0,1,1,2014-02-25,84,15,10,19,8,17,20,3,2,1,3,5,0,0,0,0,0,0,3,11,0,68,4572,89,2,60-69,4,High-Value Omnichannel Customers,-1.4115746594100032,1.4878590822894733,0,0.9827299925444295,Low-Value Customers
1212,1973,Graduation,Married,52845.0,1,0,2013-08-13,7,384,25,292,130,41,64,3,8,8,6,6,1,0,0,0,0,0,3,11,0,52,4768,936,1,50-59,2,High-Value Store Loyalists,0.6705551754282939,-1.8648511687816007,1,0.8555493174662273,High-Value Store Customers
9097,1956,Graduation,Divorced,46086.0,0,1,2013-11-03,34,244,8,32,7,2,50,4,3,1,8,4,0,0,0,0,0,0,3,11,0,69,4686,343,1,60-69,5,Low-Engagement Mature Customers,0.19344153012457724,-0.13106704363841687,2,0.9245567437824719,Mid-Value Active Customers
10473,1956,PhD,Widow,78028.0,0,1,2012-09-10,38,158,19,288,25,0,38,1,6,4,9,7,0,1,1,0,0,0,3,11,1,69,5105,528,1,60-69,2,High-Value Store Loyalists,1.0339738673757657,-0.6439026715598121,3,0.9874683564925057,High-Value Omnichannel Customers
7962,1987,PhD,Single,95169.0,0,0,2013-10-09,1,1285,21,449,106,20,20,1,4,3,4,1,0,0,1,1,0,0,3,11,1,38,4711,1901,0,30-39,3,Dormant / Disengaged Customers,2.0546673695502955,-1.0471075354295123,1,0.9973752487249138,High-Value Store Customers
9984,1981,2n Cycle,Married,56337.0,1,1,2013-03-27,25,349,16,144,28,5,182,5,8,5,4,8,1,0,0,1,0,0,3,11,1,44,4907,724,2,40-49,2,High-Value Store Loyalists,-0.13471262740829226,-1.552051240750596,3,0.9803302875558744,High-Value Omnichannel Customers
5527,1987,Graduation,Together,22434.0,1,0,2013-02-13,25,4,12,11,3,13,15,2,2,0,3,8,0,0,0,0,0,0,3,11,0,38,4949,58,1,30-39,0,Recent Low-Value Customers,-2.3497936268491704,-0.9843675158513994,0,0.9931653873509264,Low-Value Customers
6374,1954,PhD,Married,36930.0,0,1,2013-05-17,50,223,2,31,0,2,39,5,5,2,4,8,0,0,0,0,0,0,3,11,0,71,4856,297,1,70+,5,Low-Engagement Mature Customers,-0.9220396234580461,-0.2253816399718411,2,0.9993797621212155,Mid-Value Active Customers
7453,1954,Graduation,Single,36130.0,0,1,2013-02-02,46,157,43,127,68,56,37,6,3,8,4,4,1,0,0,0,0,0,3,11,1,71,4960,488,1,70+,5,Low-Engagement Mature Customers,-0.42719650888485117,0.32971882361923555,1,0.9703898853512478,High-Value Store Customers
8952,1953,Master,Married,65569.0,0,1,2012-11-05,96,397,46,288,20,38,70,2,6,5,10,3,0,0,0,0,0,0,3,11,0,72,5049,859,1,70+,1,High-Value At-Risk Customers,1.8916484519927914,1.5900561854436812,1,0.9985582901973762,High-Value Store Customers
241,1952,Graduation,Together,83844.0,0,0,2013-05-12,57,901,31,345,75,31,191,1,4,4,11,1,0,0,1,0,0,0,3,11,0,73,4861,1574,0,70+,1,High-Value At-Risk Customers,3.0282591616284935,0.8345861885432861,1,0.9978747925750875,High-Value Store Customers
8975,1968,Graduation,Married,19514.0,1,1,2014-01-26,47,14,3,21,2,1,28,4,3,1,2,8,1,0,0,0,0,0,3,11,0,57,4602,69,2,50-59,0,Recent Low-Value Customers,-2.170756938849687,-0.2150520163848972,0,0.9463433159678137,Low-Value Customers
6119,1963,PhD,Single,36736.0,1,1,2013-05-10,52,10,0,3,0,0,4,1,1,0,2,6,0,0,0,0,0,0,3,11,0,62,4863,17,2,60-69,5,Low-Engagement Mature Customers,-1.7860224389339594,0.48101666494818757,0,0.9450139672458914,Low-Value Customers
5236,1979,Graduation,Together,77568.0,0,1,2012-08-25,30,1230,0,396,232,178,158,1,10,2,8,5,0,1,1,1,0,0,3,11,0,46,5121,2194,1,40-49,2,High-Value Store Loyalists,2.8400580113467124,-1.343183984459694,1,0.9768287240831303,High-Value Store Customers
5723,1976,PhD,Together,49187.0,0,1,2014-01-11,63,81,1,31,2,1,0,1,1,1,5,2,0,0,0,0,0,0,3,11,0,49,4617,116,1,40-49,4,High-Value Omnichannel Customers,-0.5713047329659794,1.1222251954685123,2,0.9907244719588412,Mid-Value Active Customers
1710,1978,Graduation,Single,30168.0,1,0,2013-03-07,51,154,20,66,0,12,27,7,6,1,4,9,0,0,0,0,0,0,3,11,0,47,4927,279,1,40-49,0,Recent Low-Value Customers,-1.3782637216375224,-0.660669448391885,2,0.9959647066454359,Mid-Value Active Customers
1970,1968,Master,Together,34053.0,0,1,2012-09-10,14,63,0,21,7,0,12,1,3,0,3,8,0,0,0,0,0,0,3,11,0,57,5105,103,1,50-59,0,Recent Low-Value Customers,-1.7313867101196398,-1.231678679680178,0,0.7231069990277758,Low-Value Customers
5313,1971,Master,Married,38196.0,1,1,2014-04-18,20,30,0,11,0,0,3,3,2,0,4,5,0,0,0,0,0,0,3,11,0,54,4520,44,2,50-59,0,Recent Low-Value Customers,-1.2636237410742566,-0.6251783140061139,0,0.9702719560474361,Low-Value Customers
10634,1951,Master,Married,59412.0,0,0,2014-04-19,56,90,67,165,30,43,11,1,4,2,8,3,0,0,0,0,0,0,3,11,0,74,4519,406,0,70+,1,High-Value At-Risk Customers,0.8507342414784931,0.6353535751686484,2,0.7957827466818385,Mid-Value Active Customers
7010,1965,2n Cycle,Married,70924.0,0,0,2014-04-07,41,635,114,254,132,152,76,1,6,6,7,3,0,0,1,0,0,0,3,11,0,60,4531,1363,0,50-59,1,High-Value At-Risk Customers,1.8190971621271745,-0.1618582462560836,1,0.9916605071416149,High-Value Store Customers
8562,1969,Graduation,Together,54165.0,0,0,2013-05-28,72,127,4,73,15,6,11,1,2,1,7,2,0,0,0,0,0,0,3,11,0,56,4845,236,0,50-59,4,High-Value Omnichannel Customers,0.135668350248208,1.316830444340898,2,0.9116686720918287,Mid-Value Active Customers
3158,1973,Graduation,Married,32300.0,1,0,2013-01-03,1,13,3,6,6,5,6,1,1,0,3,8,0,0,0,0,0,0,3,11,0,52,4990,39,1,50-59,0,Recent Low-Value Customers,-2.14832225754299,-1.465837340289465,0,0.991812676456656,Low-Value Customers
4436,1976,Graduation,Single,20180.0,0,0,2013-02-20,27,18,42,24,15,20,18,1,2,1,4,7,0,0,0,0,0,0,3,11,0,49,4942,137,0,40-49,0,Recent Low-Value Customers,-1.8911482599682636,-0.7339041464920544,2,0.9887333602109564,Mid-Value Active Customers
5287,1973,Graduation,Married,34961.0,1,0,2014-06-19,77,45,2,26,4,1,1,3,3,1,3,7,0,0,0,0,0,0,3,11,0,52,4458,79,1,50-59,4,High-Value Omnichannel Customers,-1.6252243522719838,0.7973006511684737,0,0.9492754302996561,Low-Value Customers
2445,1974,PhD,Together,28440.0,1,0,2013-07-07,87,38,1,24,0,0,0,1,2,0,3,8,0,0,0,0,0,0,3,11,0,51,4805,63,1,50-59,4,High-Value Omnichannel Customers,-2.0576485295565705,1.0756310273960776,0,0.985214646527802,Low-Value Customers
6059,1953,PhD,Together,64504.0,1,2,2013-03-04,81,986,36,168,16,0,108,7,11,3,4,7,0,0,0,0,0,0,3,11,1,72,4930,1314,3,70+,2,High-Value Store Loyalists,1.4250336616345043,0.23752202042730616,1,0.87127872124936,High-Value Store Customers
4550,1966,Master,Together,33564.0,0,1,2014-06-24,51,61,0,3,0,0,7,1,1,1,3,5,0,0,0,0,0,0,3,11,0,59,4453,71,1,50-59,5,Low-Engagement Mature Customers,-1.537420895146153,0.5058250821616521,0,0.9426962791647047,Low-Value Customers
4240,1978,Graduation,Married,17345.0,1,0,2012-11-03,79,4,9,16,17,0,12,2,2,1,2,8,0,0,0,0,0,0,3,11,0,47,5051,58,1,40-49,4,High-Value Omnichannel Customers,-2.467326084867831,0.7889368926765146,0,0.9796969647397002,Low-Value Customers
8911,1967,PhD,Married,56320.0,0,1,2013-04-08,11,201,53,172,116,77,83,3,5,4,9,4,0,0,0,0,0,0,3,11,0,58,4895,702,1,50-59,2,High-Value Store Loyalists,0.9596905635531392,-1.1794978614728915,1,0.994961534682744,High-Value Store Customers
3706,1978,Graduation,Single,28647.0,1,0,2013-08-21,54,19,8,29,0,12,26,1,2,2,2,7,1,0,0,0,0,0,3,11,1,47,4760,94,1,40-49,0,Recent Low-Value Customers,-2.0769921347770657,0.15488255194471898,0,0.5642729164992292,Low-Value Customers
3628,1987,Basic,Single,15038.0,1,0,2013-01-29,93,4,8,11,19,12,26,2,2,1,2,9,0,0,0,0,0,0,3,11,0,38,4964,80,1,30-39,4,High-Value Omnichannel Customers,-2.7522625899544244,1.015690397606136,0,0.9211283210272012,Low-Value Customers
10175,1958,PhD,Divorced,32173.0,0,1,2013-08-01,0,18,0,2,0,0,2,1,1,0,3,4,0,0,0,0,0,0,3,11,0,67,4780,22,1,60-69,5,Low-Engagement Mature Customers,-1.3667156490789687,-0.8863403878332996,0,0.9982686238892351,Low-Value Customers
8985,1964,2n Cycle,Together,68316.0,0,1,2012-11-04,54,806,80,161,120,11,33,5,10,7,10,6,0,0,0,0,0,0,3,11,0,61,5050,1211,1,60-69,2,High-Value Store Loyalists,2.1643254998300314,-0.6109497365128402,1,0.9657205025195876,High-Value Store Customers
5204,1971,Graduation,Together,74538.0,0,0,2013-06-29,21,380,98,733,110,112,28,1,8,8,5,3,0,0,1,0,0,0,3,11,1,54,4813,1461,0,50-59,3,Dormant / Disengaged Customers,1.8652399188606903,-1.0035009453038324,1,0.7900272924731798,High-Value Store Customers
9220,1971,Graduation,Single,91700.0,0,0,2013-01-17,58,576,172,961,125,115,19,1,8,6,5,3,0,0,0,0,0,0,3,11,1,54,4976,1968,0,50-59,3,Dormant / Disengaged Customers,2.6252691815800326,0.1668120841894155,1,0.950430289610954,High-Value Store Customers
9888,1969,Graduation,Together,68695.0,0,0,2014-06-25,3,458,81,356,106,50,40,1,4,4,7,2,0,0,0,0,0,0,3,11,0,56,4452,1091,0,50-59,3,Dormant / Disengaged Customers,1.3773837441916712,-1.0392193863234465,1,0.9987718797752365,High-Value Store Customers
5263,1977,2n Cycle,Married,31056.0,1,0,2013-01-22,99,5,10,13,3,8,16,1,1,0,3,8,0,0,0,0,0,0,3,11,0,48,4971,55,1,40-49,4,High-Value Omnichannel Customers,-2.181432586809144,1.5352726841608084,0,0.9937780946031389,Low-Value Customers
1020,1973,Graduation,Married,79593.0,0,0,2014-05-12,70,350,60,568,110,133,145,1,5,6,7,2,0,0,1,0,0,0,3,11,0,52,4496,1366,0,50-59,3,Dormant / Disengaged Customers,1.915755355609532,0.9094284543152688,1,0.9962469069350433,High-Value Store Customers
9503,1980,Graduation,Single,28071.0,0,0,2012-08-29,65,39,33,130,41,26,44,2,5,1,5,8,0,0,0,0,0,0,3,11,0,45,5117,313,0,40-49,4,High-Value Omnichannel Customers,-1.2429419712791643,-0.04869169411554938,2,0.9992012859081375,Mid-Value Active Customers
10613,1958,PhD,Together,37334.0,1,1,2014-02-26,44,26,1,16,2,2,15,4,3,0,4,4,0,0,0,0,0,0,3,11,0,67,4571,62,2,60-69,5,Low-Engagement Mature Customers,-0.8130414675514428,0.2474908860836442,0,0.9990657515361889,Low-Value Customers
67,1972,Master,Single,46423.0,1,1,2013-09-18,6,68,0,16,0,0,8,3,2,0,4,7,0,0,0,0,0,0,3,11,0,53,4732,92,2,50-59,0,Recent Low-Value Customers,-1.3919660237283717,-1.2867745586545531,0,0.7260359829997425,Low-Value Customers
6019,1971,PhD,Married,37126.0,1,0,2014-03-30,9,45,3,9,4,4,7,1,1,2,2,6,1,0,0,0,0,0,3,11,1,54,4539,72,1,50-59,0,Recent Low-Value Customers,-1.841228091151943,-0.9297651536476222,0,0.9015867773618134,Low-Value Customers
5863,1953,Graduation,Married,47703.0,0,1,2013-05-29,95,359,0,134,13,26,123,4,6,3,8,5,0,0,0,0,0,0,3,11,0,72,4844,655,1,70+,1,High-Value At-Risk Customers,0.7839492789052283,1.3390517516829685,1,0.8717978679855685,High-Value Store Customers
3717,1959,Graduation,Married,61180.0,0,1,2014-04-23,70,403,24,29,6,24,218,2,5,5,6,3,1,0,0,0,0,0,3,11,0,66,4515,704,1,60-69,1,High-Value At-Risk Customers,0.8824573628093174,0.928304411108621,1,0.9983905691810048,High-Value Store Customers
6730,1954,Graduation,Married,38998.0,1,1,2012-11-03,92,34,1,14,0,0,5,3,2,0,3,8,0,0,0,0,0,1,3,11,0,71,5051,54,2,70+,4,High-Value Omnichannel Customers,-1.6211144410383185,1.4428186017150402,0,0.9797220798326237,Low-Value Customers
10749,1991,Graduation,Single,8028.0,0,0,2012-09-18,62,73,18,66,7,12,2,15,0,1,0,19,0,0,0,0,0,0,3,11,0,34,5097,178,0,30-39,0,Recent Low-Value Customers,-4.95427298810895,-0.9106988353535176,3,1.0,High-Value Omnichannel Customers
4998,1962,Graduation,Together,76081.0,0,0,2014-05-23,85,292,30,415,63,33,200,1,4,5,4,2,0,0,0,1,0,0,3,11,0,63,4485,1033,0,60-69,1,High-Value At-Risk Customers,1.1370367823667757,1.6635806856269422,1,0.9987989247441379,High-Value Store Customers
6287,1986,Graduation,Together,34728.0,1,0,2013-07-30,2,14,0,16,0,0,6,1,1,1,2,6,0,0,0,0,0,0,3,11,1,39,4782,36,1,30-39,0,Recent Low-Value Customers,-2.1016472755518074,-1.2919645318122315,0,0.9823165304206672,Low-Value Customers
5985,1965,Master,Single,33168.0,0,1,2012-10-13,0,80,1,37,0,1,3,3,2,1,4,7,0,0,0,0,0,0,3,11,0,60,5072,122,1,50-59,0,Recent Low-Value Customers,-1.5321924230773465,-1.4386742266078725,2,0.9472021676161236,Mid-Value Active Customers
4754,1966,Master,Married,33585.0,0,1,2013-09-25,91,30,11,33,13,6,29,1,2,0,4,4,0,0,0,0,0,0,3,11,0,59,4725,122,1,50-59,4,High-Value Omnichannel Customers,-1.0511421728343044,1.7298056706936822,2,0.5866873844660471,Mid-Value Active Customers
4002,1960,PhD,Married,77037.0,0,1,2013-10-13,3,463,96,333,168,53,10,1,7,7,12,3,0,0,0,0,0,0,3,11,0,65,4707,1123,1,60-69,1,High-Value At-Risk Customers,2.6445422382659234,-1.502927355109819,1,0.9802498508081849,High-Value Store Customers
8870,1984,Graduation,Together,35196.0,1,0,2012-11-13,68,75,12,141,43,39,187,6,6,1,5,8,0,0,0,0,0,0,3,11,1,41,5041,497,1,40-49,4,High-Value Omnichannel Customers,-0.8690247353351626,-0.09215852843320015,2,0.9857929707448922,Mid-Value Active Customers
966,1966,Graduation,Married,44529.0,0,1,2013-07-05,98,538,13,91,17,6,26,6,6,2,11,5,0,1,0,0,0,0,3,11,0,59,4807,691,1,50-59,2,High-Value Store Loyalists,1.033991779841931,1.2288373278152553,1,0.9816869934236102,High-Value Store Customers
4767,1965,2n Cycle,Married,70924.0,0,0,2014-04-07,41,635,114,254,132,152,76,1,6,6,7,3,0,0,1,0,0,0,3,11,0,60,4531,1363,0,50-59,1,High-Value At-Risk Customers,1.8190971621271745,-0.1618582462560836,1,0.9916605071416149,High-Value Store Customers
9725,1966,PhD,Together,28764.0,1,1,2014-06-05,16,8,0,3,0,0,1,1,1,0,2,8,1,0,0,0,0,0,3,11,0,59,4472,12,2,50-59,0,Recent Low-Value Customers,-2.2940153205467073,-0.9174128080198928,0,0.9803371040710815,Low-Value Customers
4475,1949,PhD,Married,69098.0,0,0,2013-02-16,82,1315,22,780,145,0,178,1,7,8,9,5,0,0,0,0,0,0,3,11,0,76,4946,2440,0,70+,1,High-Value At-Risk Customers,3.015364420537568,0.8272986614678531,1,0.9288140792794601,High-Value Store Customers
5740,1970,2n Cycle,Divorced,25959.0,1,1,2013-02-14,1,4,2,12,7,5,26,2,1,2,2,6,0,0,0,0,0,0,3,11,1,55,4948,56,2,50-59,0,Recent Low-Value Customers,-2.0547181671649826,-1.1936684719489532,0,0.9825665122831314,Low-Value Customers
5731,1983,Master,Married,27100.0,1,0,2013-04-05,64,12,0,13,2,0,10,1,1,0,3,7,0,0,0,0,0,0,3,11,0,42,4898,37,1,40-49,4,High-Value Omnichannel Customers,-2.1995784807996044,0.5015473681910376,0,0.9868483004316716,Low-Value Customers
7290,1985,Graduation,Single,70596.0,0,0,2012-10-05,68,347,44,534,17,0,26,1,3,5,12,2,0,0,0,0,0,0,3,11,0,40,5080,968,0,30-39,3,Dormant / Disengaged Customers,1.7272423856885923,0.8244264605804018,1,0.9992300000956976,High-Value Store Customers
3846,1974,Graduation,Married,42557.0,0,1,2012-08-29,98,192,5,53,0,5,15,4,6,1,4,8,0,0,0,0,0,0,3,11,0,51,5117,270,1,50-59,4,High-Value Omnichannel Customers,-0.937746865777935,0.9817629890200757,2,0.9984814612583305,Mid-Value Active Customers
8104,1951,PhD,Married,53312.0,0,0,2013-08-09,32,241,0,12,0,0,25,1,5,1,5,7,0,0,0,0,0,0,3,11,0,74,4772,278,0,70+,5,Low-Engagement Mature Customers,-0.29825829313078184,-0.6248390764451927,2,0.9996005010460003,Mid-Value Active Customers
4507,1952,Graduation,Single,72228.0,0,0,2012-11-27,87,631,28,491,30,14,56,1,6,7,8,3,0,0,0,0,0,0,3,11,0,73,5027,1250,0,70+,1,High-Value At-Risk Customers,2.0648799015541477,1.3704829953204059,1,0.9966832986756543,High-Value Store Customers
11013,1987,Graduation,Together,67605.0,0,0,2013-03-31,84,336,28,282,184,54,54,1,2,8,6,1,0,0,0,0,0,0,3,11,0,38,4903,938,0,30-39,3,Dormant / Disengaged Customers,0.7718724842557559,1.6688291183452706,1,0.9999000212068332,High-Value Store Customers
4491,1949,Master,Married,62845.0,1,1,2012-10-01,3,1099,0,45,0,0,34,11,3,4,10,8,0,1,0,0,0,0,3,11,0,76,5084,1178,2,70+,1,High-Value At-Risk Customers,0.9661581257563843,-1.5362644568779955,3,0.9999999999999982,High-Value Omnichannel Customers
3759,1958,Graduation,Together,65196.0,0,2,2013-07-25,34,743,19,181,12,0,200,2,7,6,11,5,1,0,0,0,0,0,3,11,0,67,4787,1155,2,60-69,2,High-Value Store Loyalists,2.02773525613101,-0.7605158880115022,1,0.9837877800327128,High-Value Store Customers
1162,1987,PhD,Single,42000.0,0,0,2013-01-10,23,124,83,267,85,59,35,2,5,2,11,5,0,0,0,0,0,0,3,11,1,38,4983,653,0,30-39,3,Dormant / Disengaged Customers,0.5456068391872172,-1.1916095257015187,1,0.9432419115831975,High-Value Store Customers
2055,1973,PhD,Divorced,35860.0,1,1,2014-05-19,37,15,0,8,4,2,20,2,1,1,2,5,1,0,0,0,0,0,3,11,0,52,4489,49,2,50-59,0,Recent Low-Value Customers,-1.7476614489902782,0.03591624465547393,0,0.9623810670065763,Low-Value Customers
10766,1964,PhD,Married,65526.0,0,1,2014-04-11,22,397,19,69,12,0,9,1,4,4,8,2,0,0,0,0,0,0,3,11,0,61,4527,506,1,60-69,1,High-Value At-Risk Customers,1.0363516080830195,-0.4140286949139847,1,0.6082516676696822,High-Value Store Customers
4415,1961,Graduation,Married,16860.0,1,1,2012-09-12,19,10,4,4,3,3,14,3,1,1,3,7,0,0,0,0,0,0,3,11,0,64,5103,38,2,60-69,0,Recent Low-Value Customers,-2.1346099570106043,-0.7123969701929179,0,0.994994318889856,Low-Value Customers
3005,1992,Graduation,Single,83528.0,0,0,2014-05-01,7,530,117,678,134,44,147,1,4,10,8,1,1,0,0,1,0,0,3,11,1,33,4507,1650,0,30-39,3,Dormant / Disengaged Customers,2.147661851860679,-1.0229762900925248,1,0.9983070132612587,High-Value Store Customers
2223,1965,2n Cycle,Divorced,64176.0,0,1,2012-08-03,52,1215,33,249,64,116,149,8,8,9,8,6,0,0,0,0,0,0,3,11,0,60,5143,1826,1,50-59,2,High-Value Store Loyalists,2.0350716455295363,-0.446269113674986,1,0.9391408240742509,High-Value Store Customers
4817,1956,Graduation,Divorced,22304.0,0,0,2012-08-04,91,3,2,7,0,4,2,1,1,0,2,8,0,0,0,0,0,0,3,11,0,69,5142,18,0,60-69,4,High-Value Omnichannel Customers,-2.2688072058955893,1.4894799063773612,0,0.970378612020078,Low-Value Customers
2875,1978,Graduation,Married,67023.0,0,0,2014-03-04,93,444,44,382,11,8,17,1,3,7,13,2,0,0,0,0,0,1,3,11,0,47,4565,906,0,40-49,3,Dormant / Disengaged Customers,1.845515745811915,1.6357514623817409,1,0.9997015855979818,High-Value Store Customers
10536,1971,PhD,Together,32892.0,1,0,2014-05-25,78,26,0,15,2,1,2,2,3,0,3,8,0,0,0,0,0,0,3,11,0,54,4483,46,1,50-59,4,High-Value Omnichannel Customers,-1.8211661666681114,0.7261116724080251,0,0.9027257614154031,Low-Value Customers
11112,1966,Graduation,Together,70713.0,0,1,2012-12-03,23,736,114,279,82,76,190,6,5,6,8,3,0,0,0,0,0,0,3,11,0,59,5021,1477,1,50-59,1,High-Value At-Risk Customers,1.9073183222060563,-0.6496435805024317,1,0.99376714367427,High-Value Store Customers
3807,1955,Graduation,Together,59925.0,0,1,2012-11-30,83,473,21,176,19,21,56,3,9,2,9,6,0,0,0,0,0,0,3,11,0,70,5024,766,1,60-69,2,High-Value Store Loyalists,1.4701823142188786,0.5030945058359599,1,0.5961266173641278,High-Value Store Customers
9197,1953,Graduation,Married,39722.0,0,1,2014-02-24,92,32,0,5,2,0,8,2,2,0,3,5,0,0,0,0,0,0,3,11,0,72,4573,47,1,70+,4,High-Value Omnichannel Customers,-1.1395809947986513,1.8062701789759639,0,0.9646911030882088,Low-Value Customers
10832,1958,Graduation,Together,46610.0,0,0,2013-07-18,4,288,10,30,4,10,125,1,6,1,6,6,0,0,0,0,0,0,3,11,0,67,4794,467,0,60-69,5,Low-Engagement Mature Customers,0.07461956087283272,-1.5973780908346482,2,0.9876042668835832,Mid-Value Active Customers
6421,1961,Graduation,Together,88347.0,0,0,2013-07-03,32,1050,178,555,77,138,118,1,4,7,9,1,0,0,0,1,0,0,3,11,0,64,4809,2116,0,60-69,1,High-Value At-Risk Customers,3.1619620680206837,0.014472060712595328,1,0.9952574415493589,High-Value Store Customers
4207,1981,PhD,Married,87171.0,0,0,2013-05-01,27,1001,44,107,58,44,44,1,6,7,11,2,1,0,1,0,0,0,3,11,0,44,4872,1298,0,40-49,3,Dormant / Disengaged Customers,2.607985743268571,-0.6870038491574796,1,0.9707638967116632,High-Value Store Customers
577,1976,2n Cycle,Together,26907.0,1,1,2013-08-20,10,9,1,7,0,3,2,2,1,0,3,7,0,0,0,0,0,0,3,11,0,49,4761,22,2,40-49,0,Recent Low-Value Customers,-2.144528617306426,-1.1089429481018462,0,0.9842782364540082,Low-Value Customers
10855,1968,Master,Single,50014.0,1,0,2014-01-22,9,234,14,77,19,10,42,2,4,1,8,5,0,0,0,0,0,0,3,11,0,57,4606,396,1,50-59,5,Low-Engagement Mature Customers,0.13790740274069857,-1.2389047792653114,2,0.9811330984310829,Mid-Value Active Customers
3081,1978,PhD,Married,41014.0,1,0,2013-04-22,65,7,2,6,2,0,3,1,1,0,2,7,0,0,0,0,0,0,3,11,0,47,4881,20,1,40-49,4,High-Value Omnichannel Customers,-2.036583701272444,0.636151165641228,0,0.9855901157424236,Low-Value Customers
3535,1965,Graduation,Single,66294.0,0,0,2014-03-17,68,251,108,334,65,92,117,1,4,3,5,2,0,0,0,0,0,0,3,11,0,60,4552,967,0,50-59,1,High-Value At-Risk Customers,1.001950296282372,1.0633509719008614,1,0.9991429479875417,High-Value Store Customers
247,1971,Graduation,Married,36715.0,1,0,2012-11-17,16,172,10,125,21,13,16,6,7,2,4,9,0,0,0,0,0,0,3,11,1,54,5037,357,1,50-59,0,Recent Low-Value Customers,-0.9802421800286572,-1.7782160135940497,2,0.9927850726798108,Mid-Value Active Customers
8707,1956,Graduation,Married,79456.0,0,0,2012-08-22,12,565,42,548,64,83,99,1,5,6,4,3,0,0,0,0,0,0,3,11,1,69,5124,1401,0,60-69,1,High-Value At-Risk Customers,1.5438452331801977,-0.7774875475637039,1,0.9897193694826091,High-Value Store Customers
9523,1982,Graduation,Together,40479.0,1,0,2013-08-17,95,5,0,8,2,0,0,1,0,0,3,4,0,0,0,0,0,0,3,11,0,43,4764,15,1,40-49,4,High-Value Omnichannel Customers,-1.61724455516506,1.9657197686390724,0,0.8109988279356003,Low-Value Customers
6072,1970,Master,Single,75345.0,0,0,2013-02-02,16,918,57,842,99,38,133,1,5,8,6,3,0,0,0,1,0,0,3,11,1,55,4960,2087,0,50-59,3,Dormant / Disengaged Customers,2.166524993896176,-0.8661688044211991,1,0.9920235860766587,High-Value Store Customers
6295,1977,Graduation,Married,54233.0,0,1,2013-02-04,46,652,8,158,21,0,142,4,11,6,5,8,0,0,0,0,0,0,3,11,0,48,4958,981,1,40-49,2,High-Value Store Loyalists,0.6408010694551961,-1.2277222430425732,1,0.6977657565484302,High-Value Store Customers
10914,1970,Graduation,Single,24163.0,1,1,2013-10-12,3,4,1,7,2,1,2,2,1,0,3,4,0,0,0,0,0,0,3,11,0,55,4708,17,2,50-59,0,Recent Low-Value Customers,-1.6673544426073044,-0.9238762058767489,0,0.9999088182605426,Low-Value Customers
1509,1958,PhD,Together,84460.0,0,0,2013-01-04,80,152,27,103,106,54,81,0,9,9,4,5,0,1,1,1,1,0,3,11,1,67,4989,523,0,60-69,2,High-Value Store Loyalists,1.1145393752753072,0.6851640504729066,3,0.8574426716939105,High-Value Omnichannel Customers
5577,1983,Graduation,Together,43776.0,1,0,2014-05-03,77,8,0,9,2,1,3,1,1,0,2,6,0,0,0,0,0,0,3,11,0,42,4505,23,1,40-49,4,High-Value Omnichannel Customers,-1.8861168197978329,1.0853500993327707,0,0.9515435481488228,Low-Value Customers
7348,1958,PhD,Single,71691.0,0,0,2014-03-17,0,336,130,411,240,32,43,1,4,7,5,2,0,0,0,0,0,0,3,11,1,67,4552,1192,0,60-69,1,High-Value At-Risk Customers,1.3608527538474966,-0.9771810299815669,1,0.9991634305170728,High-Value Store Customers
1127,1973,PhD,Married,85844.0,0,0,2014-05-29,62,938,19,843,25,95,38,1,6,6,7,2,0,0,1,0,0,0,3,11,0,52,4479,1958,0,50-59,3,Dormant / Disengaged Customers,2.6631505700409184,0.546028548436536,1,0.9907057846745215,High-Value Store Customers
1833,1974,PhD,Single,39190.0,1,0,2014-04-26,91,68,8,18,19,8,12,2,2,1,4,5,0,0,0,0,0,0,3,11,0,51,4512,133,1,50-59,4,High-Value Omnichannel Customers,-1.1879366947428531,1.5498106869155877,2,0.9880968056390388,Mid-Value Active Customers
4944,1959,Graduation,Together,71367.0,0,0,2013-08-23,24,227,23,389,42,21,75,1,4,5,7,2,0,0,0,0,0,0,3,11,0,66,4758,777,0,60-69,1,High-Value At-Risk Customers,1.2905101428495473,-0.27670253607731254,1,0.9995312537830161,High-Value Store Customers
9080,1972,PhD,Single,38578.0,1,1,2013-06-22,2,38,4,22,3,3,3,3,3,0,3,8,0,0,0,0,0,0,3,11,0,53,4820,73,2,50-59,0,Recent Low-Value Customers,-1.723507865259022,-1.6303189959375428,0,0.8943802755371192,Low-Value Customers
6466,1965,PhD,Married,57236.0,1,1,2014-03-12,22,105,0,9,2,1,4,3,2,1,4,3,0,0,0,0,0,0,3,11,0,60,4557,121,2,50-59,5,Low-Engagement Mature Customers,-0.458948815017054,-0.2312002652387115,2,0.9369894098479448,Mid-Value Active Customers
9964,1979,Graduation,Single,61825.0,0,1,2013-08-07,56,162,50,100,55,30,27,1,4,2,8,4,0,0,0,0,0,0,3,11,0,46,4774,424,1,40-49,3,Dormant / Disengaged Customers,0.4156247215917551,0.26026660426501463,2,0.8911926797301959,Mid-Value Active Customers
4790,1958,Graduation,Divorced,79803.0,0,1,2014-06-02,54,574,8,216,21,16,33,1,4,3,5,1,0,0,0,0,0,0,3,11,0,67,4475,868,1,60-69,1,High-Value At-Risk Customers,1.4083298286842403,0.8460660400599052,1,0.9994865162103059,High-Value Store Customers
10245,1986,2n Cycle,Single,80910.0,0,0,2012-10-31,71,160,80,369,67,39,41,1,3,3,8,1,0,0,0,0,0,0,3,11,0,39,5054,756,0,30-39,3,Dormant / Disengaged Customers,1.3019171892209858,1.15364403575982,1,0.9994819232888109,High-Value Store Customers
1109,1982,Master,Together,27590.0,1,0,2013-04-23,38,6,0,5,0,0,1,1,1,0,2,7,0,0,0,0,0,0,3,11,0,43,4880,12,1,40-49,0,Recent Low-Value Customers,-2.351806412130551,-0.2698495347403675,0,0.9735320263153164,Low-Value Customers
6001,1979,Graduation,Married,56775.0,0,1,2013-01-02,62,614,35,160,58,35,35,2,5,8,10,5,0,0,0,0,0,0,3,11,0,46,4991,937,1,40-49,3,Dormant / Disengaged Customers,1.0251288801889877,0.14232297936931132,1,0.960934522921173,High-Value Store Customers
5538,1975,Graduation,Divorced,83829.0,0,0,2013-10-08,78,897,161,430,186,161,27,0,4,7,6,1,1,0,1,1,0,0,3,11,1,50,4712,1862,0,40-49,3,Dormant / Disengaged Customers,2.2666090879585394,1.3823971226376612,1,0.9985612031787687,High-Value Store Customers
10552,1979,2n Cycle,Married,54210.0,0,1,2013-05-20,18,70,54,109,80,9,45,2,4,1,7,5,0,0,0,0,0,0,3,11,0,46,4853,367,1,40-49,0,Recent Low-Value Customers,-0.08529860380615241,-1.0278049857361549,2,0.9967922448948201,Mid-Value Active Customers
1545,1986,Graduation,Married,38508.0,1,0,2013-08-02,95,120,19,206,25,19,54,6,7,2,5,8,0,0,0,0,0,0,3,11,0,39,4779,443,1,30-39,4,High-Value Omnichannel Customers,-0.7368064611766739,0.627571590936905,2,0.998552650453937,Mid-Value Active Customers
7409,1970,Graduation,Together,53187.0,1,0,2013-10-26,66,211,2,30,7,7,10,2,4,1,6,5,0,0,0,0,0,0,3,11,0,55,4694,267,1,50-59,4,High-Value Omnichannel Customers,-0.2122020339757169,0.5719707211292295,2,0.9982058429084419,Mid-Value Active Customers
4444,1972,Graduation,Married,30023.0,1,0,2014-03-24,28,11,0,16,7,6,21,1,2,0,3,8,0,0,0,0,0,0,3,11,0,53,4545,61,1,50-59,0,Recent Low-Value Customers,-2.0205692189765054,-0.733344581558258,0,0.9830303924943617,Low-Value Customers
146,1960,PhD,Single,76045.0,0,0,2013-11-15,78,760,53,400,17,93,0,1,4,5,11,2,0,0,0,1,0,0,3,11,0,65,4674,1323,0,60-69,1,High-Value At-Risk Customers,2.423869424783366,1.2848289666881945,1,0.9983223013888072,High-Value Store Customers
6271,1952,PhD,Married,50870.0,0,1,2014-06-19,13,53,0,8,0,0,2,1,2,0,3,5,0,0,0,0,0,0,3,11,0,73,4458,63,1,70+,5,Low-Engagement Mature Customers,-0.9247937510926755,-0.6116757398638741,0,0.8762781249657516,Low-Value Customers
10065,1970,2n Cycle,Married,15315.0,0,0,2013-08-03,27,7,4,13,15,8,17,2,2,0,4,5,0,0,0,0,0,0,3,11,0,55,4778,64,0,50-59,0,Recent Low-Value Customers,-1.663247430549162,-0.45145478003564954,0,0.999995458473507,Low-Value Customers
4741,1974,2n Cycle,Married,65463.0,1,0,2014-01-30,17,391,32,70,21,32,16,2,6,2,9,5,0,1,0,0,0,0,3,11,0,51,4598,562,1,50-59,2,High-Value Store Loyalists,0.9087190540682041,-1.2596438823237472,2,0.7858017360256335,Mid-Value Active Customers
246,1965,Graduation,Married,66480.0,1,1,2014-05-31,71,199,9,57,20,21,6,7,4,1,7,4,0,0,0,0,0,0,3,11,0,60,4477,312,2,50-59,1,High-Value At-Risk Customers,0.4378462345299862,0.8959606763929852,2,0.9894047538691213,Mid-Value Active Customers
375,1954,Graduation,Divorced,76773.0,0,0,2013-02-25,79,516,56,449,86,33,16,1,2,2,11,1,0,0,0,0,0,0,3,11,0,71,4937,1156,0,70+,1,High-Value At-Risk Customers,2.258597278675004,1.7149960145496823,1,0.9997729468553899,High-Value Store Customers
1524,1983,2n Cycle,Single,81698.0,0,0,2013-03-01,1,709,45,115,30,160,45,1,8,2,5,5,0,0,0,1,0,0,3,11,1,42,4933,1104,0,40-49,2,High-Value Store Loyalists,1.2395250975889296,-1.9430425869652057,1,0.5284154557818912,High-Value Store Customers
10022,1973,PhD,Single,54466.0,1,1,2014-02-09,78,12,0,4,0,0,0,1,1,0,2,5,0,0,0,0,0,0,3,11,0,52,4588,16,2,50-59,4,High-Value Omnichannel Customers,-1.4146694762075913,1.3522190116607566,0,0.8531626522574214,Low-Value Customers
7451,1960,Master,Single,98777.0,0,0,2014-02-17,23,1000,19,711,125,115,38,0,4,6,9,1,0,1,0,0,0,0,3,11,0,65,4580,2008,0,60-69,1,High-Value At-Risk Customers,3.277013247311318,-0.22799296613618444,1,0.9497729933555805,High-Value Store Customers
11010,1984,PhD,Single,16269.0,1,0,2013-08-30,75,19,3,18,3,1,0,3,3,0,3,8,0,0,0,0,0,0,3,11,0,41,4751,44,1,40-49,4,High-Value Omnichannel Customers,-2.29511372109285,0.4731790509223375,0,0.9976963571213124,Low-Value Customers
4356,1971,Graduation,Together,71819.0,0,1,2013-08-28,70,1224,28,140,0,14,168,3,3,3,5,6,0,1,1,0,0,0,3,11,0,54,4753,1574,1,50-59,3,Dormant / Disengaged Customers,0.7966725955317815,0.7004176906002461,3,0.9999999851255074,High-Value Omnichannel Customers
3885,1983,PhD,Married,33569.0,1,0,2013-10-16,10,16,2,18,3,0,24,1,1,1,2,8,1,0,0,0,0,0,3,11,1,42,4704,63,1,40-49,0,Recent Low-Value Customers,-2.369711946800665,-1.2538625491856383,0,0.9942326376304267,Low-Value Customers
1175,1983,Master,Married,36262.0,0,0,2013-09-20,24,88,39,54,64,28,153,1,3,5,3,6,1,0,0,0,0,0,3,11,1,42,4730,426,0,40-49,0,Recent Low-Value Customers,-1.2902782606578034,-0.8331919562301671,3,0.971016496445186,High-Value Omnichannel Customers
880,1966,Basic,Together,22634.0,0,0,2013-01-16,47,2,23,11,8,6,46,1,2,1,2,8,0,0,0,0,0,0,3,11,0,59,4977,96,0,50-59,0,Recent Low-Value Customers,-2.1976509854881736,-0.08106105503726097,2,0.5786074521278092,Mid-Value Active Customers
2320,1978,2n Cycle,Married,47025.0,0,1,2013-09-12,98,508,11,59,23,5,29,5,11,1,6,9,0,0,0,0,0,0,3,11,0,47,4738,635,1,40-49,2,High-Value Store Loyalists,0.20678230333715353,0.23073309204368203,2,0.7678777801611438,Mid-Value Active Customers
850,1968,Graduation,Single,70566.0,0,1,2013-10-06,4,381,28,215,84,28,21,2,6,5,9,3,0,0,0,0,0,0,3,11,0,57,4714,757,1,50-59,3,Dormant / Disengaged Customers,1.5467153804325693,-1.3671576354447583,1,0.9937056129392088,High-Value Store Customers
4713,1979,PhD,Married,31605.0,1,0,2012-11-22,15,74,0,42,2,1,6,2,2,1,4,7,0,0,0,0,0,0,3,11,0,46,5032,125,1,40-49,0,Recent Low-Value Customers,-1.7260575125613207,-1.1080259566748754,2,0.9397651026203734,Mid-Value Active Customers
675,1973,Master,Divorced,52034.0,1,1,2013-05-17,67,146,0,93,7,13,73,5,4,2,5,7,0,0,0,0,0,0,3,11,0,52,4856,332,2,50-59,4,High-Value Omnichannel Customers,-0.6689725025077785,0.35954004631354664,2,0.9959399369321212,Mid-Value Active Customers
5025,1979,Graduation,Single,48526.0,1,0,2013-12-24,32,23,17,23,43,20,9,1,2,1,4,3,0,0,0,0,0,0,3,11,0,46,4635,135,1,40-49,0,Recent Low-Value Customers,-0.779324774012244,-0.0724562402559189,2,0.9739824851785543,Mid-Value Active Customers
2308,1954,Graduation,Married,46734.0,0,1,2012-11-18,40,110,5,137,26,23,29,2,6,1,5,7,0,0,0,0,0,0,3,11,0,71,5036,330,1,70+,5,Low-Engagement Mature Customers,-0.2799421678491516,-0.5304884774065225,2,0.9984958626196655,Mid-Value Active Customers
5995,1962,Graduation,Divorced,39552.0,1,1,2012-12-18,54,165,3,147,4,24,41,7,6,2,5,8,0,0,0,0,0,0,3,11,1,63,5006,384,2,60-69,5,Low-Engagement Mature Customers,-0.6174198291444851,-0.30658821744476555,2,0.9988960242620032,Mid-Value Active Customers
6749,1966,Graduation,Single,86358.0,1,1,2012-08-08,78,957,47,494,82,47,95,4,5,3,6,8,0,0,0,0,0,0,3,11,0,59,5138,1722,2,50-59,2,High-Value Store Loyalists,1.3617365026416948,0.5465905064445377,3,1.0,High-Value Omnichannel Customers
1010,1977,Graduation,Together,46931.0,2,1,2014-04-24,94,41,0,17,3,1,16,2,1,1,3,3,0,0,0,0,0,0,3,11,0,48,4514,78,3,40-49,4,High-Value Omnichannel Customers,-1.0953088578056147,2.0025000627902254,0,0.6700182842610971,Low-Value Customers
8977,1985,Basic,Single,16581.0,0,0,2013-01-12,51,1,3,4,2,3,11,1,0,0,3,4,0,0,0,0,0,0,3,11,0,40,4981,24,0,30-39,0,Recent Low-Value Customers,-2.107451518902863,0.516897635890694,0,0.9992719158957926,Low-Value Customers
4756,1952,2n Cycle,Divorced,63998.0,0,0,2013-12-20,42,176,29,818,0,33,112,1,7,6,11,4,0,0,0,0,0,0,3,11,1,73,4639,1168,0,70+,1,High-Value At-Risk Customers,2.2453617883078274,-0.34170846281726786,1,0.9906981386677903,High-Value Store Customers
3412,1951,Master,Married,67381.0,0,1,2013-01-15,67,815,8,53,11,0,70,4,2,2,9,7,0,1,0,0,0,0,3,11,0,74,4978,957,1,70+,1,High-Value At-Risk Customers,0.7328314948337931,0.7002834884425982,3,0.9999999999999947,High-Value Omnichannel Customers
606,1967,Graduation,Single,25930.0,1,1,2013-10-10,87,6,1,2,2,0,4,1,1,0,2,7,0,0,0,0,0,0,3,11,0,58,4710,15,2,50-59,4,High-Value Omnichannel Customers,-2.184574712778311,1.3879341930815183,0,0.9676884024145235,Low-Value Customers
5961,1978,Graduation,Married,42693.0,1,0,2014-06-07,29,8,4,20,6,3,16,1,1,0,3,5,0,0,0,0,0,0,3,11,0,47,4470,57,1,40-49,0,Recent Low-Value Customers,-1.5297039266092394,-0.2682839773382901,0,0.9622472514016942,Low-Value Customers
2975,1976,Graduation,Together,85606.0,0,1,2012-11-12,89,717,42,864,219,30,84,2,6,7,9,3,0,0,0,1,0,0,3,11,0,49,5042,1956,1,40-49,3,Dormant / Disengaged Customers,2.765112021940977,1.1895061491150112,1,0.9745639084270665,High-Value Store Customers
2894,1985,Graduation,Single,72903.0,0,0,2013-10-29,74,1067,138,750,0,19,39,1,7,5,8,4,0,1,1,1,0,0,3,11,1,40,4691,2013,0,30-39,3,Dormant / Disengaged Customers,2.2934876039571543,0.4064062052527298,1,0.9867541872911184,High-Value Store Customers
7613,1974,2n Cycle,Together,49669.0,1,0,2014-05-24,97,166,5,107,11,8,29,2,5,1,6,6,0,0,0,0,0,0,3,11,0,51,4484,326,1,50-59,4,High-Value Omnichannel Customers,-0.29046684721429933,1.2602397831982106,2,0.9988806889794869,Mid-Value Active Customers
10542,1968,PhD,Married,36778.0,1,1,2012-08-05,63,29,4,34,2,4,4,3,3,0,3,9,0,0,0,0,0,0,3,11,0,57,5141,77,2,50-59,4,High-Value Omnichannel Customers,-1.8430820501911722,0.17904961983708265,0,0.9487435315411805,Low-Value Customers
8015,1962,PhD,Divorced,85696.0,0,0,2013-05-03,88,714,76,395,116,0,12,1,4,6,9,1,0,0,0,0,0,0,3,11,1,63,4870,1313,0,60-69,1,High-Value At-Risk Customers,2.4375451063745572,1.7648846198024915,1,0.9984032010591634,High-Value Store Customers
10617,1989,Master,Divorced,10979.0,0,0,2014-05-22,34,8,4,10,2,2,4,2,3,0,3,5,0,0,0,0,0,0,3,11,0,36,4486,30,0,30-39,0,Recent Low-Value Customers,-2.0166132437265216,-0.5058110531895181,0,0.9999989739995071,Low-Value Customers
11166,1961,Graduation,Married,49678.0,0,1,2013-02-02,81,229,5,56,3,2,20,2,6,2,4,7,0,0,0,0,0,0,3,11,0,64,4960,315,1,60-69,4,High-Value Omnichannel Customers,-0.45769952913711665,0.7080942562691032,2,0.9991127413097434,Mid-Value Active Customers
849,1953,Master,Together,56129.0,0,1,2013-06-20,65,320,48,133,39,72,48,4,6,2,10,4,0,0,0,0,0,0,3,11,0,72,4822,660,1,70+,1,High-Value At-Risk Customers,1.384279566650289,0.49566286586693625,1,0.8961618948806751,High-Value Store Customers
523,1989,Graduation,Married,37155.0,1,0,2013-01-31,51,23,0,26,7,15,3,1,2,0,4,5,0,0,0,0,0,0,3,11,0,36,4962,74,1,30-39,0,Recent Low-Value Customers,-1.4695496591084003,0.16487836013853707,0,0.9628172065072835,Low-Value Customers
4066,1978,2n Cycle,Divorced,21282.0,1,0,2014-05-11,76,1,5,8,4,8,20,2,2,1,2,6,0,0,0,0,0,0,3,11,0,47,4497,46,1,40-49,4,High-Value Omnichannel Customers,-2.0964136423116475,0.9400035678242276,0,0.9950771027940648,Low-Value Customers
8414,1962,PhD,Single,33419.0,0,1,2013-08-17,76,56,0,12,0,0,18,2,2,0,4,7,0,0,0,0,0,0,3,11,0,63,4764,86,1,60-69,4,High-Value Omnichannel Customers,-1.5013132953427093,0.9503801881661925,0,0.8138782543439418,Low-Value Customers
819,1945,Graduation,Widow,63285.0,0,0,2013-11-05,84,508,124,249,50,38,134,1,6,5,13,3,0,0,0,0,0,0,3,11,0,80,4684,1103,0,70+,1,High-Value At-Risk Customers,2.5862339631630245,1.2060634959759169,1,0.997641878796943,High-Value Store Customers
4961,1974,Master,Together,21255.0,1,0,2014-01-21,56,29,0,25,2,2,3,4,2,1,4,4,0,0,0,0,0,0,3,11,0,51,4607,61,1,50-59,4,High-Value Omnichannel Customers,-1.4413869732483569,0.5422819760269966,0,0.999996051964154,Low-Value Customers
749,1981,Graduation,Together,42162.0,1,0,2013-11-19,31,46,7,59,2,4,27,2,3,1,3,6,1,0,0,0,0,0,3,11,1,44,4670,145,1,40-49,0,Recent Low-Value Customers,-1.3899186845960174,-0.5740333840751939,2,0.9936711420392981,Mid-Value Active Customers
5430,1956,Graduation,Together,54450.0,1,1,2012-09-14,0,454,0,171,8,19,32,12,9,2,8,8,0,0,0,0,0,0,3,11,0,69,5101,684,2,60-69,2,High-Value Store Loyalists,0.8105993338213199,-2.3028458504868707,2,0.965623519070506,Mid-Value Active Customers
7755,1954,PhD,Married,57744.0,0,1,2013-11-12,91,350,3,39,0,0,19,2,9,1,4,8,0,0,0,0,0,0,3,11,0,71,4677,411,1,70+,2,High-Value Store Loyalists,0.10753838958799136,0.6547766703579291,2,0.8309865770503995,Mid-Value Active Customers
10525,1986,Graduation,Single,26576.0,1,0,2012-10-13,40,10,0,8,0,0,9,1,1,0,2,9,1,0,0,0,0,0,3,11,1,39,5072,27,1,30-39,0,Recent Low-Value Customers,-2.7142840179662993,-0.48289703072748147,0,0.9977989890629657,Low-Value Customers
1453,1943,PhD,Widow,57513.0,0,0,2013-07-06,59,735,40,183,52,20,30,2,9,3,13,6,0,0,0,0,0,0,3,11,0,82,4806,1060,0,70+,2,High-Value Store Loyalists,2.3959811690287602,-0.24219767634241507,1,0.9937474230402122,High-Value Store Customers
8310,1964,Graduation,Together,68142.0,0,1,2012-08-29,96,897,126,196,91,112,37,3,10,4,7,6,0,0,0,0,0,0,3,11,0,61,5117,1459,1,60-69,2,High-Value Store Loyalists,1.9437887316058733,0.7568012936426726,1,0.9585164449096083,High-Value Store Customers
10710,1979,Graduation,Married,7500.0,0,1,2012-08-29,61,5,2,3,3,0,5,1,1,0,2,8,0,0,0,0,0,0,3,11,0,46,5117,18,1,40-49,4,High-Value Omnichannel Customers,-2.835984679230939,0.30874636986027054,0,0.9961875649139463,Low-Value Customers
5031,1974,Graduation,Together,83145.0,0,0,2012-09-22,14,777,35,731,39,137,114,1,5,9,11,2,0,0,1,0,0,0,3,11,1,51,5093,1833,0,50-59,3,Dormant / Disengaged Customers,2.9325478715409816,-0.9434046979219444,1,0.9873425978451574,High-Value Store Customers
2613,1960,Master,Married,54197.0,0,1,2014-04-03,16,162,6,37,6,13,13,2,1,3,6,1,0,0,0,0,0,0,3,11,0,65,4535,237,1,60-69,5,Low-Engagement Mature Customers,0.10764687171070844,-0.08627892011927814,2,0.9294296611395833,Mid-Value Active Customers
213,1963,PhD,Single,23091.0,1,1,2014-05-28,98,35,0,11,0,0,2,4,2,1,3,7,0,0,0,0,0,0,3,11,0,62,4480,48,2,60-69,4,High-Value Omnichannel Customers,-1.879908126110638,1.6259325779328064,0,0.9923287521272216,Low-Value Customers
967,1976,Graduation,Married,46049.0,1,1,2013-07-21,11,342,9,112,19,14,19,10,5,2,9,7,0,0,0,0,0,0,3,11,1,49,4791,515,2,40-49,2,High-Value Store Loyalists,0.03730605821760661,-1.6331209670736917,2,0.8096448394161453,Mid-Value Active Customers
1077,1974,Graduation,Together,56715.0,0,0,2012-12-05,52,258,105,239,237,172,9,1,7,3,4,4,0,0,0,0,0,0,3,11,0,51,5019,1020,0,50-59,2,High-Value Store Loyalists,0.697159684616634,-0.07898307045736568,1,0.8153277589649478,High-Value Store Customers
7959,1961,Graduation,Married,79410.0,0,0,2014-05-29,19,658,80,483,123,13,13,1,3,2,5,1,0,0,0,0,0,0,3,11,0,64,4479,1370,0,60-69,1,High-Value At-Risk Customers,1.6455947952375012,-0.17758734789738148,1,0.9996985089580999,High-Value Store Customers
640,1951,Graduation,Married,57304.0,0,1,2013-03-11,61,356,80,329,138,17,106,2,7,6,10,5,0,0,0,0,0,0,3,11,0,74,4923,1026,1,70+,1,High-Value At-Risk Customers,1.7172276747729525,0.15395163089779226,1,0.9920704139267402,High-Value Store Customers
4252,1965,Graduation,Married,44375.0,0,1,2014-03-23,73,213,5,28,7,7,41,1,4,1,6,5,0,0,0,0,0,0,3,11,0,60,4546,301,1,50-59,4,High-Value Omnichannel Customers,-0.28647220341357976,0.814856655330214,2,0.9969197093204099,Mid-Value Active Customers
8432,1956,Graduation,Together,54450.0,1,1,2012-09-14,0,454,0,171,8,19,32,12,9,2,8,8,0,0,0,0,0,0,3,11,0,69,5101,684,2,60-69,2,High-Value Store Loyalists,0.8105993338213199,-2.3028458504868707,2,0.965623519070506,Mid-Value Active Customers
6218,1965,Graduation,Married,59594.0,0,1,2012-10-20,74,457,4,29,0,0,9,1,8,1,7,7,0,1,0,0,0,0,3,11,0,60,5065,499,1,50-59,2,High-Value Store Loyalists,0.5362244079527942,0.17861813949762048,2,0.9795094146560338,Mid-Value Active Customers
6905,1994,Graduation,Together,80685.0,0,0,2012-08-22,55,241,45,604,34,26,54,1,6,4,10,2,0,0,0,0,0,0,3,11,0,31,5124,1004,0,30-39,3,Dormant / Disengaged Customers,1.9409330321456528,0.07981497487944678,1,0.985036483992608,High-Value Store Customers
5922,1974,PhD,Married,40344.0,0,1,2013-10-13,48,210,0,6,0,0,2,2,4,1,5,7,0,0,0,0,0,0,3,11,0,51,4707,218,1,50-59,0,Recent Low-Value Customers,-1.0022168339230313,-0.26240173323462374,2,0.999740071281624,Mid-Value Active Customers
3598,1972,Graduation,Married,62710.0,0,1,2013-05-23,53,441,35,83,7,29,11,4,4,2,12,4,0,0,0,0,0,0,3,11,0,53,4850,606,1,50-59,3,Dormant / Disengaged Customers,1.2534911537360587,0.13131619869227215,1,0.9940138168205997,High-Value Store Customers
6116,1968,2n Cycle,Married,48985.0,0,1,2013-07-05,13,19,13,18,10,7,8,1,1,1,3,3,0,0,0,0,0,0,3,11,0,57,4807,75,1,50-59,5,Low-Engagement Mature Customers,-0.970511270111617,-0.4226196218924377,0,0.888988682803744,Low-Value Customers
6263,1968,Graduation,Together,35322.0,1,2,2012-08-22,34,28,9,37,12,7,13,3,2,0,4,8,0,0,0,0,0,0,3,11,0,57,5124,106,3,50-59,0,Recent Low-Value Customers,-1.6867487251009063,-0.5233415225341576,2,0.5485336495873694,Mid-Value Active Customers
10486,1948,Graduation,Married,77142.0,0,0,2013-05-29,54,476,75,162,29,151,97,1,4,4,8,2,0,0,0,0,0,0,3,11,0,77,4844,990,0,70+,1,High-Value At-Risk Customers,1.8666551013246018,0.7392526063032798,1,0.999384653511937,High-Value Store Customers
2410,1969,Graduation,Single,81657.0,0,0,2014-01-22,69,364,40,425,158,60,50,1,3,4,8,1,0,0,0,0,0,0,3,11,0,56,4606,1097,0,50-59,3,Dormant / Disengaged Customers,1.8104666384829289,1.2409956208634925,1,0.999453206094874,High-Value Store Customers
193,1996,Basic,Married,14421.0,0,0,2014-02-17,81,0,0,2,3,3,8,1,1,0,2,5,1,0,0,0,0,0,3,11,0,29,4580,16,0,18-29,4,High-Value Omnichannel Customers,-2.448142846700031,1.1381919609807123,0,0.9991439869646156,Low-Value Customers
3363,1974,2n Cycle,Married,20130.0,0,0,2014-03-17,99,0,6,3,7,6,12,1,1,0,3,8,0,0,0,0,0,0,3,11,0,51,4552,34,0,50-59,4,High-Value Omnichannel Customers,-2.368094763519676,1.5391750576879233,0,0.9890712484182603,Low-Value Customers
8278,1990,PhD,Married,74214.0,0,0,2012-08-26,3,863,83,547,86,99,33,1,8,2,5,5,0,0,0,0,0,0,3,11,0,35,5120,1711,0,30-39,3,Dormant / Disengaged Customers,1.5255151738469506,-1.9845262102163423,1,0.9738952499956638,High-Value Store Customers
10660,1957,Master,Married,66726.0,1,1,2014-01-12,61,349,7,35,0,0,47,3,8,2,4,7,0,1,0,0,0,0,3,11,0,68,4616,438,2,60-69,2,High-Value Store Loyalists,0.27592293052686145,-0.05857042236268005,2,0.9657878394840824,Mid-Value Active Customers
8686,1979,Basic,Together,23724.0,1,0,2013-01-08,65,5,23,15,0,18,14,2,2,0,3,8,0,0,0,0,0,0,3,11,0,46,4985,75,1,40-49,4,High-Value Omnichannel Customers,-2.203061804548098,0.33465778005776686,0,0.981457325006368,Low-Value Customers
1604,1960,Master,Married,47353.0,0,1,2013-11-13,93,184,2,19,8,8,4,3,2,2,6,5,0,0,0,0,0,0,3,11,0,65,4676,225,1,60-69,4,High-Value Omnichannel Customers,-0.493795306454367,1.710046375670819,2,0.9999337540674926,Mid-Value Active Customers
5907,1952,Master,Married,33444.0,1,1,2012-11-03,24,8,0,8,0,0,2,1,1,0,2,8,0,0,0,0,0,0,3,11,0,73,5051,18,2,70+,5,Low-Engagement Mature Customers,-2.027896579479049,-0.5273096800711753,0,0.9793918962142092,Low-Value Customers
10669,1981,Graduation,Married,54386.0,0,1,2013-05-17,8,277,21,64,62,21,25,2,3,2,10,3,0,0,0,0,0,0,3,11,0,44,4856,470,1,40-49,3,Dormant / Disengaged Customers,0.5901055999119069,-1.089218429903123,1,0.9377337288478745,High-Value Store Customers
2918,1981,Graduation,Divorced,28510.0,1,1,2013-04-13,72,44,5,19,0,4,19,3,2,0,4,5,0,0,0,0,0,0,3,11,0,44,4890,91,2,40-49,4,High-Value Omnichannel Customers,-1.5147235042068872,0.8714364840773786,0,0.9865365535581508,Low-Value Customers
5735,1991,Master,Single,90638.0,0,0,2014-02-13,29,1156,120,915,94,144,96,1,3,4,10,1,0,0,1,0,0,0,3,11,0,34,4584,2525,0,30-39,3,Dormant / Disengaged Customers,3.195861265835023,-0.2840719424670714,1,0.9874336843528955,High-Value Store Customers
359,1950,Graduation,Together,48070.0,0,1,2013-01-13,33,373,14,83,6,9,19,3,8,2,6,7,0,0,0,0,0,1,3,11,0,75,4980,504,1,70+,2,High-Value Store Loyalists,0.3502206409995092,-0.9555660559239506,2,0.9194361119686856,Mid-Value Active Customers
8387,1957,Graduation,Married,43140.0,0,1,2013-01-05,68,134,8,76,6,0,11,1,4,1,5,6,0,0,0,0,0,0,3,11,0,68,4988,235,1,60-69,5,Low-Engagement Mature Customers,-0.5686423013120603,0.641040247017602,2,0.9998084860226493,Mid-Value Active Customers
1829,1961,PhD,Divorced,54959.0,0,1,2013-01-19,55,1148,0,60,0,0,24,3,9,5,4,7,0,1,0,0,0,0,3,11,1,64,4974,1232,1,60-69,2,High-Value Store Loyalists,0.8062858179242114,-0.44548073018678996,1,0.7948744638516188,High-Value Store Customers
3839,1958,Basic,Single,15056.0,1,1,2013-05-03,76,6,12,3,21,6,40,5,2,2,3,5,0,0,0,0,0,0,3,11,0,67,4870,88,2,60-69,4,High-Value Omnichannel Customers,-1.6343507561361665,1.2049863480164318,0,0.9995914072179328,Low-Value Customers
9392,1971,Graduation,Single,26954.0,1,0,2014-05-08,17,4,1,11,0,0,1,1,1,0,2,7,0,0,0,0,0,0,3,11,0,54,4500,17,1,50-59,0,Recent Low-Value Customers,-2.23076593311437,-0.8201742668979426,0,0.982513564721632,Low-Value Customers
2292,1985,Graduation,Single,22327.0,1,0,2013-08-02,94,5,4,8,2,0,5,1,1,0,3,5,0,0,0,0,0,0,3,11,0,40,4779,24,1,30-39,4,High-Value Omnichannel Customers,-2.0091768066937767,1.6383516391106896,0,0.9972435858863681,Low-Value Customers
10466,1965,Graduation,Married,44393.0,1,1,2013-08-22,86,24,2,20,2,2,10,2,1,0,4,4,0,0,0,0,0,0,3,11,0,60,4759,60,2,50-59,4,High-Value Omnichannel Customers,-1.0219289112856547,1.7198251609354007,0,0.789127208256479,Low-Value Customers
9855,1952,PhD,Single,62000.0,0,1,2013-08-25,25,899,0,101,0,0,20,1,6,6,13,4,0,0,0,1,0,0,3,11,0,73,4756,1020,1,70+,1,High-Value At-Risk Customers,2.2373229824895406,-0.8084789230007485,1,0.9958319330159082,High-Value Store Customers
4088,1962,PhD,Together,31497.0,0,1,2012-12-06,22,108,1,28,13,1,4,2,3,1,4,8,0,0,0,0,0,0,3,11,0,63,5018,155,1,60-69,5,Low-Engagement Mature Customers,-1.5145239296006128,-0.9590167259393882,2,0.9991285925951142,Mid-Value Active Customers
5231,1974,2n Cycle,Married,45894.0,0,2,2014-02-27,15,27,2,7,0,2,13,1,1,0,3,5,0,0,0,0,0,0,3,11,0,51,4570,51,2,50-59,0,Recent Low-Value Customers,-1.4293643554237319,-0.6578285613474448,0,0.9648033390571203,Low-Value Customers
590,1970,Master,Divorced,78579.0,0,0,2012-12-22,35,816,66,549,216,66,99,1,5,6,4,3,0,0,0,0,0,0,3,11,1,55,5002,1812,0,50-59,3,Dormant / Disengaged Customers,1.7089502568441148,-0.21094415257255006,1,0.9915751329462529,High-Value Store Customers
8732,1969,Master,Widow,67369.0,0,1,2012-11-17,81,1298,0,70,37,14,42,4,7,4,10,4,0,1,1,0,0,0,3,11,1,56,5037,1461,1,50-59,3,Dormant / Disengaged Customers,2.2127005759380354,0.7314186106327142,1,0.9863479572620921,High-Value Store Customers
2315,1960,Graduation,Divorced,58401.0,0,1,2014-04-20,55,10,0,11,17,29,29,1,1,2,2,4,0,0,0,0,0,0,3,11,0,65,4518,96,1,60-69,5,Low-Engagement Mature Customers,-0.9666317818743559,0.883827627737464,2,0.8556407170982869,Mid-Value Active Customers
3515,1952,Graduation,Single,62307.0,0,1,2014-02-17,94,87,13,34,10,6,10,1,4,0,4,5,0,0,0,0,0,0,3,11,0,73,4580,160,1,70+,5,Low-Engagement Mature Customers,-0.19529714768955025,1.683047612657271,2,0.9993019192226604,Mid-Value Active Customers
2245,1969,Master,Married,43641.0,1,1,2013-04-22,50,57,2,51,4,2,23,3,2,1,4,6,0,0,0,0,0,0,3,11,0,56,4881,139,2,50-59,4,High-Value Omnichannel Customers,-1.202684707541814,0.2165884330153811,2,0.996855294039412,Mid-Value Active Customers
6283,1968,Master,Divorced,63841.0,0,1,2013-04-21,64,635,15,100,20,7,131,1,9,3,9,6,0,0,0,0,0,0,3,11,0,57,4882,908,1,50-59,2,High-Value Store Loyalists,1.499907362657563,-0.20452770903617368,1,0.969701421157253,High-Value Store Customers
2246,1965,2n Cycle,Married,46891.0,0,1,2013-09-01,91,43,12,23,29,15,61,1,2,1,4,4,0,0,0,0,0,0,3,11,0,60,4749,183,1,50-59,4,High-Value Omnichannel Customers,-0.7371446263343256,1.767478612751677,2,0.9997870846169067,Mid-Value Active Customers
6606,1969,Master,Married,70091.0,1,0,2013-03-31,11,964,34,137,15,0,11,2,5,2,10,8,0,1,0,0,0,0,3,11,0,56,4903,1161,1,50-59,2,High-Value Store Loyalists,1.1116571027288702,-1.6764390500802568,3,0.9999999999826699,High-Value Omnichannel Customers
5545,1972,PhD,Married,78075.0,0,0,2014-04-05,72,572,8,259,34,35,80,1,3,5,5,1,0,0,0,0,0,0,3,11,0,53,4533,988,0,50-59,3,Dormant / Disengaged Customers,1.1780056673029187,1.37448168158643,1,0.9997071579781117,High-Value Store Customers
7342,1961,2n Cycle,Widow,59184.0,0,1,2012-09-09,6,341,142,113,259,151,66,3,6,6,12,5,0,0,0,0,0,0,3,11,0,64,5106,1072,1,60-69,2,High-Value Store Loyalists,1.813690846656911,-1.5839556408802802,1,0.9743080242134857,High-Value Store Customers
837,1977,Graduation,Married,54809.0,1,1,2013-09-11,0,63,6,57,13,13,22,4,2,1,5,4,0,0,0,0,0,0,3,11,0,48,4739,174,2,40-49,0,Recent Low-Value Customers,-0.6202732795097359,-1.1757054029246663,2,0.9998681303744706,Mid-Value Active Customers
9500,1959,Graduation,Married,58113.0,0,1,2013-01-25,66,221,104,169,102,78,84,3,9,2,8,7,0,0,0,0,0,1,3,11,0,66,4968,758,1,60-69,2,High-Value Store Loyalists,1.0764198284336375,-0.15905822857084145,1,0.5104542906461087,High-Value Store Customers
3602,1958,Master,Married,51412.0,0,1,2013-12-31,42,140,3,29,4,5,14,2,3,2,4,4,0,0,0,0,0,0,3,11,0,67,4628,195,1,60-69,5,Low-Engagement Mature Customers,-0.43654869003692454,0.21299648481200598,2,0.9979749546188377,Mid-Value Active Customers
234,1979,Graduation,Divorced,15287.0,1,0,2012-10-10,60,1,2,8,4,3,13,2,1,1,2,7,1,0,0,0,0,0,3,11,1,46,5075,31,1,40-49,4,High-Value Omnichannel Customers,-2.5248997818058596,0.41243637577468545,0,0.9943760058124275,Low-Value Customers
2995,1957,Master,Together,66636.0,0,0,2013-08-17,64,291,10,689,84,10,0,1,3,4,9,1,0,0,0,0,0,0,3,11,0,68,4764,1084,0,60-69,1,High-Value At-Risk Customers,1.8078373881830319,1.1401569737287163,1,0.9997806337648756,High-Value Store Customers
1118,1956,Master,Married,50965.0,0,1,2013-02-20,87,544,13,85,8,6,29,3,10,4,5,8,1,0,0,0,0,0,3,11,0,69,4942,685,1,60-69,2,High-Value Store Loyalists,0.46407759835912,0.3536251841832119,1,0.4891794251948119,High-Value Store Customers
7789,1965,PhD,Married,84618.0,0,0,2013-11-22,96,684,100,801,21,66,0,1,6,9,10,2,0,0,1,0,0,0,3,11,0,60,4667,1672,0,50-59,1,High-Value At-Risk Customers,2.9428545786704765,1.6105205552871231,1,0.9878802101787472,High-Value Store Customers
3068,1990,Graduation,Married,18351.0,0,0,2013-10-29,1,1,12,9,0,14,7,1,2,0,3,7,0,0,0,0,0,0,3,11,0,35,4691,43,0,30-39,0,Recent Low-Value Customers,-2.328298649302652,-1.648901129314533,0,0.999273885481106,Low-Value Customers
8955,1957,PhD,Together,40451.0,0,2,2014-02-16,54,35,0,4,0,0,10,1,1,1,2,5,1,0,0,0,0,0,3,11,0,68,4581,49,2,60-69,5,Low-Engagement Mature Customers,-1.4615054616541614,0.7241466749258613,0,0.9147139153630984,Low-Value Customers
945,1965,Graduation,Together,36317.0,0,1,2013-05-22,53,87,3,25,3,2,13,2,3,0,4,7,0,0,0,0,0,0,3,11,0,60,4851,133,1,50-59,5,Low-Engagement Mature Customers,-1.3170242836672923,0.10427411286663385,2,0.9272696468488602,Mid-Value Active Customers
5644,1957,Graduation,Together,42213.0,0,1,2013-10-12,96,309,3,24,4,3,20,2,5,1,7,7,0,1,0,0,0,0,3,11,0,68,4708,363,1,60-69,4,High-Value Omnichannel Customers,-0.2003840681198183,1.2286232742609222,2,0.9978736587651217,Mid-Value Active Customers
7192,1955,Graduation,Together,65748.0,0,1,2013-04-15,58,172,73,93,95,78,34,2,2,4,10,1,0,0,0,0,0,1,3,11,0,70,4888,545,1,60-69,1,High-Value At-Risk Customers,1.3725633271907607,1.0738565453555264,1,0.9998425603563358,High-Value Store Customers
2324,1972,Graduation,Together,77044.0,0,1,2013-10-27,12,625,38,242,50,34,76,2,7,11,11,4,1,0,0,0,0,0,3,11,0,53,4693,1065,1,50-59,3,Dormant / Disengaged Customers,2.151992106181368,-1.4271706234724688,1,0.9684519099122006,High-Value Store Customers
697,1969,Graduation,Together,74918.0,0,0,2013-03-12,78,972,59,913,25,19,59,1,5,9,6,3,0,0,1,0,0,0,3,11,0,56,4922,2047,0,50-59,3,Dormant / Disengaged Customers,2.1531964364994165,1.0681450560457613,1,0.9915234985004548,High-Value Store Customers
3439,1972,Graduation,Married,56721.0,1,1,2012-10-31,64,157,6,39,6,13,75,5,4,1,5,6,0,0,0,0,0,0,3,11,0,53,5054,296,2,50-59,4,High-Value Omnichannel Customers,-0.4458420397664014,0.40512784288328246,2,0.9996119989258194,Mid-Value Active Customers
1506,1975,Graduation,Single,42160.0,1,1,2013-06-28,26,48,9,45,3,15,20,4,2,1,4,6,0,0,0,0,0,0,3,11,1,50,4814,140,2,40-49,0,Recent Low-Value Customers,-1.309233650328306,-0.5880793792533231,2,0.9970062912955115,Mid-Value Active Customers
232,1965,Graduation,Single,61559.0,0,1,2013-07-17,8,279,83,88,32,14,34,1,4,2,10,3,0,0,0,0,0,0,3,11,0,60,4795,530,1,50-59,1,High-Value At-Risk Customers,1.1037578094255978,-1.0338818351110388,1,0.9160538232051463,High-Value Store Customers
8876,1963,PhD,Together,33629.0,1,1,2012-08-08,49,132,0,16,0,0,4,5,3,1,4,9,0,0,0,0,0,0,3,11,0,62,5138,152,2,60-69,5,Low-Engagement Mature Customers,-1.6359500655982244,-0.24271071423966792,2,0.9949791184093761,Mid-Value Active Customers
4500,1991,PhD,Together,68682.0,0,0,2013-10-06,56,919,0,505,99,30,45,1,4,9,10,2,0,0,0,0,0,0,3,11,0,34,4714,1598,0,30-39,3,Dormant / Disengaged Customers,1.9871960428884137,0.3092687246270498,1,0.9958301749246337,High-Value Store Customers
9739,1963,Graduation,Single,34377.0,0,1,2013-01-19,55,62,0,22,3,1,26,2,2,2,2,7,0,0,0,0,0,0,3,11,0,62,4974,114,1,60-69,5,Low-Engagement Mature Customers,-1.7689374592221343,0.3389947766746618,2,0.9698316509463751,Mid-Value Active Customers
10395,1986,Basic,Single,8940.0,1,0,2012-08-22,25,1,45,3,4,6,42,3,3,1,3,8,0,0,0,0,0,0,3,11,0,39,5124,101,1,30-39,0,Recent Low-Value Customers,-2.422456749098359,-1.1163178077770233,0,0.9985506755324671,Low-Value Customers
1176,1973,Graduation,Married,26228.0,1,0,2013-09-22,50,2,6,4,3,1,9,1,1,0,2,8,0,0,0,0,0,0,3,11,0,52,4728,25,1,50-59,0,Recent Low-Value Customers,-2.407332009844418,0.06609486191331915,0,0.9906242228111505,Low-Value Customers
1627,1957,2n Cycle,Divorced,77297.0,0,0,2013-01-26,84,408,61,109,48,122,41,1,5,7,9,4,0,0,0,1,0,0,3,11,0,68,4967,789,0,60-69,1,High-Value At-Risk Customers,1.5689123501572055,1.2251935305799901,1,0.8761169431196286,High-Value Store Customers
938,1981,Graduation,Married,40211.0,1,1,2013-07-30,30,51,1,7,2,1,25,2,2,1,2,8,1,0,0,0,0,0,3,11,0,44,4782,87,2,40-49,0,Recent Low-Value Customers,-2.062078268003302,-0.7089779707257506,0,0.9434853489775646,Low-Value Customers
2740,1958,PhD,Widow,33438.0,1,1,2013-09-22,81,62,1,16,3,2,6,4,2,1,4,5,0,0,0,0,0,0,3,11,0,67,4728,90,2,60-69,4,High-Value Omnichannel Customers,-1.1397078699846093,1.377790016396699,0,0.9365948398328711,Low-Value Customers
257,1959,PhD,Married,75032.0,0,1,2013-04-28,74,952,12,180,47,12,12,2,5,4,9,3,0,0,0,0,0,0,3,11,0,66,4875,1215,1,60-69,1,High-Value At-Risk Customers,2.0122755237897128,0.9936317497564888,1,0.9954701002342886,High-Value Store Customers
4058,1955,PhD,Single,61284.0,0,0,2013-10-12,76,618,15,106,20,7,45,1,11,2,8,6,0,1,0,0,0,0,3,11,0,70,4708,811,0,60-69,2,High-Value Store Loyalists,1.6516379394722753,0.09360859645292956,2,0.5543160337101042,Mid-Value Active Customers
7736,1986,Graduation,Married,22518.0,1,0,2012-10-22,36,11,7,12,2,2,27,2,2,1,2,5,1,0,0,0,0,0,3,11,1,39,5063,61,1,30-39,0,Recent Low-Value Customers,-2.014770632828417,-0.2569576106108857,0,0.9988986928067164,Low-Value Customers
8210,1975,Master,Married,54730.0,0,1,2013-08-15,64,318,3,17,4,7,56,5,4,1,8,4,0,0,0,0,0,0,3,11,0,50,4766,405,1,40-49,3,Dormant / Disengaged Customers,0.31703274864252473,0.5305551224114439,2,0.8981419109890075,Mid-Value Active Customers
833,1955,Master,Married,38452.0,1,1,2014-03-30,62,56,0,14,0,0,2,3,3,0,3,7,0,0,0,0,0,0,3,11,0,70,4539,72,2,60-69,5,Low-Engagement Mature Customers,-1.3496233822417665,0.5087051381488684,0,0.8702186516733467,Low-Value Customers
6230,1971,Graduation,Divorced,44421.0,1,1,2013-02-15,53,110,5,59,7,1,7,5,5,0,4,8,0,0,0,0,0,0,3,11,0,54,4947,189,2,50-59,4,High-Value Omnichannel Customers,-1.0788893968094642,-0.2708731616418787,2,0.9978662492576522,Mid-Value Active Customers
7325,1986,PhD,Together,38197.0,1,0,2013-06-29,86,23,0,11,2,1,3,1,1,0,3,5,0,0,0,0,0,0,3,11,0,39,4813,40,1,30-39,4,High-Value Omnichannel Customers,-1.7113819940015966,1.416340438052887,0,0.955826194503969,Low-Value Customers
1307,1978,Graduation,Divorced,41986.0,0,1,2014-02-09,15,27,5,8,8,3,12,3,3,0,4,4,0,0,0,0,0,0,3,11,0,47,4588,63,1,40-49,0,Recent Low-Value Customers,-0.9764107711276117,-0.8296686901951555,0,0.996562527506621,Low-Value Customers
1502,1983,Graduation,Together,28427.0,1,0,2013-03-21,67,18,3,19,3,3,6,2,2,0,3,8,0,0,0,0,0,0,3,11,0,42,4913,52,1,40-49,4,High-Value Omnichannel Customers,-2.1822696254462035,0.37075699738781454,0,0.9871802844629823,Low-Value Customers
6211,1976,PhD,Together,37395.0,1,0,2014-05-02,47,18,0,9,0,1,11,1,1,0,3,6,0,0,0,0,0,0,3,11,0,49,4506,39,1,40-49,0,Recent Low-Value Customers,-1.769308443782369,0.18033411085607712,0,0.9779993352049471,Low-Value Customers
843,1971,Graduation,Married,64722.0,1,0,2014-05-26,47,303,0,280,60,147,15,4,8,2,11,6,0,0,0,0,0,0,3,11,0,54,4482,805,1,50-59,2,High-Value Store Loyalists,1.5473535675943395,-0.6944015145438558,1,0.9589651324098027,High-Value Store Customers
4174,1956,Master,Together,55249.0,0,1,2014-04-17,81,97,1,19,2,0,11,1,2,1,4,3,0,0,0,0,0,0,3,11,0,69,4521,130,1,60-69,5,Low-Engagement Mature Customers,-0.3634422295053397,1.6797716276105183,2,0.9884109938501131,Mid-Value Active Customers
9757,1972,Graduation,Together,84906.0,0,0,2013-10-04,98,997,15,414,99,30,76,1,5,6,12,2,0,1,1,0,1,0,3,11,0,53,4716,1631,0,50-59,3,Dormant / Disengaged Customers,2.9875523987621175,1.6694306778314842,1,0.9884385902859465,High-Value Store Customers
6918,1989,Graduation,Married,28691.0,1,0,2013-07-04,56,5,4,13,8,0,4,1,1,0,3,8,0,0,0,0,0,0,3,11,0,36,4808,34,1,30-39,0,Recent Low-Value Customers,-2.4013797818395957,0.08329434971368363,0,0.9905308093951781,Low-Value Customers
286,1952,Graduation,Single,44213.0,1,1,2013-11-29,48,95,11,35,0,4,7,4,2,1,5,6,0,0,0,0,0,0,3,11,0,73,4660,152,2,70+,5,Low-Engagement Mature Customers,-0.8281757395764643,0.29048184345278183,2,0.9999647309744291,Mid-Value Active Customers
11086,1984,Basic,Single,25707.0,1,0,2014-01-18,18,1,6,2,3,6,3,1,1,0,3,7,0,0,0,0,0,0,3,11,0,41,4610,21,1,40-49,0,Recent Low-Value Customers,-2.2635202381779838,-0.9383464212479344,0,0.9845821475008946,Low-Value Customers
1921,1967,PhD,Married,59062.0,2,1,2013-10-03,74,46,1,12,3,0,9,2,2,0,3,4,0,0,0,0,0,0,3,11,0,58,4717,71,3,50-59,4,High-Value Omnichannel Customers,-0.7772006300164609,1.2769777104613944,0,0.7812843078980665,Low-Value Customers
4138,1962,Graduation,Single,76624.0,0,1,2014-05-24,68,411,106,147,54,115,66,1,5,10,7,1,1,0,0,0,0,0,3,11,0,63,4484,899,1,60-69,1,High-Value At-Risk Customers,1.7538120059671927,1.077141908201603,1,0.9963477078199017,High-Value Store Customers
7718,1947,Master,Together,66000.0,0,0,2014-04-20,36,244,51,270,101,0,45,1,1,3,5,1,0,0,0,0,0,0,3,11,0,78,4518,711,0,70+,1,High-Value At-Risk Customers,0.7474985864915393,0.691459623910318,1,0.999552803319788,High-Value Store Customers
1291,1978,PhD,Together,27683.0,1,0,2012-08-04,90,152,9,121,12,12,45,4,6,2,4,8,0,0,0,0,0,0,3,11,0,47,5142,351,1,40-49,4,High-Value Omnichannel Customers,-1.2002491189338846,0.6591750184912797,2,0.9980147515890021,Mid-Value Active Customers
6862,1971,Graduation,Divorced,1730.0,0,0,2014-05-18,65,1,1,3,1,1,1,15,0,0,0,20,0,0,0,0,0,0,3,11,0,54,4490,8,0,50-59,0,Recent Low-Value Customers,-5.125022319582067,-0.755957505451156,3,0.9999999999999893,High-Value Omnichannel Customers
4136,1992,Basic,Single,7500.0,1,0,2012-12-03,63,10,17,18,8,26,40,4,3,2,2,9,0,0,0,0,0,0,3,11,0,33,5021,119,1,30-39,0,Recent Low-Value Customers,-2.797326655434948,-0.09001741101953524,2,0.7526488656224359,Mid-Value Active Customers
803,1968,Graduation,Together,40521.0,1,1,2013-04-05,82,12,0,5,0,0,4,1,0,1,2,5,0,0,0,0,0,0,3,11,0,57,4898,21,2,50-59,4,High-Value Omnichannel Customers,-1.7435324189823265,1.6002903670345119,0,0.9590475127344686,Low-Value Customers
4298,1973,PhD,Together,20427.0,1,0,2014-03-24,63,5,0,4,0,0,1,1,1,0,2,8,0,0,0,0,0,0,3,11,0,52,4545,10,1,50-59,4,High-Value Omnichannel Customers,-2.525727283974927,0.45689364501491114,0,0.980041088916849,Low-Value Customers
10833,1975,Graduation,Married,65106.0,0,1,2014-05-24,55,790,19,133,12,0,19,3,8,3,13,6,0,1,0,0,0,0,3,11,0,50,4484,973,1,40-49,2,High-Value Store Loyalists,1.9410286075364704,-0.5370990980112438,1,0.9764504991927389,High-Value Store Customers
9606,1965,PhD,Married,69969.0,0,0,2013-08-27,64,882,29,514,38,29,44,1,4,2,6,3,0,0,1,1,0,0,3,11,1,60,4754,1536,0,50-59,1,High-Value At-Risk Customers,1.5416630848706587,0.7863508552501036,1,0.9928536763957577,High-Value Store Customers
8534,1952,Graduation,Married,67433.0,0,2,2013-07-16,51,615,28,259,12,48,30,4,6,5,13,4,0,1,0,0,0,0,3,11,0,73,4796,992,2,70+,1,High-Value At-Risk Customers,2.3227455522455744,0.011954040030449016,1,0.9967630705424696,High-Value Store Customers
5153,1967,PhD,Married,77766.0,0,1,2013-02-22,97,1004,59,265,115,59,27,2,11,10,11,6,1,0,0,0,0,0,3,11,1,58,4940,1529,1,50-59,2,High-Value Store Loyalists,2.8634092637673207,0.5729985967717456,1,0.9639344220600163,High-Value Store Customers
961,1972,Graduation,Married,74716.0,0,1,2013-09-12,92,133,27,421,13,195,71,2,7,3,5,4,0,0,0,0,0,0,3,11,0,53,4738,860,1,50-59,2,High-Value Store Loyalists,1.081629980088107,1.2036981507454987,1,0.9524716425606513,High-Value Store Customers
5011,1963,Graduation,Divorced,68118.0,0,1,2013-10-18,51,595,23,123,10,23,154,2,8,9,4,6,0,0,0,0,0,0,3,11,0,62,4702,928,1,60-69,2,High-Value Store Loyalists,0.7932201667116663,-0.3214887944161969,1,0.7058150978460705,High-Value Store Customers
6653,1970,PhD,Married,55158.0,1,1,2012-07-30,72,293,0,87,4,11,23,4,7,2,5,7,0,0,0,0,0,0,3,11,1,55,5147,418,2,50-59,2,High-Value Store Loyalists,-0.10142409150489333,0.21995534880731996,2,0.9972771782790344,Mid-Value Active Customers
9094,1955,2n Cycle,Married,62972.0,0,1,2012-08-03,39,313,15,47,20,0,192,2,7,4,3,6,0,0,0,0,0,0,3,11,1,70,5143,587,1,60-69,5,Low-Engagement Mature Customers,0.224878467737356,-0.4856588796181136,1,0.6039231408005915,High-Value Store Customers
810,1975,Graduation,Married,74190.0,0,1,2014-05-12,49,151,81,86,168,91,64,2,4,2,11,2,0,0,0,0,0,0,3,11,0,50,4496,641,1,40-49,3,Dormant / Disengaged Customers,1.6232931629488565,0.2631341469736885,1,0.9992190272537134,High-Value Store Customers
5493,1976,Graduation,Married,39356.0,1,1,2014-03-19,21,15,0,2,0,0,6,1,1,0,2,6,1,0,0,0,0,0,3,11,0,49,4550,23,2,40-49,0,Recent Low-Value Customers,-1.8984786058574734,-0.5973902706152976,0,0.9665782458614827,Low-Value Customers
2147,1969,Graduation,Together,76653.0,0,0,2013-08-16,91,736,63,946,219,189,126,1,4,7,11,2,0,0,1,1,0,0,3,11,0,56,4765,2279,0,50-59,3,Dormant / Disengaged Customers,3.134807887371141,1.5725450736270117,1,0.9804585462930355,High-Value Store Customers
5107,1973,PhD,Divorced,35860.0,1,1,2014-05-19,37,15,0,8,4,2,20,2,1,1,2,5,1,0,0,0,0,0,3,11,0,52,4489,49,2,50-59,0,Recent Low-Value Customers,-1.7476614489902782,0.03591624465547393,0,0.9623810670065763,Low-Value Customers
3979,1983,PhD,Divorced,90687.0,0,0,2013-05-22,98,982,17,672,23,34,51,1,6,2,8,2,0,0,1,0,0,0,3,11,1,42,4851,1779,0,40-49,3,Dormant / Disengaged Customers,2.636484163499042,1.5626108635973388,1,0.9793365628291416,High-Value Store Customers
6049,1982,Master,Together,73450.0,0,0,2013-12-05,85,1142,51,415,90,69,37,1,7,8,11,3,1,0,0,1,0,0,3,11,0,43,4654,1804,0,40-49,3,Dormant / Disengaged Customers,2.758279591051003,0.8288664401975926,1,0.9693711079532589,High-Value Store Customers
8147,1960,Graduation,Married,31454.0,1,1,2013-07-06,40,28,0,11,0,0,9,3,2,0,3,8,0,0,0,0,0,0,3,11,0,65,4806,48,2,60-69,5,Low-Engagement Mature Customers,-1.854970331480959,-0.2446019327875096,0,0.9704382894172183,Low-Value Customers
1857,1952,Graduation,Single,47139.0,1,1,2014-03-06,2,46,0,12,0,2,23,2,2,1,2,7,0,0,0,0,0,0,3,11,1,73,4563,83,2,70+,5,Low-Engagement Mature Customers,-1.4345251223050814,-1.1728069714293938,0,0.734875198016278,Low-Value Customers
3910,1975,Graduation,Divorced,83829.0,0,0,2013-10-08,78,897,161,430,186,161,27,0,4,7,6,1,1,0,1,1,0,0,3,11,1,50,4712,1862,0,40-49,3,Dormant / Disengaged Customers,2.2666090879585394,1.3823971226376612,1,0.9985612031787687,High-Value Store Customers
5207,1963,PhD,Married,53378.0,1,1,2012-09-24,41,489,6,152,8,6,132,10,9,4,6,8,0,0,0,0,0,0,3,11,1,62,5091,793,2,60-69,2,High-Value Store Loyalists,0.5160407166459363,-1.053376678878984,1,0.5263915840601622,High-Value Store Customers
11114,1970,Graduation,Together,19656.0,1,0,2013-02-08,94,25,4,9,6,8,32,3,2,1,3,7,0,0,0,0,0,0,3,11,0,55,4954,84,1,50-59,4,High-Value Omnichannel Customers,-2.000691348179743,1.427042138057434,0,0.9752253229062176,Low-Value Customers
5429,1948,PhD,Married,45579.0,0,1,2013-08-20,10,145,1,33,2,1,1,1,4,1,4,6,0,0,0,0,0,0,3,11,0,77,4761,183,1,70+,5,Low-Engagement Mature Customers,-0.617670225606281,-1.0432645511827339,2,0.9997933146563434,Mid-Value Active Customers
9400,1958,2n Cycle,Single,85485.0,0,0,2014-06-21,73,630,26,611,44,18,54,1,6,6,6,2,0,0,0,0,0,0,3,11,0,67,4456,1383,0,60-69,1,High-Value At-Risk Customers,2.2118530914771104,1.0713723440659562,1,0.9891789531115828,High-Value Store Customers
1740,1944,Graduation,Married,55956.0,0,0,2014-04-07,22,760,38,104,50,9,38,2,7,3,4,4,0,1,0,0,0,0,3,11,0,81,4531,999,0,70+,1,High-Value At-Risk Customers,1.0235602221626603,-0.729881182687254,1,0.929831282891713,High-Value Store Customers
7488,1963,Master,Single,64191.0,0,1,2013-01-22,30,420,15,186,151,38,15,3,5,3,13,3,0,0,0,0,0,0,3,11,0,62,4971,825,1,60-69,1,High-Value At-Risk Customers,2.0022637463156387,-0.5183097453771589,1,0.9986336574919434,High-Value Store Customers
195,1972,Graduation,Single,38808.0,1,0,2012-08-26,21,125,17,52,3,19,30,4,5,1,4,8,1,0,0,0,0,0,3,11,1,53,5120,246,1,50-59,0,Recent Low-Value Customers,-1.1570275391852773,-1.2883359953642328,2,0.9992686052598079,Mid-Value Active Customers
635,1966,Master,Married,57183.0,1,1,2013-03-19,51,464,5,64,7,0,70,8,9,1,7,8,0,0,0,0,0,0,3,11,0,59,4915,610,2,50-59,2,High-Value Store Loyalists,0.5451238899360605,-0.7804454860013954,2,0.9882030681986186,Mid-Value Active Customers
7527,1968,Master,Divorced,23748.0,1,0,2012-11-21,97,6,6,29,12,15,8,3,2,1,3,8,0,0,0,0,0,0,3,11,0,57,5033,76,1,50-59,4,High-Value Omnichannel Customers,-2.0591092722772735,1.431147564513934,0,0.9699039974598276,Low-Value Customers
10319,1971,Graduation,Married,66303.0,0,1,2013-02-26,56,1090,12,96,16,12,60,4,3,4,11,8,0,1,0,0,0,0,3,11,0,54,4936,1286,1,50-59,2,High-Value Store Loyalists,1.0133444866930932,-0.11753373483627169,3,1.0,High-Value Omnichannel Customers
2296,1975,Master,Married,37368.0,1,0,2013-12-16,4,3,2,11,2,2,10,1,1,0,2,6,1,0,0,0,0,0,3,11,0,50,4643,30,1,40-49,0,Recent Low-Value Customers,-1.9222226851052568,-1.120488516991305,0,0.9784190133808736,Low-Value Customers
10637,1964,Graduation,Married,40800.0,1,2,2013-01-01,77,24,0,27,8,30,10,2,3,0,3,7,0,0,0,0,0,1,3,11,0,61,4992,99,3,60-69,4,High-Value Omnichannel Customers,-1.3886273056010876,0.894352259757889,0,0.7225910104202429,Low-Value Customers
2931,1978,Graduation,Divorced,71847.0,0,0,2012-09-21,95,737,21,106,55,63,210,0,6,7,9,3,0,0,0,1,0,0,3,11,0,47,5094,1192,0,40-49,3,Dormant / Disengaged Customers,1.8392798554338778,1.3517871905363552,1,0.9943515616936144,High-Value Store Customers
907,1975,Graduation,Married,46149.0,0,1,2013-11-29,36,254,6,71,4,0,27,5,5,1,7,5,0,0,0,0,0,0,3,11,0,50,4660,362,1,40-49,2,High-Value Store Loyalists,-0.054869905597343255,-0.5588293274862315,2,0.9583602549903685,Mid-Value Active Customers
3698,1983,Graduation,Together,78687.0,0,0,2012-08-09,13,817,185,687,145,55,241,1,4,6,8,2,0,0,1,0,0,0,3,11,1,42,5137,2130,0,40-49,3,Dormant / Disengaged Customers,2.418816603752768,-0.8972462504208408,1,0.9952475987023429,High-Value Store Customers
9516,1971,2n Cycle,Divorced,49118.0,0,0,2012-08-18,90,620,54,239,99,98,119,2,9,7,10,7,0,1,0,0,1,0,3,11,1,54,5128,1229,0,50-59,2,High-Value Store Loyalists,1.455592872483576,0.38805861431621635,1,0.9465738436192197,High-Value Store Customers
679,1957,PhD,Married,37633.0,1,1,2012-09-20,49,13,4,20,0,0,1,2,1,0,3,9,0,0,0,0,0,0,3,11,0,68,5095,38,2,60-69,5,Low-Engagement Mature Customers,-1.9948059268165241,0.06899791152125019,0,0.9988575805058191,Low-Value Customers
7384,1951,Master,Together,39767.0,0,0,2013-07-21,18,113,61,204,34,26,47,2,7,1,7,8,0,0,0,0,0,0,3,11,0,74,4791,485,0,70+,2,High-Value Store Loyalists,0.020973823179733352,-1.4815386816405174,2,0.9899466221280344,Mid-Value Active Customers
5043,1951,Basic,Married,26997.0,0,0,2012-11-05,89,7,23,78,133,49,144,2,4,2,5,7,0,0,0,0,0,0,3,11,0,74,5049,434,0,70+,4,High-Value Omnichannel Customers,-0.7797433480985861,1.1880804906913405,2,0.9626494428416477,Mid-Value Active Customers
5267,1970,Graduation,Divorced,33986.0,1,0,2013-03-14,43,16,2,18,2,1,5,1,1,0,3,7,0,0,0,0,0,0,3,11,0,55,4920,44,1,50-59,0,Recent Low-Value Customers,-1.9109038565605005,-0.012911268616178405,0,0.9861295767999059,Low-Value Customers
339,1972,PhD,Married,57091.0,0,1,2012-11-23,82,462,0,24,6,0,4,2,9,2,5,7,0,1,0,0,0,0,3,11,1,53,5031,496,1,50-59,2,High-Value Store Loyalists,0.24446156134398472,0.2952751933570229,2,0.7847770032022071,Mid-Value Active Customers
2516,1969,2n Cycle,Married,46831.0,1,1,2013-06-08,84,22,2,10,6,4,34,2,1,2,2,4,0,0,0,0,0,0,3,11,0,56,4834,78,2,50-59,4,High-Value Omnichannel Customers,-1.3017890075738703,1.6738064599815943,2,0.622147792609311,Mid-Value Active Customers
9010,1972,Master,Married,83151.0,0,0,2013-02-10,80,968,147,842,137,42,210,1,5,7,10,2,1,0,1,1,0,0,3,11,1,53,4952,2346,0,50-59,3,Dormant / Disengaged Customers,3.261057644824325,1.1307783387948118,1,0.9870727396931385,High-Value Store Customers
378,1971,Graduation,Married,52531.0,0,0,2012-12-30,68,283,112,151,51,72,125,2,7,2,10,6,0,0,0,0,0,0,3,11,0,54,4994,794,0,50-59,2,High-Value Store Loyalists,1.0356361635938345,0.06334276755817038,1,0.9771368408161237,High-Value Store Customers
4808,1956,Graduation,Married,15759.0,0,0,2013-09-05,12,1,2,5,6,0,3,1,1,0,2,7,0,0,0,0,0,0,3,11,0,69,4745,17,0,60-69,5,Low-Engagement Mature Customers,-2.2595994868319225,-0.8602742759947166,0,0.9921721326485179,Low-Value Customers
5068,1971,Graduation,Single,22804.0,1,0,2013-07-31,75,14,1,7,2,1,1,1,2,0,2,9,0,0,0,0,0,0,3,11,0,54,4781,26,1,50-59,4,High-Value Omnichannel Customers,-2.4610485590549014,0.6265916100289735,0,0.961078124616355,Low-Value Customers
7628,1973,2n Cycle,Married,43050.0,1,0,2014-03-18,10,30,5,24,6,3,8,2,2,0,4,5,0,0,0,0,0,0,3,11,0,52,4551,76,1,50-59,0,Recent Low-Value Customers,-1.172345739407916,-0.9443564945402169,0,0.9186864664253295,Low-Value Customers
7128,1977,PhD,Single,42997.0,1,1,2013-12-07,91,4,0,5,0,1,5,1,1,0,2,7,0,0,0,0,0,0,3,11,0,48,4652,15,2,40-49,4,High-Value Omnichannel Customers,-1.9844773490017955,1.4572940591335333,0,0.9838915965788625,Low-Value Customers
2811,1963,PhD,Single,48918.0,1,1,2014-04-12,21,52,0,9,0,0,1,2,1,0,4,4,0,0,0,0,0,0,3,11,0,62,4526,62,2,60-69,5,Low-Engagement Mature Customers,-0.9276910170266226,-0.2688145013911889,0,0.743416452424131,Low-Value Customers
3551,1954,Master,Together,60033.0,0,1,2014-03-29,28,62,1,57,19,11,48,2,2,1,5,2,0,0,0,0,0,0,3,11,0,71,4540,198,1,70+,5,Low-Engagement Mature Customers,0.09409546674866681,0.15503082098951723,2,0.9727496153093488,Mid-Value Active Customers
1663,1978,PhD,Together,34043.0,1,0,2013-10-25,97,20,2,14,3,0,10,1,2,0,2,9,0,0,0,0,0,0,3,11,0,47,4695,49,1,40-49,4,High-Value Omnichannel Customers,-2.3098865522563004,1.2687237783215326,0,0.9939368400893455,Low-Value Customers
5543,1966,Graduation,Together,57811.0,0,1,2013-06-24,49,545,7,114,37,21,78,5,7,2,11,5,0,1,0,0,0,0,3,11,0,59,4818,802,1,50-59,2,High-Value Store Loyalists,1.4974412981099074,-0.3746802338664397,1,0.9910666859619219,High-Value Store Customers
1577,1946,Graduation,Married,78569.0,0,0,2014-02-19,14,558,79,622,207,175,95,1,4,6,4,1,0,0,1,0,0,0,3,11,1,79,4578,1736,0,70+,1,High-Value At-Risk Customers,2.1071416772012626,-0.29132233327908674,1,0.999573075238919,High-Value Store Customers
10641,1978,Graduation,Single,7500.0,1,1,2012-12-27,5,6,5,4,13,4,25,4,2,1,3,6,0,0,0,0,0,0,3,11,0,47,4997,57,2,40-49,0,Recent Low-Value Customers,-2.2192574332593136,-1.3200684144735417,0,0.9999987389696401,Low-Value Customers
5336,1971,Master,Together,157733.0,1,0,2013-06-04,37,39,1,9,2,0,8,0,1,0,1,1,0,0,0,0,0,0,3,11,0,54,4838,59,1,50-59,3,Dormant / Disengaged Customers,1.0480174451091668,0.8265450278393925,4,1.0,High-Potential Underengaged Customers
6024,1953,Graduation,Together,94384.0,0,0,2013-03-04,62,1111,24,790,160,45,172,0,5,8,5,2,0,1,1,1,0,0,3,11,1,72,4930,2302,0,70+,1,High-Value At-Risk Customers,2.9336761312459996,0.8989519775372999,1,0.9853072578617443,High-Value Store Customers
1878,1985,2n Cycle,Married,23148.0,0,0,2014-02-18,83,4,6,8,6,3,10,1,2,0,3,7,0,0,0,0,0,0,3,11,0,40,4579,37,0,30-39,4,High-Value Omnichannel Customers,-2.1606056955297364,0.9545078185074266,0,0.993387533632022,Low-Value Customers
3099,1970,Graduation,Divorced,44267.0,1,1,2013-02-25,48,183,5,65,3,5,49,5,5,2,4,9,0,0,0,0,0,0,3,11,0,55,4937,310,2,50-59,0,Recent Low-Value Customers,-1.1227448846404997,-0.5385964487513331,2,0.9926271293052863,Mid-Value Active Customers
6055,1979,Graduation,Married,71626.0,0,0,2012-11-01,94,546,72,376,94,145,72,1,5,5,8,3,0,1,0,0,0,0,3,11,0,46,5053,1305,0,40-49,3,Dormant / Disengaged Customers,1.6393637496987803,1.4403347258240535,1,0.9956355409744598,High-Value Store Customers
5841,1966,Graduation,Together,60894.0,0,1,2013-06-28,61,606,7,155,10,0,54,5,10,3,8,7,0,0,0,0,0,0,3,11,0,59,4814,832,1,50-59,2,High-Value Store Loyalists,1.2371479621793868,-0.4851333424736422,1,0.7739174031498579,High-Value Store Customers
3972,1976,Graduation,Together,50200.0,1,1,2013-04-03,70,266,6,51,8,6,64,6,7,1,5,8,0,0,0,0,0,0,3,11,0,49,4900,401,2,40-49,2,High-Value Store Loyalists,-0.4366831583604205,-0.02652805938839701,2,0.9977819242853164,Mid-Value Active Customers
4394,1965,PhD,Married,81051.0,0,0,2014-05-23,43,1142,29,249,38,29,14,1,5,5,12,2,0,1,1,0,0,0,3,11,0,60,4485,1501,0,50-59,1,High-Value At-Risk Customers,2.8764850242162527,0.023482073893916804,1,0.9922452247890355,High-Value Store Customers
5758,1982,Graduation,Married,65169.0,0,0,2014-01-14,23,1074,0,69,0,0,46,1,10,4,13,6,1,0,1,1,1,0,3,11,1,43,4614,1189,0,40-49,2,High-Value Store Loyalists,2.2960441977033352,-1.8213950001102925,1,0.9682058010489113,High-Value Store Customers
6658,1972,Graduation,Together,59868.0,0,1,2013-07-22,37,771,51,154,54,10,154,7,11,2,12,6,0,0,0,0,0,0,3,11,0,53,4790,1194,1,50-59,2,High-Value Store Loyalists,2.313258755275791,-1.3900417383284585,1,0.7218177116266619,High-Value Store Customers
4603,1960,PhD,Married,65695.0,0,1,2014-01-31,50,371,32,189,0,58,6,2,5,4,10,4,0,0,0,0,0,0,3,11,0,65,4597,656,1,60-69,1,High-Value At-Risk Customers,1.3387424668114825,0.09542161184257843,1,0.9927688650833948,High-Value Store Customers
8427,1956,Master,Single,64857.0,0,0,2012-11-23,78,556,14,717,210,0,43,1,7,5,10,4,0,0,0,0,0,0,3,11,0,69,5031,1540,0,60-69,1,High-Value At-Risk Customers,2.389954070523981,0.7517636528896456,1,0.9838674958001006,High-Value Store Customers
10260,1965,Master,Together,45143.0,0,1,2013-08-26,74,202,5,74,11,5,14,3,6,1,5,7,0,0,0,0,0,0,3,11,0,60,4755,311,1,50-59,4,High-Value Omnichannel Customers,-0.4512872228358636,0.4187629198965312,2,0.9977486632279826,Mid-Value Active Customers
7143,1955,2n Cycle,Together,74805.0,0,1,2013-11-06,14,209,162,209,41,162,37,5,4,7,10,2,0,0,0,0,0,0,3,11,0,70,4683,820,1,60-69,1,High-Value At-Risk Customers,1.8749959910991099,-0.6161614025005573,1,0.9994171540006341,High-Value Store Customers
8789,1989,2n Cycle,Married,59060.0,1,0,2014-01-11,77,35,40,111,36,40,12,3,3,1,7,4,0,0,0,0,0,0,3,11,0,36,4617,274,1,30-39,4,High-Value Omnichannel Customers,-0.15799894973808823,0.9505259908700996,2,0.9886163364279391,Mid-Value Active Customers
6197,1962,PhD,Single,27238.0,1,1,2013-04-20,39,37,0,17,0,0,3,3,3,0,3,9,0,0,0,0,0,0,3,11,0,63,4883,57,2,60-69,0,Recent Low-Value Customers,-1.9724779035502662,-0.5307653446925324,0,0.9225429390091777,Low-Value Customers
4554,1965,Graduation,Together,47009.0,0,1,2013-10-01,89,171,45,73,59,10,90,4,3,2,8,4,0,0,0,0,0,0,3,11,0,60,4719,448,1,50-59,4,High-Value Omnichannel Customers,0.20384879982955154,1.4902871328085134,2,0.659421447239406,Mid-Value Active Customers
4937,1973,2n Cycle,Married,46094.0,1,1,2014-06-10,62,12,2,20,3,2,5,1,1,0,3,7,0,0,0,0,0,0,3,11,0,52,4467,44,2,50-59,4,High-Value Omnichannel Customers,-1.7147349410053425,0.576384233294678,0,0.9957691932597835,Low-Value Customers
1920,1972,Graduation,Married,40321.0,1,1,2013-07-29,59,44,4,21,6,0,27,2,3,0,3,7,0,0,0,0,0,0,3,11,0,53,4783,102,2,50-59,4,High-Value Omnichannel Customers,-1.4974826218856905,0.2593936190069731,0,0.7303727231869579,Low-Value Customers
8749,1984,Graduation,Together,37235.0,1,0,2014-02-01,68,20,2,9,4,6,20,1,1,1,2,4,0,0,0,0,0,0,3,11,0,41,4596,61,1,40-49,4,High-Value Omnichannel Customers,-1.6839806480943347,1.0151481004598095,0,0.8664118758165625,Low-Value Customers
1650,1960,Master,Married,81843.0,0,0,2013-04-22,13,779,86,537,34,69,138,1,5,9,12,3,0,0,0,0,0,0,3,11,0,65,4881,1643,0,60-69,1,High-Value At-Risk Customers,2.910424363930924,-0.9813124821057703,1,0.9383959853993737,High-Value Store Customers
10377,1958,Master,Together,46692.0,0,1,2013-06-06,37,170,6,97,24,12,88,3,6,1,5,6,0,0,0,0,0,0,3,11,0,67,4836,397,1,60-69,5,Low-Engagement Mature Customers,-0.11999524498970855,-0.5461252147811322,2,0.9900442913372922,Mid-Value Active Customers
9206,1968,Graduation,Together,77382.0,0,1,2014-01-07,36,491,48,231,112,105,134,2,5,7,12,1,0,0,1,0,0,0,3,11,0,57,4621,1121,1,50-59,3,Dormant / Disengaged Customers,2.602499457828173,-0.0998863349140741,1,0.992542206146427,High-Value Store Customers
10971,1977,Graduation,Single,37774.0,2,0,2012-09-03,28,173,8,107,7,2,176,4,7,2,3,9,1,0,0,0,0,1,3,11,1,48,5112,473,2,40-49,0,Recent Low-Value Customers,-1.0784052837016715,-1.4392422388621298,2,0.8046597687819995,Mid-Value Active Customers
6398,1974,Basic,Married,18393.0,1,0,2014-03-29,2,7,10,13,16,0,4,2,3,0,3,8,0,0,0,0,0,0,3,11,0,51,4540,50,1,50-59,0,Recent Low-Value Customers,-2.147110680296678,-1.6943839280260145,0,0.9973851001263567,Low-Value Customers
9212,1962,Master,Married,72828.0,0,1,2013-02-14,17,1205,0,235,19,14,205,6,6,3,13,7,0,0,0,0,0,0,3,11,0,63,4948,1678,1,60-69,2,High-Value Store Loyalists,2.4100199070290547,-1.5006156175117091,3,0.9999891014496753,High-Value Omnichannel Customers
7937,1982,Graduation,Married,24711.0,0,0,2014-04-18,86,10,7,25,6,3,7,1,3,0,3,7,0,0,0,0,0,0,3,11,0,43,4520,58,0,40-49,4,High-Value Omnichannel Customers,-1.9433063301653037,0.9695781327554652,0,0.995619689817307,Low-Value Customers
839,1975,PhD,Married,45503.0,1,0,2013-09-25,54,97,4,44,6,1,18,1,3,1,4,5,0,0,0,0,0,0,3,11,0,50,4725,170,1,40-49,4,High-Value Omnichannel Customers,-0.9270694260818761,0.2960297989673394,2,0.9998435890946511,Mid-Value Active Customers
4246,1982,Master,Single,6560.0,0,0,2013-12-12,2,67,11,26,4,3,262,0,1,0,1,17,0,0,0,0,0,0,3,11,0,43,4647,373,0,40-49,0,Recent Low-Value Customers,-4.137033474804276,-2.5973577523686915,3,1.0,High-Value Omnichannel Customers
158,1945,PhD,Together,71604.0,0,0,2013-11-17,3,345,53,528,98,75,97,1,8,3,5,4,1,0,0,0,0,0,3,11,1,80,4672,1196,0,70+,1,High-Value At-Risk Customers,1.7454488664783714,-1.4334086229548908,1,0.9700518986158405,High-Value Store Customers
4832,1979,Graduation,Married,27244.0,1,0,2014-03-07,84,6,5,17,3,24,46,2,2,2,2,7,0,0,0,0,0,0,3,11,0,46,4562,101,1,40-49,4,High-Value Omnichannel Customers,-2.101848460559334,1.0732884337717006,2,0.7345039552094992,Mid-Value Active Customers
5621,1969,Graduation,Married,48752.0,1,1,2012-12-12,8,73,57,100,71,15,0,5,6,1,5,9,0,0,0,0,0,0,3,11,1,56,5012,316,2,50-59,0,Recent Low-Value Customers,-0.7530002418904829,-1.8941677216887878,2,0.9940975745500661,Mid-Value Active Customers
1945,1962,Graduation,Married,71434.0,0,1,2013-09-18,4,711,36,217,172,96,168,3,7,4,7,4,0,1,0,1,0,0,3,11,0,63,4732,1400,1,60-69,2,High-Value Store Loyalists,1.8657395410054198,-1.5087727303934515,1,0.9825565681507189,High-Value Store Customers
5147,1948,Graduation,Single,90842.0,0,0,2013-07-29,57,774,70,118,182,187,93,1,4,9,13,1,0,0,0,0,0,0,3,11,0,77,4783,1424,0,70+,1,High-Value At-Risk Customers,3.3738575615642303,0.8446017718234515,1,0.9910983479290895,High-Value Store Customers
2535,1978,Master,Married,88097.0,1,0,2012-08-18,24,163,0,480,0,126,75,1,6,5,8,9,0,1,1,1,0,0,3,11,1,47,5128,844,1,40-49,2,High-Value Store Loyalists,0.7640899825954047,-1.4831151220655827,3,1.0,High-Value Omnichannel Customers
11039,1975,Graduation,Married,51948.0,0,1,2013-09-17,51,82,33,54,71,30,41,2,5,2,4,5,0,0,0,0,0,0,3,11,0,50,4733,311,1,40-49,4,High-Value Omnichannel Customers,-0.4221594079109279,-0.005283668870277635,2,0.98990882041275,Mid-Value Active Customers
9495,1982,Graduation,Together,71853.0,0,0,2013-05-08,29,358,108,413,141,97,32,1,2,8,6,1,0,0,0,0,0,0,3,11,0,43,4865,1149,0,40-49,3,Dormant / Disengaged Customers,1.076338144903707,0.010929484202195763,1,0.9998170839034344,High-Value Store Customers
9635,1983,Master,Married,35876.0,0,0,2014-04-20,13,66,2,40,4,3,14,1,3,1,3,6,0,0,0,0,0,0,3,11,0,42,4518,129,0,40-49,0,Recent Low-Value Customers,-1.5508085555798876,-1.165333354289955,2,0.738780509578893,Mid-Value Active Customers
2173,1952,Graduation,Widow,40049.0,0,1,2013-10-16,23,13,6,7,0,3,3,1,1,0,3,6,0,0,0,0,0,0,3,11,0,73,4704,32,1,70+,5,Low-Engagement Mature Customers,-1.4385639445082727,-0.3332728011626371,0,0.9540935728563145,Low-Value Customers
942,1982,Graduation,Single,39660.0,1,0,2012-08-08,36,139,13,78,20,13,36,3,7,1,3,9,0,0,0,0,0,0,3,11,1,43,5138,299,1,40-49,0,Recent Low-Value Customers,-1.2485577298776087,-1.2275278093919533,2,0.9850450381089925,Mid-Value Active Customers
9386,1962,Graduation,Together,50127.0,0,1,2014-05-29,88,274,0,21,4,6,15,1,5,1,6,6,0,1,0,0,0,0,3,11,0,63,4479,320,1,60-69,4,High-Value Omnichannel Customers,-0.14276831474489174,1.0946603390810572,2,0.9987043012360561,Mid-Value Active Customers
5510,1977,Master,Married,43263.0,0,1,2012-11-21,2,262,6,61,0,10,102,3,5,2,6,5,0,0,0,0,0,0,3,11,0,48,5033,441,1,40-49,0,Recent Low-Value Customers,-0.22165786962806722,-1.617966478414817,2,0.9854919133805919,Mid-Value Active Customers
873,1949,Master,Married,62845.0,1,1,2012-10-01,3,1099,0,45,0,0,34,11,3,4,10,8,0,1,0,0,0,0,3,11,1,76,5084,1178,2,70+,1,High-Value At-Risk Customers,0.9661581257563843,-1.5362644568779955,3,0.9999999999999982,High-Value Omnichannel Customers
2253,1990,Graduation,Married,18929.0,0,0,2013-02-16,15,32,0,8,23,4,18,1,1,0,4,6,0,0,0,0,0,0,3,11,0,35,4946,85,0,30-39,0,Recent Low-Value Customers,-2.1114845155188946,-1.012332581171222,0,0.8959856135358678,Low-Value Customers
5181,1982,Basic,Single,24367.0,1,0,2013-03-20,58,2,4,2,0,11,5,1,1,0,2,9,0,0,0,0,0,0,3,11,0,43,4914,24,1,40-49,0,Recent Low-Value Customers,-2.7048368332584767,0.10841043394348684,0,0.9968005801589886,Low-Value Customers
979,1975,Graduation,Single,33249.0,1,0,2013-02-20,11,6,10,21,19,14,42,2,2,1,3,6,0,0,0,0,0,0,3,11,0,50,4942,112,1,40-49,0,Recent Low-Value Customers,-1.6502080138716826,-1.048770795239474,2,0.514485074173777,Mid-Value Active Customers
10390,1959,2n Cycle,Married,26887.0,0,1,2013-02-10,27,6,7,4,3,4,6,1,1,0,3,6,0,0,0,0,0,0,3,11,0,66,4952,30,1,60-69,5,Low-Engagement Mature Customers,-1.772311775145904,-0.30474608965606537,0,0.989809682469389,Low-Value Customers
4698,1983,PhD,Married,50150.0,0,0,2013-06-20,32,135,46,92,65,61,11,2,5,2,7,5,0,0,0,0,0,0,3,11,0,42,4822,410,0,40-49,0,Recent Low-Value Customers,-0.03782997983166114,-0.7505274930586079,2,0.9835869739285609,Mid-Value Active Customers
7793,1976,Graduation,Together,62061.0,0,1,2013-08-31,12,641,7,84,0,30,38,3,10,4,7,6,0,1,0,0,0,0,3,11,0,49,4750,800,1,40-49,2,High-Value Store Loyalists,1.10532171955056,-1.9544514683968985,1,0.681879028626371,High-Value Store Customers
1745,1962,PhD,Divorced,85696.0,0,0,2013-05-03,88,714,76,395,116,0,12,1,4,6,9,1,0,0,0,0,0,0,3,11,1,63,4870,1313,0,60-69,1,High-Value At-Risk Customers,2.4375451063745572,1.7648846198024915,1,0.9984032010591634,High-Value Store Customers
10590,1956,PhD,Together,76542.0,0,0,2013-03-30,91,794,73,573,0,29,14,1,4,8,10,2,0,0,0,0,0,0,3,11,0,69,4904,1483,0,60-69,1,High-Value At-Risk Customers,2.4745664351758907,1.7458315071564783,1,0.9981620990529871,High-Value Store Customers
5080,1993,Graduation,Single,70515.0,0,0,2013-10-21,12,420,0,452,182,64,140,1,6,6,4,2,0,0,0,0,0,0,3,11,1,32,4699,1258,0,30-39,3,Dormant / Disengaged Customers,1.0900116947748586,-1.1316324421618107,1,0.9377423052414932,High-Value Store Customers
8369,1987,Graduation,Together,18227.0,1,0,2012-11-08,21,1,2,7,4,3,11,1,0,1,2,8,0,0,0,0,0,0,3,11,0,38,5046,28,1,30-39,0,Recent Low-Value Customers,-2.866622102388144,-0.87472546546574,0,0.9950067338970333,Low-Value Customers
5232,1965,Graduation,Married,69139.0,0,1,2014-01-27,23,86,12,75,33,15,6,1,4,1,5,4,0,0,0,0,0,0,3,11,0,60,4601,227,1,50-59,5,Low-Engagement Mature Customers,0.11210573370275215,-0.5363902069612065,2,0.9981579441482613,Mid-Value Active Customers
2407,1982,Graduation,Married,69109.0,0,0,2012-11-09,10,823,25,459,124,29,95,1,6,6,7,4,0,0,1,0,0,0,3,11,1,43,5045,1555,0,40-49,3,Dormant / Disengaged Customers,1.57730316708884,-1.4116813222290865,1,0.9826644813236272,High-Value Store Customers
3834,1962,Graduation,Single,69627.0,0,1,2013-03-17,35,231,161,215,171,30,53,2,8,2,11,5,0,0,0,0,0,0,3,11,0,63,4917,861,1,60-69,2,High-Value Store Loyalists,1.947455615836238,-0.8558161949863962,1,0.9814969910727053,High-Value Store Customers
7912,1978,Graduation,Married,38136.0,1,0,2013-04-22,69,8,15,27,0,20,33,2,3,1,2,8,1,0,0,0,0,0,3,11,0,47,4881,103,1,40-49,4,High-Value Omnichannel Customers,-1.9080277268784964,0.41542949656184,2,0.6736145559721072,Mid-Value Active Customers
7712,1946,PhD,Single,62159.0,0,0,2014-04-28,68,182,17,259,77,70,29,1,6,2,10,4,0,0,0,0,0,0,3,11,0,79,4510,634,0,70+,1,High-Value At-Risk Customers,1.5620587703571123,0.6690956306536806,1,0.8899846581157306,High-Value Store Customers
1065,1963,Graduation,Single,80695.0,0,0,2013-12-29,85,557,129,984,193,37,18,1,5,8,5,2,0,0,0,0,0,0,3,11,0,62,4630,1918,0,60-69,1,High-Value At-Risk Customers,2.23630981047575,1.5010257456213534,1,0.9970267722359568,High-Value Store Customers
7275,1971,Master,Single,33316.0,1,1,2013-10-04,34,79,1,31,4,4,12,3,2,1,4,6,0,0,0,0,0,0,3,11,0,54,4716,131,2,50-59,0,Recent Low-Value Customers,-1.432303815613471,-0.3221282894592554,2,0.9780790391552544,Mid-Value Active Customers
1343,1968,Graduation,Together,58554.0,1,1,2012-09-26,55,368,24,68,38,0,88,6,8,2,6,7,0,0,0,0,0,0,3,11,0,57,5089,586,2,50-59,2,High-Value Store Loyalists,0.40263137823245265,-0.42034161877650406,2,0.9741716694316273,Mid-Value Active Customers
1384,1992,Basic,Married,17256.0,1,0,2013-11-23,10,6,4,14,8,8,22,2,2,1,2,8,1,0,0,0,0,0,3,11,0,33,4666,62,1,30-39,0,Recent Low-Value Customers,-2.6545897507378466,-1.484522089723087,0,0.9905436927438537,Low-Value Customers
9967,1974,Graduation,Divorced,53034.0,1,1,2013-05-30,30,160,15,196,15,11,50,8,6,1,7,8,0,0,0,0,0,0,3,11,0,51,4843,447,2,50-59,2,High-Value Store Loyalists,-0.17185155681603292,-1.1841052607204035,2,0.984378217580537,Mid-Value Active Customers
6181,1950,2n Cycle,Together,52203.0,0,0,2012-07-31,36,488,21,238,56,108,28,1,8,7,11,6,0,0,0,0,0,0,3,11,0,75,5146,939,0,70+,2,High-Value Store Loyalists,1.6782554950781357,-0.8721000282688126,1,0.9835596080743406,High-Value Store Customers
10507,1977,2n Cycle,Divorced,59601.0,0,1,2013-07-25,14,691,7,69,0,7,23,4,2,2,7,8,0,1,0,0,0,0,3,11,0,48,4787,797,1,40-49,0,Recent Low-Value Customers,-0.32513634203552083,-1.2697629221926308,3,1.0,High-Value Omnichannel Customers
2674,1958,Master,Single,75154.0,0,1,2012-09-04,79,543,10,205,160,143,82,1,6,3,6,3,0,0,0,0,0,0,3,11,1,67,5111,1143,1,60-69,1,High-Value At-Risk Customers,1.6628337275442568,1.1248658498750896,1,0.9940951354688048,High-Value Store Customers
2698,1976,Graduation,Single,47025.0,0,1,2013-11-07,52,254,7,108,20,0,26,3,6,3,5,6,0,0,0,0,0,0,3,11,0,49,4682,415,1,40-49,2,High-Value Store Loyalists,-0.3143709437794275,-0.24917399209268387,2,0.9937475977241889,Mid-Value Active Customers
3231,1973,Graduation,Married,37971.0,1,0,2013-11-25,97,5,4,10,2,2,7,1,1,0,3,8,0,0,0,0,0,0,3,11,0,52,4664,30,1,50-59,4,High-Value Omnichannel Customers,-2.024089912741497,1.5273532564707193,0,0.9966791523449411,Low-Value Customers
4096,1968,Master,Divorced,41335.0,1,0,2013-12-26,24,112,19,21,16,14,5,3,4,1,4,7,0,0,0,0,0,0,3,11,0,57,4633,187,1,50-59,0,Recent Low-Value Customers,-1.0885140805601181,-0.923476209094307,2,0.9998078528461474,Mid-Value Active Customers
10476,1958,Graduation,Married,67267.0,0,1,2014-05-13,0,134,11,59,15,2,30,1,3,2,5,2,0,0,0,0,0,0,3,11,0,67,4495,251,1,60-69,5,Low-Engagement Mature Customers,0.3515121980897535,-0.8459615130449561,2,0.9125288886699907,Mid-Value Active Customers
5948,1975,Graduation,Single,57338.0,0,1,2014-04-29,96,143,6,52,11,8,17,2,4,1,5,5,0,0,0,0,0,0,3,11,0,50,4509,237,1,40-49,4,High-Value Omnichannel Customers,-0.35835685542129764,1.4911304648984856,2,0.9995499169189094,Mid-Value Active Customers
9140,1960,2n Cycle,Together,50523.0,1,1,2013-12-25,89,51,4,24,4,7,1,2,2,0,4,6,0,0,0,0,0,0,3,11,0,65,4634,91,2,60-69,4,High-Value Omnichannel Customers,-0.9935878482779088,1.528951974137836,0,0.7115958773012585,Low-Value Customers
10258,1965,Master,Single,35791.0,2,1,2013-05-06,94,27,0,5,0,0,3,2,1,0,3,8,0,0,0,0,0,0,3,11,0,60,4867,35,3,50-59,4,High-Value Omnichannel Customers,-1.96401531189762,1.5041050568425067,0,0.9956377120499241,Low-Value Customers
5675,1960,PhD,Divorced,50611.0,0,1,2012-10-04,98,459,0,24,6,0,4,6,4,5,7,6,0,1,0,0,0,0,3,11,0,65,5081,493,1,60-69,4,High-Value Omnichannel Customers,0.05221934609038196,1.5037185551959835,2,0.837865132130798,Mid-Value Active Customers
4743,1969,PhD,Married,56242.0,0,1,2013-03-03,72,689,8,167,11,8,88,5,8,4,11,6,0,0,0,0,0,0,3,11,0,56,4931,971,1,50-59,2,High-Value Store Loyalists,1.5587001988276186,0.0753161885359145,1,0.9854861901140409,High-Value Store Customers
8805,1960,Graduation,Single,48904.0,0,1,2012-12-02,1,283,10,38,0,13,27,4,7,2,4,8,0,0,0,0,0,0,3,11,0,65,5022,371,1,60-69,5,Low-Engagement Mature Customers,-0.45486375784211996,-1.9959212598064968,2,0.9951693015394688,Mid-Value Active Customers
1542,1975,Graduation,Single,56243.0,1,2,2013-12-30,26,347,0,35,4,3,7,6,4,2,8,5,0,0,0,0,0,0,3,11,0,50,4629,396,3,40-49,2,High-Value Store Loyalists,0.17410375808705597,-0.762629849235378,2,0.9862570596563868,Mid-Value Active Customers
6770,1985,Graduation,Married,21355.0,1,0,2013-08-20,5,5,13,14,0,5,31,2,2,1,2,6,1,0,0,0,0,0,3,11,1,40,4761,68,1,30-39,0,Recent Low-Value Customers,-2.180522513886335,-1.3301382320538657,0,0.9964547703214063,Low-Value Customers
8773,1971,Master,Together,57420.0,0,1,2013-06-25,22,280,0,18,0,0,24,3,5,1,6,7,0,1,0,0,0,0,3,11,0,54,4817,322,1,50-59,0,Recent Low-Value Customers,-0.28486411354317265,-1.1392511808891888,2,0.9975494500496017,Mid-Value Active Customers
10420,1955,Master,Divorced,46390.0,0,1,2014-05-05,56,95,14,64,2,9,38,1,4,2,3,7,0,0,0,0,0,0,3,11,0,70,4503,222,1,60-69,5,Low-Engagement Mature Customers,-0.9425963322360791,0.22640551426138517,2,0.9997992607603576,Mid-Value Active Customers
7514,1956,2n Cycle,Together,54342.0,1,1,2013-07-03,74,84,10,34,11,10,28,4,3,1,4,6,0,0,0,0,0,0,3,11,0,69,4809,177,2,60-69,5,Low-Engagement Mature Customers,-0.6715423397560581,0.997585352194274,2,0.999943376625338,Mid-Value Active Customers
793,1973,Graduation,Married,20895.0,1,0,2012-10-06,24,18,3,17,3,0,4,1,2,0,3,9,0,0,0,0,0,0,3,11,0,52,5079,45,1,50-59,0,Recent Low-Value Customers,-2.3729312028788265,-1.0045770044208922,0,0.9880059301106804,Low-Value Customers
10909,1948,Graduation,Married,92344.0,0,0,2014-01-15,9,992,24,694,51,19,119,0,5,10,5,1,1,0,1,0,0,0,3,11,0,77,4613,1899,0,70+,1,High-Value At-Risk Customers,2.7565790833602706,-0.5727655817768719,1,0.997823127460649,High-Value Store Customers
8702,1976,2n Cycle,Together,26907.0,1,1,2013-08-20,10,9,1,7,0,3,2,2,1,0,3,7,0,0,0,0,0,0,3,11,0,49,4761,22,2,40-49,0,Recent Low-Value Customers,-2.144528617306426,-1.1089429481018462,0,0.9842782364540082,Low-Value Customers
4791,1980,Graduation,Together,44964.0,1,1,2012-12-16,35,19,1,17,2,0,2,1,1,0,3,8,0,0,0,0,0,0,3,11,0,45,5008,41,2,40-49,0,Recent Low-Value Customers,-1.9849126176396557,-0.4472389419498122,0,0.9989875037051151,Low-Value Customers
2963,1979,Graduation,Together,75507.0,0,0,2014-05-02,56,709,93,374,104,80,80,1,8,6,6,3,0,0,0,0,0,0,3,11,0,46,4506,1440,0,40-49,3,Dormant / Disengaged Customers,1.9230390441181942,-0.013471910897036643,1,0.8189103236301649,High-Value Store Customers
8216,1972,Master,Married,53761.0,1,1,2013-10-11,7,158,0,76,13,7,71,6,4,4,3,5,0,0,0,0,0,0,3,11,0,53,4709,325,2,50-59,0,Recent Low-Value Customers,-0.6296857784247539,-1.205942257938015,2,0.9724656770216278,Mid-Value Active Customers
8140,1973,Graduation,Together,22682.0,1,0,2013-10-03,51,10,14,29,4,2,36,3,2,1,4,4,0,0,0,0,0,0,3,11,0,52,4717,95,1,50-59,0,Recent Low-Value Customers,-1.3749729940281201,0.3985477104980139,0,0.9998451145026104,Low-Value Customers
10146,1972,PhD,Together,38887.0,1,0,2014-03-02,17,25,1,13,0,0,3,1,1,0,3,7,0,0,0,0,0,0,3,11,0,53,4567,42,1,50-59,0,Recent Low-Value Customers,-1.8515915657258228,-0.8274706105731717,0,0.9882310937120866,Low-Value Customers
5289,1975,2n Cycle,Single,41658.0,1,1,2012-11-09,30,8,4,12,15,4,29,2,1,1,2,4,0,0,0,0,0,0,3,11,0,50,5045,72,2,40-49,0,Recent Low-Value Customers,-1.4915558993117,-0.07028114228499201,0,0.7731053635328028,Low-Value Customers
2587,1972,PhD,Married,29791.0,1,0,2014-05-15,21,14,0,6,0,0,0,2,2,0,3,5,0,0,0,0,0,0,3,11,0,53,4493,20,1,50-59,0,Recent Low-Value Customers,-1.5997269594797567,-0.5975743999638788,0,0.9976369840150593,Low-Value Customers
4405,1956,Master,Married,63915.0,0,2,2013-07-30,2,622,7,115,30,0,15,2,6,3,12,5,0,0,0,0,0,0,3,11,0,69,4782,789,2,60-69,2,High-Value Store Loyalists,1.7241142787542487,-1.6407142444828846,1,0.9798450934005227,High-Value Store Customers
8663,1974,Graduation,Divorced,39996.0,1,1,2014-05-22,85,11,0,3,0,0,1,1,1,0,2,6,0,0,0,0,0,0,3,11,0,51,4486,15,2,50-59,4,High-Value Omnichannel Customers,-1.8520216508806435,1.4097223916070356,0,0.9269868223656789,Low-Value Customers
2589,1972,Graduation,Divorced,26759.0,1,0,2014-02-07,65,25,3,16,8,5,2,2,2,1,3,6,0,0,0,0,0,0,3,11,0,53,4590,59,1,50-59,4,High-Value Omnichannel Customers,-1.7662538428035526,0.6425712745728854,0,0.9962555177928931,Low-Value Customers
3421,1968,Master,Divorced,63841.0,0,1,2013-04-21,64,635,15,100,20,7,131,1,9,3,9,6,0,0,0,0,0,0,3,11,0,57,4882,908,1,50-59,2,High-Value Store Loyalists,1.499907362657563,-0.20452770903617368,1,0.969701421157253,High-Value Store Customers
10490,1969,PhD,Married,51039.0,1,1,2012-12-10,11,100,64,79,65,0,109,2,6,2,4,7,0,0,0,0,0,0,3,11,0,56,5014,417,2,50-59,0,Recent Low-Value Customers,-0.4620748601778974,-1.5401881243571043,2,0.9934114797700156,Mid-Value Active Customers
4094,1961,Graduation,Married,60544.0,1,1,2012-08-25,92,201,2,43,3,5,35,4,5,1,5,6,0,0,0,0,0,0,3,11,0,64,5121,289,2,60-69,4,High-Value Omnichannel Customers,-0.10542165577002534,1.2773685806058783,2,0.9996460490070498,Mid-Value Active Customers
9958,1972,Graduation,Married,65685.0,0,1,2014-03-29,54,642,14,49,0,7,57,1,9,2,9,5,0,0,0,0,0,0,3,11,0,53,4540,769,1,50-59,2,High-Value Store Loyalists,1.5198386398881638,-0.42607569212442603,2,0.5512864944478287,Mid-Value Active Customers
2534,1953,Graduation,Married,37716.0,0,1,2014-04-21,4,97,1,41,6,2,41,2,4,1,3,7,0,0,0,0,0,0,3,11,0,72,4517,188,1,70+,5,Low-Engagement Mature Customers,-1.1236572443947068,-1.3876101533172436,2,0.9997665603348039,Mid-Value Active Customers
4188,1957,Graduation,Single,36864.0,0,1,2012-08-13,53,204,5,39,17,0,89,3,5,2,4,8,0,0,0,0,0,0,3,11,1,68,5133,354,1,60-69,5,Low-Engagement Mature Customers,-0.9110655042905756,-0.16249959618441528,2,0.99813513144065,Mid-Value Active Customers
6613,1970,Master,Married,44511.0,1,0,2012-10-12,39,513,7,133,46,14,14,6,8,4,8,8,0,0,0,0,0,0,3,11,0,55,5073,727,1,50-59,2,High-Value Store Loyalists,0.3663569285558558,-1.1386804546874483,2,0.5743282826600362,Mid-Value Active Customers
10827,1967,PhD,Married,36947.0,1,1,2012-08-07,49,88,3,21,4,1,29,4,3,0,4,9,0,0,0,0,0,0,3,11,0,58,5139,146,2,50-59,0,Recent Low-Value Customers,-1.6274089340679907,-0.2724396995527344,2,0.9832953478650927,Mid-Value Active Customers
5491,1951,Master,Together,47352.0,0,1,2013-04-11,70,172,12,112,8,0,15,4,6,1,5,7,0,0,0,0,0,0,3,11,0,74,4892,319,1,70+,5,Low-Engagement Mature Customers,-0.2331156201605421,0.43066291271291485,2,0.9984504389067765,Mid-Value Active Customers
8402,1953,Master,Married,67087.0,0,1,2013-12-17,40,329,35,222,130,35,43,2,7,5,8,4,0,0,0,0,0,0,3,11,0,72,4642,794,1,70+,1,High-Value At-Risk Customers,1.538116923535401,-0.3203433439223136,1,0.9926981135752495,High-Value Store Customers
8783,1950,Graduation,Married,57045.0,0,1,2012-09-08,40,296,13,104,11,13,17,3,4,2,9,3,0,0,0,0,0,0,3,11,0,75,5107,454,1,70+,1,High-Value At-Risk Customers,1.0004629584127263,0.1167112704162904,1,0.5304289976100847,High-Value Store Customers
10010,1953,PhD,Divorced,36957.0,1,1,2012-09-06,43,100,2,16,2,1,31,4,3,2,2,9,0,0,0,0,0,0,3,11,1,72,5109,152,2,70+,5,Low-Engagement Mature Customers,-1.7443762131342333,-0.27894961624741277,2,0.9933066518064589,Mid-Value Active Customers
618,1977,PhD,Married,69389.0,0,1,2012-09-28,17,422,7,238,69,46,15,1,7,2,12,4,0,0,0,0,0,0,3,11,0,48,5087,797,1,40-49,3,Dormant / Disengaged Customers,1.8680622577454795,-1.3514558738427151,1,0.9878027888197345,High-Value Store Customers
9121,1972,Graduation,Married,80134.0,1,0,2013-05-20,40,1218,16,272,104,0,80,2,5,3,6,6,0,1,1,1,0,0,3,11,1,53,4853,1690,1,50-59,3,Dormant / Disengaged Customers,1.4421968020816451,-0.4675635857468594,3,0.9999949634537713,High-Value Omnichannel Customers
361,1969,Master,Married,43142.0,1,1,2014-02-18,84,5,1,7,2,1,4,1,1,0,2,7,0,0,0,0,0,0,3,11,0,56,4579,20,2,50-59,4,High-Value Omnichannel Customers,-1.8817025166370274,1.3151918521927668,0,0.9891343115204629,Low-Value Customers
4310,1944,Graduation,Married,80589.0,0,0,2014-01-22,25,507,93,520,242,40,26,1,5,10,5,1,0,0,0,1,0,0,3,11,1,81,4606,1428,0,70+,1,High-Value At-Risk Customers,2.191334220043573,-0.04928309578046696,1,0.9983151431078627,High-Value Store Customers
2678,1990,Graduation,Single,34412.0,1,0,2013-02-13,62,52,12,50,4,36,55,3,5,0,3,9,0,0,0,0,0,0,3,11,0,35,4949,209,1,30-39,4,High-Value Omnichannel Customers,-1.7795943604881561,-0.28631366949182885,2,0.9990692724881688,Mid-Value Active Customers
6376,1979,Graduation,Single,57537.0,1,0,2013-06-10,83,191,56,139,51,8,100,4,4,3,8,4,0,0,0,0,0,0,3,11,0,46,4832,545,1,40-49,3,Dormant / Disengaged Customers,0.4440169302005679,1.0844275722548602,1,0.9253512153716976,High-Value Store Customers
524,1966,Basic,Together,22634.0,0,0,2013-01-16,47,2,23,11,8,6,46,1,2,1,2,8,0,0,0,0,0,0,3,11,0,59,4977,96,0,50-59,0,Recent Low-Value Customers,-2.1976509854881736,-0.08106105503726097,2,0.5786074521278092,Mid-Value Active Customers
10341,1948,Graduation,Together,51315.0,0,0,2014-02-23,45,68,28,39,16,30,41,1,2,2,5,2,0,0,0,0,0,0,3,11,0,77,4574,222,0,70+,5,Low-Engagement Mature Customers,0.027987381887307608,0.7182620757386519,2,0.9663625381042085,Mid-Value Active Customers
5654,1972,Graduation,Married,36026.0,2,1,2014-03-16,34,20,4,10,6,4,17,2,2,0,3,6,0,0,0,0,0,0,3,11,0,53,4553,61,3,50-59,0,Recent Low-Value Customers,-1.5983120188451565,-0.29860288805933466,0,0.9821340031327676,Low-Value Customers
4098,1973,Graduation,Married,24639.0,1,1,2014-01-28,3,20,3,16,0,4,1,3,2,0,4,6,0,0,0,0,0,0,3,11,0,52,4600,44,2,50-59,0,Recent Low-Value Customers,-1.701440747785834,-1.319984897926498,0,0.9977254000769535,Low-Value Customers
5824,1972,PhD,Together,34578.0,2,1,2014-04-11,1,7,0,1,0,0,0,1,1,0,2,6,0,0,0,0,0,0,3,11,0,53,4527,8,3,50-59,0,Recent Low-Value Customers,-1.9574275132326735,-1.191093909489769,0,0.9479873592210548,Low-Value Customers
7000,1972,2n Cycle,Single,65704.0,0,0,2013-10-13,18,279,172,74,38,8,246,1,2,10,10,1,0,0,0,0,0,0,3,11,0,53,4707,817,0,50-59,3,Dormant / Disengaged Customers,1.3830506604206196,-0.33664209825100544,1,0.9999188919285883,High-Value Store Customers
2561,1966,Graduation,Single,63810.0,0,1,2012-11-11,45,977,12,253,16,12,101,4,4,3,12,8,0,1,0,0,0,0,3,11,0,59,5043,1371,1,50-59,2,High-Value Store Loyalists,1.3748127617745993,-0.5540520096073399,3,0.9999999999981668,High-Value Omnichannel Customers
5229,1969,PhD,Together,54132.0,0,1,2014-02-16,81,30,1,8,0,0,3,1,1,0,3,7,0,0,0,0,0,0,3,11,0,56,4581,42,1,50-59,4,High-Value Omnichannel Customers,-1.511377667032112,1.2221001194432026,0,0.9992379245003787,Low-Value Customers
4086,1959,Graduation,Married,18690.0,0,0,2012-12-28,77,6,1,7,23,4,19,1,1,1,2,8,0,0,0,0,0,0,3,11,0,66,4996,60,0,60-69,4,High-Value Omnichannel Customers,-2.3416849968712357,1.0170777747766133,0,0.9219159231416427,Low-Value Customers
2428,1970,Graduation,Married,28164.0,1,0,2013-05-04,23,3,18,26,11,8,12,3,2,0,4,7,0,0,0,0,0,0,3,11,0,55,4869,78,1,50-59,0,Recent Low-Value Customers,-1.7184632298051243,-0.7815413185240353,0,0.9425566957326761,Low-Value Customers
8254,1974,PhD,Married,34596.0,1,0,2013-04-13,48,14,0,2,0,0,7,1,1,0,2,8,0,0,0,0,0,0,3,11,0,51,4890,23,1,50-59,0,Recent Low-Value Customers,-2.2642986615847924,0.013814084384993786,0,0.9949337219297313,Low-Value Customers
2836,1972,PhD,Married,43269.0,1,0,2013-09-16,61,10,1,7,0,0,1,1,1,0,2,8,0,0,0,0,0,0,3,11,0,53,4734,19,1,50-59,4,High-Value Omnichannel Customers,-2.0766648513299675,0.4560469276390837,0,0.9984797392385386,Low-Value Customers
8418,1958,2n Cycle,Single,38741.0,1,1,2014-03-30,60,7,10,17,8,6,13,2,2,0,3,7,0,0,0,0,0,0,3,11,0,67,4539,61,2,60-69,5,Low-Engagement Mature Customers,-1.523383657570745,0.5285621939304523,0,0.9597279589403359,Low-Value Customers
1362,1972,Graduation,Single,31907.0,0,0,2013-03-04,75,33,87,64,175,16,74,1,6,1,6,7,0,0,0,0,0,0,3,11,0,53,4930,449,0,50-59,4,High-Value Omnichannel Customers,-0.5234067310362979,0.32488151361945405,2,0.9969339452865704,Mid-Value Active Customers
7152,1983,Master,Married,27100.0,1,0,2013-04-05,64,12,0,13,2,0,10,1,1,0,3,7,0,0,0,0,0,0,3,11,0,42,4898,37,1,40-49,4,High-Value Omnichannel Customers,-2.1995784807996044,0.5015473681910376,0,0.9868483004316716,Low-Value Customers
10033,1973,2n Cycle,Divorced,31163.0,1,0,2014-02-13,54,2,3,10,11,2,10,1,1,0,3,6,0,0,0,0,0,0,3,11,0,52,4584,38,1,50-59,4,High-Value Omnichannel Customers,-1.848956705684107,0.4115568719531263,0,0.9851490577306034,Low-Value Customers
9349,1985,Graduation,Married,92533.0,0,0,2013-12-19,84,693,21,118,110,147,42,1,6,5,11,2,0,0,1,1,0,0,3,11,0,40,4640,1131,0,30-39,3,Dormant / Disengaged Customers,2.5341656446357264,1.0627930949589646,1,0.9071873804881387,High-Value Store Customers
274,1973,Graduation,Single,34853.0,1,1,2013-12-23,75,9,3,15,2,3,2,2,2,0,3,6,0,0,0,0,0,0,3,11,0,52,4636,34,2,50-59,4,High-Value Omnichannel Customers,-1.6446270147605182,0.9629452250451034,0,0.9702491966468284,Low-Value Customers
3388,1967,Graduation,Divorced,70844.0,1,1,2013-10-30,16,129,26,67,3,67,2,5,6,1,5,7,0,0,0,0,0,0,3,11,0,58,4690,294,2,50-59,2,High-Value Store Loyalists,-0.021624278650749118,-1.3410895145738169,2,0.9705753502254646,Mid-Value Active Customers
922,1979,2n Cycle,Married,31086.0,1,1,2013-05-04,79,16,2,11,3,0,16,2,1,1,2,8,1,0,0,0,0,0,3,11,0,46,4869,48,2,40-49,4,High-Value Omnichannel Customers,-2.362194398421764,0.920318996777556,0,0.9949172819819745,Low-Value Customers
8588,1961,Graduation,Married,60544.0,1,1,2012-08-25,92,201,2,43,3,5,35,4,5,1,5,6,0,0,0,0,0,0,3,11,0,64,5121,289,2,60-69,4,High-Value Omnichannel Customers,-0.10542165577002534,1.2773685806058783,2,0.9996460490070498,Mid-Value Active Customers
2518,1986,2n Cycle,Together,20491.0,0,0,2013-01-25,16,5,4,5,4,2,10,1,0,1,2,7,0,0,0,0,0,0,3,11,0,39,4968,30,0,30-39,0,Recent Low-Value Customers,-2.657569164462651,-0.8980569658391401,0,0.9911416207335876,Low-Value Customers
574,1964,Graduation,Married,42523.0,0,0,2014-04-23,96,14,36,11,3,26,35,1,1,1,4,2,0,0,0,0,0,0,3,11,0,61,4515,125,0,60-69,4,High-Value Omnichannel Customers,-0.6797550620423056,2.267898360670723,2,0.9934588039469312,Mid-Value Active Customers
3220,1983,Graduation,Married,39922.0,1,0,2013-02-14,30,29,12,59,19,1,36,2,3,0,4,8,0,0,0,0,0,0,3,11,0,42,4948,156,1,40-49,0,Recent Low-Value Customers,-1.6094291217393784,-0.8884228456649044,2,0.9974521753223393,Mid-Value Active Customers
5967,1952,Graduation,Together,33402.0,1,1,2013-07-18,60,26,2,19,10,5,8,3,2,1,3,8,0,0,0,0,0,0,3,11,0,73,4794,70,2,70+,5,Low-Engagement Mature Customers,-1.696874814409518,0.4549356649334436,0,0.9465765585844915,Low-Value Customers
1183,1949,Master,Married,36408.0,1,1,2013-09-21,11,9,1,4,3,2,3,1,1,0,2,6,0,0,0,0,0,0,3,11,0,76,4729,22,2,70+,5,Low-Engagement Mature Customers,-1.627795639747594,-0.6612892254368461,0,0.9361724649613014,Low-Value Customers
6856,1979,Graduation,Together,21645.0,1,0,2012-09-03,75,14,0,23,4,5,19,3,3,0,3,9,0,0,0,0,0,0,3,11,1,46,5112,65,1,40-49,4,High-Value Omnichannel Customers,-2.269084752707863,0.4142332776438446,0,0.9834814569016506,Low-Value Customers
4530,1948,Master,Widow,78427.0,0,0,2012-10-24,36,972,19,595,180,26,138,3,3,7,10,3,0,0,0,1,0,0,3,11,1,77,5061,1930,0,70+,1,High-Value At-Risk Customers,2.6835108190493213,0.09421464230872863,3,0.5139332187157136,High-Value Omnichannel Customers
1553,1946,Graduation,Together,82657.0,0,0,2013-09-27,71,966,168,672,246,105,126,1,7,5,10,4,0,1,0,1,0,0,3,11,0,79,4723,2283,0,70+,1,High-Value At-Risk Customers,3.471517485918611,0.6434157289510098,1,0.9563573672861928,High-Value Store Customers
4682,1958,Graduation,Married,51876.0,0,0,2013-10-15,88,99,27,102,28,48,6,1,2,2,8,1,0,0,0,0,0,0,3,11,0,67,4705,310,0,60-69,1,High-Value At-Risk Customers,0.5931025374562733,2.001958642116711,2,0.8802108052493098,Mid-Value Active Customers
8204,1971,2n Cycle,Married,78041.0,0,0,2012-12-16,93,482,35,553,72,160,17,1,4,4,9,2,0,0,0,0,0,0,3,11,0,54,5008,1319,0,50-59,3,Dormant / Disengaged Customers,2.0361381687801594,1.7006050195931384,1,0.9978420247908955,High-Value Store Customers
5221,1957,Graduation,Married,52852.0,0,1,2012-12-01,93,714,8,99,11,0,47,4,10,7,5,8,1,0,0,0,0,0,3,11,0,68,5023,879,1,60-69,2,High-Value Store Loyalists,0.6524990294028103,0.5281457877099657,1,0.808479031545789,High-Value Store Customers
1232,1982,PhD,Together,70038.0,0,0,2013-10-25,54,587,54,348,71,54,130,1,4,4,8,2,0,0,0,0,0,0,3,11,0,43,4695,1244,0,40-49,3,Dormant / Disengaged Customers,1.5320596760967418,0.39545816549017443,1,0.9983894002977819,High-Value Store Customers
1927,1973,2n Cycle,Together,69401.0,0,1,2014-03-23,41,399,27,159,58,8,39,4,4,4,5,2,0,0,0,0,0,0,3,11,0,52,4546,690,1,50-59,3,Dormant / Disengaged Customers,0.7221563093994462,0.1668206579285587,1,0.9991369663843976,High-Value Store Customers
5788,1972,Graduation,Together,46053.0,1,0,2013-02-17,46,56,10,92,19,7,25,3,3,2,4,5,0,0,0,0,0,0,3,11,0,53,4945,209,1,50-59,0,Recent Low-Value Customers,-0.8493108005131045,0.07575448196585569,2,0.9999088517448439,Mid-Value Active Customers
6652,1965,Graduation,Married,77343.0,0,0,2014-06-09,28,227,151,573,98,54,31,1,3,4,9,1,0,0,0,0,0,0,3,11,0,60,4468,1134,0,50-59,1,High-Value At-Risk Customers,1.9443702777633922,-0.029605032189324657,1,0.9996486131978187,High-Value Store Customers
6246,1953,Graduation,Single,73892.0,0,0,2013-11-13,40,703,102,601,0,58,43,1,3,11,8,1,0,0,0,0,0,0,3,11,1,72,4676,1507,0,70+,1,High-Value At-Risk Customers,2.1977558209653862,0.45905670090495543,1,0.9995874743453518,High-Value Store Customers
5975,1967,PhD,Single,40304.0,1,0,2013-09-30,82,37,0,17,0,0,3,1,2,0,3,7,0,0,0,0,0,0,3,11,0,58,4720,57,1,50-59,4,High-Value Omnichannel Customers,-1.6014615725291648,1.1307668136735336,0,0.9726088874034385,Low-Value Customers
6875,1965,PhD,Together,32727.0,0,0,2012-08-28,38,167,13,180,86,13,70,2,7,3,5,8,0,0,0,0,0,0,3,11,0,60,5118,529,0,50-59,2,High-Value Store Loyalists,-0.5316252774401787,-0.9609753112208708,2,0.9622468132619177,Mid-Value Active Customers
4399,1969,Graduation,Together,68695.0,0,0,2014-06-25,3,458,81,356,106,50,40,1,4,4,7,2,0,0,0,0,0,0,3,11,0,56,4452,1091,0,50-59,3,Dormant / Disengaged Customers,1.3773837441916712,-1.0392193863234465,1,0.9987718797752365,High-Value Store Customers
4042,1971,Graduation,Divorced,43300.0,0,1,2012-10-13,87,91,3,52,2,1,31,3,4,0,4,8,0,0,0,0,0,0,3,11,1,54,5072,180,1,50-59,4,High-Value Omnichannel Customers,-1.2314520122867894,0.8913034080620107,2,0.9993897459026074,Mid-Value Active Customers
2157,1972,Graduation,Together,26290.0,1,1,2013-01-12,49,15,8,16,11,5,22,4,2,0,4,6,0,0,0,0,0,0,3,11,0,53,4981,77,2,50-59,0,Recent Low-Value Customers,-1.6183124532013586,0.11991480890600911,0,0.9893782109571401,Low-Value Customers
10133,1970,Graduation,Single,93790.0,0,0,2014-02-12,16,1302,68,731,89,114,45,0,6,7,12,2,0,1,1,1,0,0,3,11,1,55,4585,2349,0,50-59,3,Dormant / Disengaged Customers,3.8957712032854652,-0.970552894637862,1,0.9308781124465663,High-Value Store Customers
2525,1974,PhD,Married,38410.0,0,0,2012-09-14,65,153,64,123,116,64,14,2,5,2,9,6,0,0,0,0,0,0,3,11,1,51,5101,534,0,50-59,2,High-Value Store Loyalists,0.10200171071199819,0.1611418058885559,2,0.8037293009420852,Mid-Value Active Customers
8233,1950,Master,Widow,64866.0,0,1,2014-01-26,9,508,5,21,7,5,10,4,7,3,7,5,0,1,0,0,0,0,3,11,0,75,4602,556,1,70+,2,High-Value Store Loyalists,1.0245464600589,-1.3444649970940445,2,0.9176630162556713,Mid-Value Active Customers
9483,1959,Graduation,Together,57957.0,0,1,2013-08-19,24,290,59,177,77,5,29,7,4,6,8,3,0,0,0,0,0,1,3,11,0,66,4762,637,1,60-69,1,High-Value At-Risk Customers,0.9120702876474962,-0.4442302463497101,1,0.9991283083783696,High-Value Store Customers
2945,1955,PhD,Together,46015.0,1,1,2014-04-13,25,38,0,2,0,0,6,1,1,0,3,7,1,0,0,0,1,0,3,11,0,70,4525,46,2,60-69,5,Low-Engagement Mature Customers,-1.504474429520781,-0.40357388901041175,0,0.9909536576724278,Low-Value Customers
10403,1978,Graduation,Together,16531.0,1,0,2014-06-18,43,2,13,6,7,5,11,3,3,0,3,7,0,0,0,0,0,0,3,11,0,47,4459,44,1,40-49,0,Recent Low-Value Customers,-2.071440764016556,-0.3458708932581385,0,0.9997949036052188,Low-Value Customers
5074,1986,Master,Married,28072.0,1,0,2013-07-08,10,30,0,10,2,0,5,1,1,0,3,7,0,0,0,0,0,0,3,11,0,39,4804,47,1,30-39,0,Recent Low-Value Customers,-2.223609873765454,-1.2009211499570198,0,0.9893848652626728,Low-Value Customers
10524,1963,Master,Divorced,49476.0,0,1,2013-06-20,29,386,23,95,54,41,196,4,2,11,5,2,0,0,0,0,0,0,3,11,0,62,4822,795,1,60-69,5,Low-Engagement Mature Customers,0.2891567294270781,0.057075143363236616,1,0.9991149357303999,High-Value Store Customers
4690,1953,Graduation,Married,50725.0,0,1,2013-02-13,45,443,10,75,0,10,48,4,8,1,8,8,0,0,0,0,0,0,3,11,0,72,4949,586,1,70+,2,High-Value Store Loyalists,0.5735091226033595,-0.773977819693569,2,0.9814937825324388,Mid-Value Active Customers
7521,1952,Graduation,Together,83844.0,0,0,2013-05-12,57,901,31,345,75,31,191,1,4,4,11,1,0,0,1,0,0,0,3,11,0,73,4861,1574,0,70+,1,High-Value At-Risk Customers,3.0282591616284935,0.8345861885432861,1,0.9978747925750875,High-Value Store Customers
7196,1950,PhD,Married,41145.0,1,1,2014-02-08,20,9,0,3,0,0,1,1,0,0,3,3,0,0,0,0,0,0,3,11,0,75,4589,13,2,70+,5,Low-Engagement Mature Customers,-1.0815024594940397,0.05673115585627983,0,0.9534203939438188,Low-Value Customers
4406,1970,Graduation,Together,67419.0,0,1,2013-01-16,29,846,84,352,91,56,42,4,9,4,8,5,0,0,0,0,0,0,3,11,0,55,4977,1471,1,50-59,2,High-Value Store Loyalists,2.0163934628194102,-1.179156990719257,1,0.9376577755254077,High-Value Store Customers
9672,1970,2n Cycle,Married,23162.0,1,1,2013-12-21,82,8,3,9,19,4,22,3,1,1,3,6,0,0,0,0,0,0,3,11,0,55,4638,65,2,50-59,4,High-Value Omnichannel Customers,-1.9327903213908495,1.289638726992629,0,0.9729977523245307,Low-Value Customers
4864,1977,Graduation,Married,34380.0,1,0,2013-05-02,68,72,7,58,13,1,24,4,4,1,3,8,0,0,0,0,0,0,3,11,0,48,4871,175,1,40-49,4,High-Value Omnichannel Customers,-1.627498690741485,0.24936989774883217,2,0.9997599223777894,Mid-Value Active Customers
4706,1966,Graduation,Single,34704.0,0,1,2013-04-27,65,29,0,5,0,1,5,1,1,0,3,5,0,0,0,0,0,0,3,11,0,59,4876,40,1,50-59,4,High-Value Omnichannel Customers,-1.5384431469769069,0.9440654387725457,0,0.9825003885034191,Low-Value Customers
4070,1969,PhD,Married,94871.0,0,2,2012-09-01,99,169,24,553,188,0,144,1,8,5,4,7,0,1,1,0,0,0,3,11,1,56,5114,1078,2,50-59,2,High-Value Store Loyalists,1.208501100763552,1.0507655593224816,3,0.9999999989787742,High-Value Omnichannel Customers
25,1958,Graduation,Married,65148.0,0,1,2012-11-16,9,460,35,422,33,12,153,2,6,6,7,4,0,0,0,0,0,0,3,11,0,67,5038,1115,1,60-69,1,High-Value At-Risk Customers,1.424552399803062,-1.2115968086957571,1,0.9903712983809945,High-Value Store Customers
3697,1954,Graduation,Together,39898.0,0,1,2013-02-12,20,69,8,26,12,7,12,2,3,0,4,7,0,0,0,0,0,0,3,11,0,71,4950,134,1,70+,5,Low-Engagement Mature Customers,-1.123149310744827,-0.808774032602602,2,0.978691805694787,Mid-Value Active Customers
217,1956,Master,Single,64857.0,0,0,2012-11-23,78,556,14,717,210,0,43,1,7,5,10,4,0,0,0,0,0,0,3,11,0,69,5031,1540,0,60-69,1,High-Value At-Risk Customers,2.389954070523981,0.7517636528896456,1,0.9838674958001006,High-Value Store Customers
4220,1970,PhD,Married,59892.0,0,1,2013-11-02,26,73,0,13,0,1,0,1,2,1,3,3,0,0,0,0,0,0,3,11,0,55,4687,87,1,50-59,5,Low-Engagement Mature Customers,-0.6434076241968117,-0.12238203123941713,0,0.6402502732474439,Low-Value Customers
5286,1987,Master,Single,41020.0,0,0,2013-10-28,68,112,1,54,7,7,36,1,3,2,4,3,0,0,0,0,0,0,3,11,0,38,4692,217,0,30-39,4,High-Value Omnichannel Customers,-0.8068915627386891,0.8410015783657186,2,0.9920342281826185,Mid-Value Active Customers
9559,1961,PhD,Married,57072.0,0,1,2014-01-24,79,944,0,60,0,0,30,2,7,5,13,5,1,0,0,0,0,0,3,11,0,64,4604,1034,1,60-69,2,High-Value Store Loyalists,2.0395682514093014,0.5451652275621167,1,0.9943679506174065,High-Value Store Customers
2849,1979,Graduation,Single,60474.0,0,1,2013-04-01,25,265,199,303,234,9,170,7,10,2,12,7,0,0,0,0,0,0,3,11,0,46,4902,1180,1,40-49,2,High-Value Store Loyalists,1.937618264079014,-1.83467290864766,1,0.9738524429628784,High-Value Store Customers
7787,1960,Graduation,Together,62807.0,0,1,2012-08-31,83,526,28,135,10,21,99,3,5,3,12,5,0,0,0,0,0,0,3,11,0,65,5115,819,1,60-69,1,High-Value At-Risk Customers,1.568140580475562,0.9415657878370096,1,0.9632910867330443,High-Value Store Customers
3102,1981,2n Cycle,Together,19414.0,1,0,2013-10-16,32,2,3,12,3,5,7,1,1,0,3,8,0,0,0,0,0,0,3,11,0,44,4704,32,1,40-49,0,Recent Low-Value Customers,-2.4862363132793655,-0.6077813887275113,0,0.991997352226868,Low-Value Customers
5868,1980,Graduation,Married,19107.0,1,0,2013-08-22,49,2,4,9,10,5,16,2,1,0,3,7,0,0,0,0,0,0,3,11,0,45,4759,46,1,40-49,0,Recent Low-Value Customers,-2.30968637350225,0.045504548219592586,0,0.9937248720136004,Low-Value Customers
8370,1976,2n Cycle,Together,75484.0,0,1,2012-08-02,50,378,97,259,197,194,34,2,7,3,6,4,0,0,0,0,0,0,3,11,0,49,5144,1159,1,40-49,3,Dormant / Disengaged Customers,1.4341136601951625,-0.17035174109451165,1,0.9652234426903314,High-Value Store Customers
9988,1976,Master,Single,70379.0,0,1,2013-03-03,84,553,25,142,65,67,8,3,6,3,13,4,0,0,0,0,0,0,3,11,0,49,4931,860,1,40-49,3,Dormant / Disengaged Customers,1.9825383705519786,0.8224878472696439,1,0.9953114365188706,High-Value Store Customers
2939,1970,Master,Together,79419.0,0,0,2014-06-22,96,751,127,687,20,15,31,1,4,6,4,2,0,0,0,0,0,0,3,11,0,55,4455,1631,0,50-59,3,Dormant / Disengaged Customers,1.609210543713602,1.9171112102465182,1,0.9975761597693701,High-Value Store Customers
5529,1946,PhD,Together,64014.0,2,1,2014-06-10,56,406,0,30,0,0,8,7,8,2,5,7,0,0,0,1,0,0,3,11,0,79,4467,444,3,70+,2,High-Value Store Loyalists,0.5087076134734968,-0.14132816499083897,2,0.9914954162464755,Mid-Value Active Customers
9743,1955,Graduation,Married,76998.0,0,1,2013-01-11,85,1449,89,161,69,35,107,2,11,8,8,6,0,0,1,0,0,0,3,11,0,70,4982,1910,1,60-69,2,High-Value Store Loyalists,2.8761895914060887,0.37115592255676566,1,0.9729269953412515,High-Value Store Customers
5763,1972,Master,Together,49854.0,1,0,2013-11-10,63,123,17,171,39,0,30,5,6,2,5,6,0,0,0,0,0,0,3,11,0,53,4679,380,1,50-59,4,High-Value Omnichannel Customers,-0.23893915024241738,0.13745047123031442,2,0.9951684254904783,Mid-Value Active Customers
3478,1971,PhD,Married,60585.0,1,1,2013-06-24,17,267,42,309,55,42,21,10,7,4,9,5,0,0,0,0,0,0,3,11,1,54,4818,736,2,50-59,2,High-Value Store Loyalists,1.133029620004533,-1.3576558161377075,1,0.941318644238812,High-Value Store Customers
7494,1950,PhD,Divorced,42873.0,1,1,2013-01-21,11,209,0,40,3,2,15,4,6,1,4,8,0,0,0,0,0,0,3,11,0,75,4972,269,2,70+,5,Low-Engagement Mature Customers,-0.6624173953860631,-1.4929686591006215,2,0.9967686178551123,Mid-Value Active Customers
1763,1988,Graduation,Together,87679.0,0,0,2013-07-27,62,1259,172,815,97,148,33,1,7,11,10,4,1,0,1,1,0,0,3,11,1,37,4785,2524,0,30-39,3,Dormant / Disengaged Customers,3.254105367948923,-0.026632962002336894,1,0.9576567559865883,High-Value Store Customers
7250,1978,Graduation,Together,57867.0,1,0,2013-10-01,48,344,35,178,15,23,17,7,7,2,9,6,0,0,0,0,0,0,3,11,0,47,4719,612,1,40-49,2,High-Value Store Loyalists,0.7461358838617543,-0.580379230440191,2,0.7653928734242537,Mid-Value Active Customers
2005,1990,Graduation,Married,35765.0,1,0,2013-12-11,86,22,3,30,0,5,15,2,2,0,4,6,0,0,0,0,0,0,3,11,0,35,4648,75,1,30-39,4,High-Value Omnichannel Customers,-1.6517797961751577,1.1213312329434038,0,0.9106702402116044,Low-Value Customers
10770,1959,Graduation,Married,65492.0,0,0,2014-01-26,73,247,161,295,210,85,47,2,4,7,13,2,0,0,0,0,0,0,3,11,0,66,4602,1045,0,60-69,1,High-Value At-Risk Customers,2.293388311470925,1.0758149575823261,1,0.9993751285308521,High-Value Store Customers
6885,1977,Graduation,Divorced,32952.0,1,0,2013-12-01,36,38,0,12,3,1,1,1,2,0,3,7,0,0,0,0,0,0,3,11,0,48,4658,55,1,40-49,0,Recent Low-Value Customers,-1.8755941449900941,-0.4076192272073901,0,0.9831488506891599,Low-Value Customers
2072,1969,PhD,Together,53374.0,0,1,2012-08-16,34,896,10,101,13,10,34,6,4,2,9,9,1,0,0,0,0,0,3,11,1,56,5130,1064,1,50-59,2,High-Value Store Loyalists,0.2889311492331146,-0.9813917189105532,3,0.9999999999999183,High-Value Omnichannel Customers
9463,1959,Graduation,Together,71706.0,0,1,2012-11-13,16,931,56,253,91,98,14,4,9,5,7,5,0,0,0,0,0,0,3,11,0,66,5041,1443,1,60-69,2,High-Value Store Loyalists,2.058559182172431,-1.444466218465124,1,0.9537331959017432,High-Value Store Customers
6318,1988,Graduation,Married,68487.0,0,0,2013-01-13,48,758,12,385,33,89,89,1,9,7,13,4,0,0,0,0,0,0,3,11,0,37,4980,1366,0,30-39,3,Dormant / Disengaged Customers,2.6159492830717896,-0.7563132390748872,1,0.7792717205597818,High-Value Store Customers
4093,1975,Master,Together,53253.0,1,1,2013-02-11,61,216,9,57,20,9,125,7,4,3,5,5,0,0,0,0,0,0,3,11,0,50,4951,436,2,40-49,4,High-Value Omnichannel Customers,-0.2766066282696672,0.38854027222953386,2,0.9013337113210355,Mid-Value Active Customers
5751,1973,2n Cycle,Divorced,31163.0,1,0,2014-02-13,54,2,3,10,11,2,10,1,1,0,3,6,0,0,0,0,0,0,3,11,0,52,4584,38,1,50-59,4,High-Value Omnichannel Customers,-1.848956705684107,0.4115568719531263,0,0.9851490577306034,Low-Value Customers
3340,1977,Graduation,Married,42014.0,1,0,2012-08-17,56,244,15,108,4,15,50,6,7,1,6,8,0,0,0,0,0,0,3,11,1,48,5129,436,1,40-49,2,High-Value Store Loyalists,-0.43129574240774426,-0.5146878869342622,2,0.9972819903948335,Mid-Value Active Customers
3594,1973,Master,Married,54108.0,1,1,2012-11-05,74,539,6,91,8,6,97,13,8,2,9,8,0,0,0,0,0,0,3,11,0,52,5049,747,2,50-59,2,High-Value Store Loyalists,0.6821033674452455,-0.0834633213447308,3,0.5075139936604585,High-Value Omnichannel Customers
3584,1955,PhD,Single,49667.0,0,0,2012-08-20,35,1181,26,120,17,13,39,2,5,10,5,8,1,0,0,0,0,0,3,11,1,70,5126,1396,0,60-69,2,High-Value Store Loyalists,0.37378750459770765,-0.7333065128619202,3,0.99999716193139,High-Value Omnichannel Customers
3643,1974,Master,Married,63206.0,0,0,2014-03-20,65,750,8,125,11,8,26,1,4,3,6,2,0,0,1,0,0,0,3,11,0,51,4549,928,0,50-59,3,Dormant / Disengaged Customers,0.9460892361723954,0.855798421431442,1,0.998597850170294,High-Value Store Customers
851,1972,Master,Married,57136.0,1,1,2013-07-09,48,306,5,109,21,109,92,9,5,2,10,6,0,0,0,0,0,0,3,11,0,53,4803,642,2,50-59,2,High-Value Store Loyalists,0.7111418526248513,-0.33305047238293956,3,0.5719972489532289,High-Value Omnichannel Customers
7706,1975,2n Cycle,Together,46772.0,0,1,2012-11-07,88,350,104,189,197,151,57,6,11,8,5,8,1,0,0,0,0,0,3,11,0,50,5047,1048,1,40-49,2,High-Value Store Loyalists,0.5923053464973908,0.0754154906302927,1,0.5351141646725759,High-Value Store Customers
3967,1971,PhD,Married,78931.0,0,0,2013-10-25,19,331,197,170,58,152,35,1,2,8,13,1,0,0,0,0,0,0,3,11,0,54,4695,943,0,50-59,3,Dormant / Disengaged Customers,2.187952833617124,-0.3432769228381628,1,0.9992177547671505,High-Value Store Customers
10128,1958,Graduation,Together,53977.0,0,1,2013-06-08,21,620,16,165,0,24,82,5,5,5,12,5,0,0,0,0,0,0,3,11,0,67,4834,907,1,60-69,1,High-Value At-Risk Customers,1.4843818311435837,-0.9874015796035586,1,0.9743168529625555,High-Value Store Customers
486,1988,Graduation,Married,84219.0,0,0,2014-02-02,27,434,137,400,45,137,45,1,3,4,10,1,0,0,0,0,0,0,3,11,0,37,4595,1198,0,30-39,3,Dormant / Disengaged Customers,1.9924389354476848,-0.2871477057003921,1,0.9981161252279658,High-Value Store Customers
9,1975,Master,Single,46098.0,1,1,2012-08-18,86,57,0,27,0,0,36,4,3,2,2,8,0,0,0,0,0,0,3,11,0,50,5128,120,2,40-49,4,High-Value Omnichannel Customers,-1.7028133270996026,0.9888599111981682,2,0.8645614224330609,Mid-Value Active Customers
9451,1965,Graduation,Married,73538.0,0,1,2012-11-25,92,811,76,428,99,137,107,3,10,4,9,7,0,0,0,0,0,0,3,11,0,60,5029,1658,1,50-59,2,High-Value Store Loyalists,2.3375193294687535,0.46273601168350853,1,0.924259114968691,High-Value Store Customers
9264,1986,Graduation,Married,79529.0,0,0,2014-04-27,1,423,42,706,73,197,197,1,4,8,9,2,0,0,0,0,0,0,3,11,0,39,4511,1638,0,30-39,3,Dormant / Disengaged Customers,2.125886614731082,-1.30338036649399,1,0.9953651934614464,High-Value Store Customers
3865,1977,2n Cycle,Together,20981.0,0,0,2013-04-30,14,2,12,10,6,13,30,1,3,1,2,8,0,0,0,0,0,0,3,11,1,48,4873,73,0,40-49,0,Recent Low-Value Customers,-2.258285791806661,-1.320592999118559,0,0.9560422844095724,Low-Value Customers
2853,1980,Graduation,Single,51766.0,1,0,2014-03-11,74,60,51,87,6,20,51,2,4,2,4,5,0,0,0,0,0,0,3,11,0,45,4558,275,1,40-49,4,High-Value Omnichannel Customers,-0.643733617203545,0.7716228937587353,2,0.9992134219358374,Mid-Value Active Customers
1490,1962,Graduation,Married,55759.0,0,1,2012-11-28,84,675,0,85,10,7,77,5,10,3,8,8,0,0,0,0,0,0,3,11,0,63,5026,854,1,60-69,2,High-Value Store Loyalists,1.0600566658508257,0.13644545750204146,1,0.8607009503762912,High-Value Store Customers
6310,1978,Graduation,Married,33039.0,1,0,2013-09-09,4,30,8,12,8,8,12,1,2,0,4,5,0,0,0,0,0,0,3,11,0,47,4741,78,1,40-49,0,Recent Low-Value Customers,-1.4216333245455108,-1.2004240994411197,0,0.9926761313537051,Low-Value Customers
10380,1972,Master,Married,37787.0,1,0,2013-09-20,50,40,1,40,4,3,18,1,3,0,3,8,0,0,0,0,0,0,3,11,0,53,4730,106,1,50-59,0,Recent Low-Value Customers,-1.6980123121208317,-0.14329246966695502,0,0.714522895303613,Low-Value Customers
3887,1970,Graduation,Single,27242.0,1,0,2012-11-11,2,3,17,26,20,1,39,2,2,0,3,9,0,0,0,0,0,0,3,11,1,55,5043,106,1,50-59,0,Recent Low-Value Customers,-2.171212748949292,-1.6469413630610377,0,0.6813853442315861,Low-Value Customers
4278,1983,PhD,Single,87188.0,0,0,2013-06-03,73,910,111,724,49,74,55,1,10,2,6,3,0,0,0,0,0,0,3,11,1,42,4839,1923,0,40-49,3,Dormant / Disengaged Customers,2.7711970533099297,0.26874437136135254,3,0.7528750807964666,High-Value Omnichannel Customers
8643,1971,Graduation,Together,69930.0,0,0,2013-05-26,21,252,98,827,219,70,196,1,4,5,12,3,0,0,0,0,0,0,3,11,0,54,4847,1662,0,50-59,3,Dormant / Disengaged Customers,2.4373193191583926,-0.7549667054999142,1,0.9701510286652882,High-Value Store Customers
1998,1976,Graduation,Single,37697.0,1,0,2014-02-07,82,34,6,21,11,4,8,1,2,1,3,6,0,0,0,0,0,0,3,11,0,49,4590,84,1,40-49,4,High-Value Omnichannel Customers,-1.583753901105209,1.156876991823766,0,0.9213152451668094,Low-Value Customers
10795,1973,PhD,Married,37401.0,1,0,2014-05-06,14,19,3,19,3,1,3,2,2,0,3,7,0,0,0,0,0,0,3,11,0,52,4502,48,1,50-59,0,Recent Low-Value Customers,-1.7547084929389754,-1.0426068994672801,0,0.970179025819385,Low-Value Customers
11110,1973,Graduation,Single,3502.0,1,0,2013-04-13,56,2,1,1,0,0,1,0,0,0,0,14,0,0,0,0,0,0,3,11,0,52,4890,5,1,50-59,0,Recent Low-Value Customers,-4.1977712930817885,-0.34557272608226614,3,0.9995204375071179,High-Value Omnichannel Customers
2408,1976,Graduation,Married,58597.0,1,1,2012-11-20,20,490,0,184,10,28,21,12,7,4,9,7,0,0,0,0,0,0,3,11,0,49,5034,733,2,40-49,2,High-Value Store Loyalists,0.7251041071470531,-1.5506472548612718,3,0.6729108536495513,High-Value Omnichannel Customers
202,1948,PhD,Widow,82032.0,0,0,2014-04-05,54,332,194,377,149,125,57,0,4,6,7,1,0,0,0,0,0,0,3,11,0,77,4533,1234,0,70+,1,High-Value At-Risk Customers,2.17246292505282,0.8837542028808395,1,0.9995346472468823,High-Value Store Customers
7998,1958,Graduation,Together,28087.0,1,1,2012-12-11,77,53,8,17,13,0,21,3,2,2,2,7,0,0,0,0,0,0,3,11,0,67,5013,112,2,60-69,4,High-Value Omnichannel Customers,-1.8221801501834138,1.0544897379407363,2,0.981288290347489,Mid-Value Active Customers
830,1987,PhD,Single,74004.0,0,0,2014-02-24,5,784,48,560,42,176,48,1,4,6,4,3,0,0,1,1,0,0,3,11,1,38,4573,1658,0,30-39,3,Dormant / Disengaged Customers,1.1448771584288104,-1.1977286263845797,1,0.9910090097628206,High-Value Store Customers
3536,1960,Graduation,Together,19740.0,0,1,2013-03-24,65,7,11,3,10,4,20,2,1,1,3,5,0,0,0,0,0,0,3,11,0,65,4910,55,1,60-69,5,Low-Engagement Mature Customers,-1.7341097697719223,0.9656450381084799,0,0.9980294345699829,Low-Value Customers
6050,1975,2n Cycle,Married,57036.0,0,1,2012-12-11,33,1171,43,219,19,14,47,4,6,3,13,9,1,0,0,0,0,0,3,11,0,50,5013,1513,1,40-49,2,High-Value Store Loyalists,1.5115235811563505,-1.3910663005529065,3,0.9999999903913164,High-Value Omnichannel Customers
125,1958,2n Cycle,Together,53083.0,1,1,2013-05-15,65,215,7,33,3,0,13,6,5,1,5,7,0,1,0,0,0,0,3,11,0,67,4858,271,2,60-69,5,Low-Engagement Mature Customers,-0.3852898247735055,0.33358253720612385,2,0.9995058220783333,Mid-Value Active Customers
3463,1975,PhD,Married,69283.0,0,1,2014-06-14,41,674,62,134,0,26,8,4,7,3,13,5,0,0,0,0,0,0,3,11,0,50,4463,904,1,40-49,2,High-Value Store Loyalists,1.9788786618559837,-0.7333364114079851,1,0.9780924929238234,High-Value Store Customers
2804,1975,Master,Single,46098.0,1,1,2012-08-18,86,57,0,27,0,0,36,4,3,2,2,8,0,0,0,0,0,0,3,11,1,50,5128,120,2,40-49,4,High-Value Omnichannel Customers,-1.7028133270996026,0.9888599111981682,2,0.8645614224330609,Mid-Value Active Customers
3745,1988,2n Cycle,Married,23331.0,1,0,2012-09-04,92,5,36,7,0,10,45,2,3,0,3,8,0,0,0,0,0,0,3,11,0,37,5111,103,1,30-39,4,High-Value Omnichannel Customers,-2.156879657313016,0.9774662856754566,0,0.9198724953967106,Low-Value Customers
9771,1988,2n Cycle,Single,23331.0,1,0,2012-10-05,97,104,20,101,24,15,5,6,5,1,5,9,0,0,0,0,0,0,3,11,0,37,5080,269,1,30-39,4,High-Value Omnichannel Customers,-1.6123824337857178,0.7428850325522514,2,0.9980849487443763,Mid-Value Active Customers
451,1989,Graduation,Single,9255.0,1,0,2013-12-20,91,9,0,7,2,0,4,1,1,1,2,8,0,0,0,0,0,0,3,11,0,36,4639,22,1,30-39,4,High-Value Omnichannel Customers,-2.9138203203937643,1.1500644254167247,0,0.993207018052487,Low-Value Customers
10530,1959,PhD,Widow,67786.0,0,0,2013-12-07,0,431,82,441,80,20,102,1,3,6,6,1,0,0,0,0,0,0,3,11,1,66,4652,1156,0,60-69,1,High-Value At-Risk Customers,1.411686312682728,-0.7921256300079861,1,0.999703160943173,High-Value Store Customers
1079,1971,PhD,Married,71969.0,0,1,2012-10-16,59,1000,0,76,0,0,10,3,3,4,9,8,0,1,0,0,0,0,3,11,0,54,5069,1086,1,50-59,2,High-Value Store Loyalists,0.6605735165818438,0.04401659494448863,3,1.0,High-Value Omnichannel Customers
8920,1967,Master,Single,59235.0,1,0,2013-01-12,4,448,40,469,80,0,91,3,11,2,12,7,0,0,0,0,0,0,3,11,0,58,4981,1128,1,50-59,2,High-Value Store Loyalists,2.144243723219721,-2.4840767068559115,1,0.9514687621217395,High-Value Store Customers
6678,1989,Graduation,Together,31928.0,1,0,2014-03-28,5,33,4,24,4,2,5,2,3,0,4,7,0,0,0,0,0,0,3,11,0,36,4541,72,1,30-39,0,Recent Low-Value Customers,-1.756579101941716,-1.6186960357458746,0,0.9713303328002627,Low-Value Customers
3852,1961,Master,Together,74881.0,1,1,2013-03-08,48,505,72,270,36,27,54,4,9,2,12,5,0,0,0,0,0,0,3,11,0,64,4926,964,2,60-69,2,High-Value Store Loyalists,2.4273125498560293,-0.5677894803126565,1,0.9693388328634186,High-Value Store Customers
528,1978,Graduation,Married,65819.0,0,0,2012-11-29,99,267,38,701,149,165,63,1,5,4,10,3,0,0,0,0,0,0,3,11,0,47,5025,1383,0,40-49,3,Dormant / Disengaged Customers,1.900928847966598,1.5403540307833736,1,0.9956358844714832,High-Value Store Customers
73,1953,PhD,Single,51411.0,1,2,2013-05-26,81,14,0,3,0,0,1,1,0,0,3,5,0,0,0,0,0,0,3,11,0,72,4847,18,3,70+,5,Low-Engagement Mature Customers,-1.2125251470663498,1.7105814405144855,0,0.9650952401646465,Low-Value Customers
5589,1964,Graduation,Divorced,51983.0,0,1,2012-08-31,95,631,0,115,10,7,30,3,9,2,10,7,0,0,0,0,0,0,3,11,0,61,5115,793,1,60-69,2,High-Value Store Loyalists,1.2286876971312175,0.6304128421685078,1,0.8580396697528527,High-Value Store Customers
10212,1986,Master,Together,42386.0,1,0,2013-01-13,43,65,4,16,0,4,11,1,3,0,3,8,0,0,0,0,0,0,3,11,0,39,4980,100,1,30-39,0,Recent Low-Value Customers,-1.7892777117702627,-0.4811635538914126,0,0.8467417618228997,Low-Value Customers
6365,1987,2n Cycle,Married,30390.0,0,0,2013-09-02,5,10,12,12,25,1,20,1,2,0,3,6,0,0,0,0,0,0,3,11,0,38,4748,80,0,30-39,0,Recent Low-Value Customers,-1.8790439423339693,-1.3529849921912303,0,0.9881559912069161,Low-Value Customers
5636,1963,Graduation,Single,30983.0,0,0,2012-11-09,50,51,4,50,12,1,49,1,4,0,3,8,0,0,0,0,0,0,3,11,1,62,5045,167,0,60-69,5,Low-Engagement Mature Customers,-1.531960096590072,-0.18555714253697578,2,0.9995695186923919,Mid-Value Active Customers
591,1957,Graduation,Widow,66033.0,0,1,2013-01-20,76,293,35,179,46,59,65,2,8,3,7,7,0,0,0,0,0,0,3,11,0,68,4973,677,1,60-69,2,High-Value Store Loyalists,0.9056302299816265,0.3243225809542017,2,0.7406875740862177,Mid-Value Active Customers
2217,1975,2n Cycle,Married,37284.0,1,1,2013-03-29,46,11,1,2,2,1,6,1,0,0,3,6,0,0,0,0,0,0,3,11,0,50,4905,23,2,40-49,0,Recent Low-Value Customers,-1.905717441225006,0.26800256183683246,0,0.9732369399703336,Low-Value Customers
2544,1951,Master,Divorced,57530.0,0,1,2013-10-12,68,50,1,27,6,7,1,1,1,1,4,1,0,0,0,0,0,0,3,11,0,74,4708,92,1,70+,5,Low-Engagement Mature Customers,-0.1199631035420983,1.6734653591829531,2,0.6947083024376971,Mid-Value Active Customers
7725,1965,2n Cycle,Married,76800.0,0,0,2014-03-08,33,173,26,255,35,71,81,1,4,4,7,1,0,0,0,0,0,0,3,11,0,60,4561,641,0,50-59,1,High-Value At-Risk Customers,1.361055624721354,0.08086471340402793,1,0.999530888441331,High-Value Store Customers
8091,1956,Graduation,Married,63943.0,0,1,2012-09-02,50,423,184,368,13,97,21,1,6,4,6,5,0,0,0,0,0,0,3,11,0,69,5113,1106,1,60-69,1,High-Value At-Risk Customers,1.129788949691503,-0.01568568141973671,1,0.9550734193691559,High-Value Store Customers
7321,1962,Graduation,Together,76081.0,0,0,2014-05-23,85,292,30,415,63,33,200,1,4,5,4,2,0,0,0,1,0,0,3,11,0,63,4485,1033,0,60-69,1,High-Value At-Risk Customers,1.1370367823667757,1.6635806856269422,1,0.9987989247441379,High-Value Store Customers
5462,1974,Graduation,Married,67445.0,0,1,2012-08-12,63,757,80,217,29,80,11,5,9,6,12,6,0,0,0,0,0,0,3,11,0,51,5134,1174,1,50-59,2,High-Value Store Loyalists,2.155795946814717,-0.3656714497139841,1,0.9802355405616069,High-Value Store Customers
7791,1967,Master,Married,37054.0,1,1,2013-09-15,89,12,1,6,0,1,5,2,1,0,3,7,0,0,0,0,0,0,3,11,0,58,4735,25,2,50-59,4,High-Value Omnichannel Customers,-1.820537195707696,1.4507649386429766,0,0.979108003101608,Low-Value Customers
955,1962,Master,Together,47175.0,1,1,2012-10-28,81,167,2,44,6,2,19,7,4,2,4,8,1,0,0,0,0,0,3,11,1,63,5057,240,2,60-69,4,High-Value Omnichannel Customers,-0.999656399091144,0.7962515748429184,2,0.9985872347146324,Mid-Value Active Customers
4037,1976,Graduation,Divorced,31859.0,1,0,2013-06-14,77,3,1,3,8,0,5,1,1,0,2,7,0,0,0,0,0,0,3,11,0,49,4828,20,1,40-49,4,High-Value Omnichannel Customers,-2.1812871761335644,1.0064907705843116,0,0.9761459941882972,Low-Value Customers
6642,1961,Graduation,Divorced,27215.0,2,1,2013-01-23,50,30,5,22,8,9,28,4,2,1,4,6,0,0,0,0,0,0,3,11,0,64,4970,102,3,60-69,5,Low-Engagement Mature Customers,-1.4452836252160612,0.2553695593118811,0,0.8017187915468275,Low-Value Customers
2793,1976,PhD,Divorced,70179.0,0,1,2013-07-21,10,532,88,168,69,44,133,3,7,3,13,5,0,0,0,0,0,0,3,11,0,49,4791,1034,1,40-49,2,High-Value Store Loyalists,2.0850176865629813,-1.70739798231307,1,0.9594304820988429,High-Value Store Customers
5424,1983,Graduation,Married,39922.0,1,0,2013-02-14,30,29,12,59,19,1,36,2,3,0,4,8,0,0,0,0,0,0,3,11,0,42,4948,156,1,40-49,0,Recent Low-Value Customers,-1.6094291217393784,-0.8884228456649044,2,0.9974521753223393,Mid-Value Active Customers
879,1976,Master,Married,49681.0,0,2,2013-11-04,66,411,0,26,0,0,21,6,7,1,7,7,0,0,0,0,0,0,3,11,0,49,4685,458,2,40-49,2,High-Value Store Loyalists,0.04598126528023392,-0.08506494416333082,2,0.9885868127106033,Mid-Value Active Customers
9530,1988,Graduation,Married,24645.0,1,0,2012-11-01,16,5,3,4,4,1,0,1,1,0,2,8,0,0,0,0,0,0,3,11,0,37,5053,17,1,30-39,0,Recent Low-Value Customers,-2.635874324717543,-1.1333094281794278,0,0.9891414753965344,Low-Value Customers
4828,1954,Graduation,Divorced,79865.0,0,1,2014-06-18,12,71,99,278,185,121,38,1,5,10,5,1,0,0,0,0,0,0,3,11,0,71,4459,792,1,70+,1,High-Value At-Risk Customers,1.5160445289303672,-0.5264277076484647,1,0.9972365414578385,High-Value Store Customers
10699,1985,Graduation,Married,44322.0,1,0,2014-06-16,30,46,0,40,3,0,3,2,3,0,3,8,0,0,0,0,0,0,3,11,0,40,4461,92,1,30-39,0,Recent Low-Value Customers,-1.7507880852019395,-0.8706218427496032,0,0.8869204653623933,Low-Value Customers
1497,1952,Graduation,Single,47958.0,0,1,2013-01-19,8,268,11,88,15,3,22,2,6,3,5,5,0,0,0,0,0,0,3,11,0,73,4974,407,1,70+,5,Low-Engagement Mature Customers,0.13178425250640277,-1.270102539650463,2,0.8740094005404109,Mid-Value Active Customers
7476,1964,Master,Single,63972.0,0,1,2012-12-02,93,928,63,254,0,12,12,4,5,4,10,4,0,1,0,0,0,0,3,11,0,61,5022,1269,1,60-69,1,High-Value At-Risk Customers,1.7855385895513152,1.367701885675754,1,0.9913262788606102,High-Value Store Customers
4390,1954,Graduation,Together,75315.0,0,1,2014-04-15,14,459,15,171,142,23,31,2,5,4,12,2,0,0,0,0,0,0,3,11,0,71,4523,841,1,70+,1,High-Value At-Risk Customers,2.3388354168188603,-0.764000292067392,1,0.9987878129144001,High-Value Store Customers
10478,1950,PhD,Married,55517.0,1,1,2012-09-27,53,483,0,108,0,6,36,5,11,1,6,9,0,0,0,0,0,0,3,11,1,75,5088,633,2,70+,2,High-Value Store Loyalists,0.6949259587343156,-0.8840601306254632,2,0.8599030243005203,Mid-Value Active Customers
1081,1957,PhD,Married,75283.0,1,2,2013-03-27,26,733,9,180,12,19,66,11,6,3,5,4,0,0,0,0,0,0,3,11,0,68,4907,1019,3,60-69,1,High-Value At-Risk Customers,1.2594182096889481,-0.5994574021164476,1,0.9621774696209425,High-Value Store Customers
4261,1946,PhD,Single,82800.0,0,0,2012-11-24,23,1006,22,115,59,68,45,1,7,6,12,3,0,0,1,1,0,0,3,11,1,79,5030,1315,0,70+,1,High-Value At-Risk Customers,3.0909875584454203,-0.7442415236700386,1,0.9813893499129756,High-Value Store Customers
9916,1954,Graduation,Married,38998.0,1,1,2012-11-03,92,34,1,14,0,0,5,3,2,0,3,8,0,0,0,0,0,1,3,11,0,71,5051,54,2,70+,4,High-Value Omnichannel Customers,-1.6211144410383185,1.4428186017150402,0,0.9797220798326237,Low-Value Customers
5350,1991,Master,Single,90638.0,0,0,2014-02-13,29,1156,120,915,94,144,96,1,3,4,10,1,0,0,1,0,0,0,3,11,1,34,4584,2525,0,30-39,3,Dormant / Disengaged Customers,3.195861265835023,-0.2840719424670714,1,0.9874336843528955,High-Value Store Customers
8135,1986,Master,Married,27161.0,1,0,2013-10-28,41,7,4,23,7,0,11,1,1,0,3,7,0,0,0,0,0,0,3,11,0,39,4692,52,1,30-39,0,Recent Low-Value Customers,-2.2284255136400115,-0.2409039866514442,0,0.9865252322402607,Low-Value Customers
8685,1977,Graduation,Married,42014.0,1,0,2012-08-17,56,244,15,108,4,15,50,6,7,1,6,8,0,0,0,0,0,0,3,11,1,48,5129,436,1,40-49,2,High-Value Store Loyalists,-0.43129574240774426,-0.5146878869342622,2,0.9972819903948335,Mid-Value Active Customers
4967,1960,PhD,Together,38201.0,0,1,2013-03-29,19,233,0,23,0,0,12,4,5,1,5,8,0,0,0,0,0,0,3,11,0,65,4905,268,1,60-69,5,Low-Engagement Mature Customers,-0.8581539334979321,-1.2643344562915526,2,0.9988142137841669,Mid-Value Active Customers
2130,1982,Graduation,Together,45203.0,2,0,2014-03-23,4,35,3,67,10,8,24,1,3,1,3,6,0,0,0,0,0,0,3,11,1,43,4546,147,2,40-49,0,Recent Low-Value Customers,-1.3502853129115044,-1.4146406263366873,2,0.9959106597248178,Mid-Value Active Customers
9298,1947,PhD,Together,81574.0,0,0,2014-04-28,89,1252,0,465,46,35,0,1,4,5,8,1,0,1,1,0,0,0,3,11,0,78,4510,1798,0,70+,1,High-Value At-Risk Customers,2.8064738992305367,1.934854985320999,1,0.9989609662733738,High-Value Store Customers
8175,1992,Graduation,Married,34935.0,0,0,2013-06-21,71,34,4,66,3,10,20,1,2,1,4,7,0,0,0,0,0,0,3,11,0,33,4821,137,0,30-39,4,High-Value Omnichannel Customers,-1.7973351173957022,0.5155447623092592,2,0.9932754119662832,Mid-Value Active Customers
6257,1976,Master,Single,60482.0,0,1,2013-01-23,81,255,43,134,37,14,24,1,7,2,7,7,0,0,0,0,0,0,3,11,0,49,4970,507,1,40-49,2,High-Value Store Loyalists,0.29444499031536236,0.40353493751599556,2,0.99362102315568,Mid-Value Active Customers
3790,1956,Graduation,Together,34633.0,2,1,2014-01-23,31,8,1,5,0,0,1,1,1,0,2,6,0,0,0,0,0,0,3,11,0,69,4605,15,3,60-69,5,Low-Engagement Mature Customers,-1.7473174489683967,-0.10993057988326518,0,0.9401885920864935,Low-Value Customers
9952,1947,Master,Together,78093.0,0,0,2013-12-11,53,368,32,639,13,43,10,1,4,7,5,1,0,0,0,0,0,0,3,11,0,78,4648,1105,0,70+,1,High-Value At-Risk Customers,1.7099850667214114,0.9061471360335382,1,0.9997138491657352,High-Value Store Customers
3503,1950,Graduation,Divorced,82460.0,0,0,2013-12-02,78,255,47,573,52,32,15,1,5,3,6,1,0,0,0,0,0,0,3,11,0,75,4657,974,0,70+,1,High-Value At-Risk Customers,1.930183917884787,1.535155948312223,1,0.9981641355261579,High-Value Store Customers
5223,1966,Master,Together,45903.0,0,1,2014-04-23,80,33,8,10,2,10,3,2,2,1,3,4,0,0,0,0,0,0,3,11,0,59,4515,66,1,50-59,4,High-Value Omnichannel Customers,-1.0152353872260278,1.4427208991843963,0,0.9550757421496134,Low-Value Customers
4608,1987,Graduation,Divorced,81361.0,0,0,2014-02-25,18,163,23,424,27,65,76,1,3,10,13,1,0,0,0,0,0,0,3,11,1,38,4572,778,0,30-39,3,Dormant / Disengaged Customers,2.0317607642473834,-0.6221923289240298,1,0.9990693340256457,High-Value Store Customers
1626,1973,PhD,Divorced,35860.0,1,1,2014-05-19,37,15,0,8,4,2,20,2,1,1,2,5,1,0,0,0,0,0,3,11,1,52,4489,49,2,50-59,0,Recent Low-Value Customers,-1.7476614489902782,0.03591624465547393,0,0.9623810670065763,Low-Value Customers
4764,1952,Master,Together,40442.0,1,1,2012-08-19,52,45,12,52,25,22,13,4,3,1,4,7,0,0,0,0,0,0,3,11,1,73,5127,169,2,70+,5,Low-Engagement Mature Customers,-1.0506188353770092,0.20333381573575457,2,0.9999286371181327,Mid-Value Active Customers
2471,1965,Graduation,Married,61482.0,0,0,2014-06-27,39,48,58,68,16,66,43,1,3,2,6,2,0,0,0,0,0,0,3,11,0,60,4450,299,0,50-59,5,Low-Engagement Mature Customers,0.35365509231646175,0.259817320149415,2,0.921568325297253,Mid-Value Active Customers
5892,1980,Graduation,Married,34968.0,1,0,2013-04-10,11,158,6,45,8,2,2,7,3,2,5,7,0,0,0,0,0,0,3,11,0,45,4893,221,1,40-49,0,Recent Low-Value Customers,-1.3165458665281347,-1.3705299039133765,2,0.9998389638981956,Mid-Value Active Customers
2612,1987,Graduation,Married,75794.0,0,0,2013-12-24,33,754,160,625,63,32,48,1,7,5,12,3,0,0,0,1,0,0,3,11,0,38,4635,1682,0,30-39,3,Dormant / Disengaged Customers,2.77066360087204,-0.8469266267492881,1,0.9686353564392652,High-Value Store Customers
4971,1962,PhD,Together,31497.0,0,1,2012-12-06,22,108,1,28,13,1,4,2,3,1,4,8,0,0,0,0,0,0,3,11,0,63,5018,155,1,60-69,5,Low-Engagement Mature Customers,-1.5145239296006128,-0.9590167259393882,2,0.9991285925951142,Mid-Value Active Customers
5185,1955,Graduation,Married,74268.0,0,0,2013-02-14,83,199,66,315,97,174,41,1,4,3,5,2,0,0,0,0,0,0,3,11,0,70,4948,892,0,60-69,1,High-Value At-Risk Customers,1.2147602420400438,1.6435302668555267,1,0.9994518884642153,High-Value Store Customers
10069,1988,Basic,Together,13724.0,1,0,2012-08-31,43,2,7,5,2,15,27,1,2,0,2,9,1,0,0,0,0,0,3,11,0,37,5115,58,1,30-39,0,Recent Low-Value Customers,-2.820822756765222,-0.5479808773754199,0,0.9885977902549061,Low-Value Customers
2262,1965,Master,Together,45143.0,0,1,2013-08-26,74,202,5,74,11,5,14,3,6,1,5,7,0,0,0,0,0,0,3,11,0,60,4755,311,1,50-59,4,High-Value Omnichannel Customers,-0.4512872228358636,0.4187629198965312,2,0.9977486632279826,Mid-Value Active Customers
1131,1967,PhD,Single,52569.0,0,1,2014-04-05,54,85,0,3,0,0,7,1,2,0,4,3,0,0,0,0,0,0,3,11,0,58,4533,95,1,50-59,5,Low-Engagement Mature Customers,-0.584725526039515,0.7335874561736155,0,0.7367482297172749,Low-Value Customers
1041,1973,PhD,Single,48432.0,0,1,2012-10-18,3,322,3,50,4,3,42,5,7,1,6,8,0,0,0,0,0,0,3,11,1,52,5067,424,1,50-59,2,High-Value Store Loyalists,-0.28568734402353363,-2.1072764939734636,2,0.996866416990335,Mid-Value Active Customers
24,1960,Master,Together,17144.0,1,1,2014-02-15,96,18,2,19,0,2,6,5,3,0,4,7,0,0,0,0,0,0,3,11,0,65,4582,47,2,60-69,4,High-Value Omnichannel Customers,-1.6779940300131504,1.4450892359465766,0,0.999352910965534,Low-Value Customers
3409,1984,Graduation,Single,36108.0,1,0,2013-10-15,68,141,8,129,3,11,47,3,7,1,4,9,1,0,0,0,0,0,3,11,0,41,4705,339,1,40-49,4,High-Value Omnichannel Customers,-1.1519359103903632,-0.28677092434059737,2,0.9953586488769811,Mid-Value Active Customers
7022,1971,Graduation,Married,76445.0,1,0,2012-09-28,2,739,107,309,140,80,35,1,2,5,13,6,0,0,0,0,0,0,3,11,0,54,5087,1410,1,50-59,3,Dormant / Disengaged Customers,1.761098722078794,-1.4796402814363434,3,0.9999999999937135,High-Value Omnichannel Customers
7943,1975,PhD,Married,36663.0,1,0,2014-04-25,40,18,0,6,3,3,5,1,1,1,3,2,0,0,0,0,0,0,3,11,0,50,4513,35,1,40-49,0,Recent Low-Value Customers,-1.160604800544155,0.44046426553021834,0,0.9997381060778026,Low-Value Customers
5272,1965,Master,Married,53843.0,0,1,2013-06-27,64,378,0,88,19,4,73,4,8,5,3,7,0,0,0,0,0,0,3,11,0,60,4815,562,1,50-59,2,High-Value Store Loyalists,-0.10459565228680419,-0.049836148017538995,3,0.49264416647221076,High-Value Omnichannel Customers
5453,1956,Master,Married,90226.0,0,0,2012-09-26,26,1083,108,649,253,151,108,1,4,7,12,2,0,0,0,1,0,0,3,11,0,69,5089,2352,0,60-69,1,High-Value At-Risk Customers,3.7392113294073557,-0.3190207287607994,1,0.7629484656665098,High-Value Store Customers
2565,1955,Master,Divorced,70638.0,0,0,2013-06-01,69,1016,12,215,16,12,63,1,4,5,10,3,0,1,0,0,0,0,3,11,0,70,4841,1334,0,60-69,1,High-Value At-Risk Customers,2.0904457178369906,0.9465446119049782,1,0.9946929861772033,High-Value Store Customers
800,1960,Graduation,Together,44512.0,1,1,2013-08-30,57,23,1,6,0,0,2,2,1,0,3,4,0,0,0,0,0,0,3,11,0,65,4751,32,2,60-69,5,Low-Engagement Mature Customers,-1.1356202633491443,0.8920734872921491,0,0.9536340848272847,Low-Value Customers
11092,1961,Graduation,Married,27116.0,1,1,2014-03-02,78,12,1,21,2,2,3,2,2,0,3,7,0,0,0,0,0,0,3,11,0,64,4567,41,2,60-69,4,High-Value Omnichannel Customers,-1.7908927716765053,1.0333022720509821,0,0.9845508028051697,Low-Value Customers
5062,1963,PhD,Married,54072.0,1,1,2013-07-27,71,35,0,4,0,0,0,1,2,0,2,8,0,0,0,0,0,0,3,11,0,62,4785,39,2,60-69,4,High-Value Omnichannel Customers,-1.6112723708235959,0.7658087924632353,0,0.9961623595338526,Low-Value Customers
8969,1977,Graduation,Married,71855.0,0,1,2013-01-16,59,548,31,422,0,112,28,4,5,5,11,3,0,0,0,0,0,0,3,11,0,48,4977,1141,1,40-49,3,Dormant / Disengaged Customers,1.9579996260888917,0.30586994112669325,1,0.9957045460904754,High-Value Store Customers
4656,1990,2n Cycle,Single,51250.0,1,0,2013-03-30,28,342,32,230,34,32,40,5,10,5,4,9,1,0,0,0,0,0,3,11,0,35,4904,710,1,30-39,2,High-Value Store Loyalists,-0.23962981601072278,-1.8899333925509052,3,0.8774548348472454,High-Value Omnichannel Customers
4480,1973,Master,Married,60432.0,0,1,2014-03-09,61,365,3,15,4,3,11,5,7,2,5,6,0,0,0,0,0,0,3,11,0,52,4560,401,1,50-59,2,High-Value Store Loyalists,0.09784517893794496,-0.019608147106734013,2,0.9809627856666453,Mid-Value Active Customers
9971,1964,PhD,Married,65526.0,0,1,2014-04-11,22,397,19,69,12,0,9,1,4,4,8,2,0,0,0,0,0,0,3,11,0,61,4527,506,1,60-69,1,High-Value At-Risk Customers,1.0363516080830195,-0.4140286949139847,1,0.6082516676696822,High-Value Store Customers
6729,1988,Graduation,Single,68655.0,0,0,2012-08-10,95,456,19,832,75,118,38,1,4,5,11,3,0,0,0,0,0,0,3,11,0,37,5136,1538,0,30-39,3,Dormant / Disengaged Customers,1.974839577511441,1.4082908694397038,1,0.9919832768012344,High-Value Store Customers
1773,1978,2n Cycle,Married,12393.0,0,0,2012-12-04,38,5,6,15,11,7,13,1,2,0,3,9,0,0,0,0,0,0,3,11,0,47,5020,57,0,40-49,0,Recent Low-Value Customers,-2.5801627264044833,-0.6367226540826639,0,0.9954782887326303,Low-Value Customers
9242,1990,Graduation,Single,64509.0,0,0,2013-08-17,19,836,185,575,24,25,77,1,6,3,9,4,1,0,0,0,0,0,3,11,1,35,4764,1722,0,30-39,3,Dormant / Disengaged Customers,1.827787578093601,-1.2721983628546873,1,0.9771097332523984,High-Value Store Customers
1764,1975,Graduation,Single,33955.0,1,0,2013-08-09,92,100,2,128,23,7,10,4,5,1,5,8,0,0,0,0,0,0,3,11,0,50,4772,270,1,40-49,4,High-Value Omnichannel Customers,-1.1003786896542003,0.8512173677856224,2,0.9992770237211809,Mid-Value Active Customers
6215,1977,Graduation,Married,31353.0,1,1,2013-12-29,24,10,0,10,3,1,7,2,1,1,2,8,0,0,0,0,0,0,3,11,1,48,4630,31,2,40-49,0,Recent Low-Value Customers,-2.3614761247880867,-0.7669836087966041,0,0.9949003922129567,Low-Value Customers
10099,1984,Graduation,Married,55434.0,1,0,2013-10-05,21,238,115,215,169,69,76,3,5,3,13,4,0,0,0,0,0,0,3,11,0,41,4715,882,1,40-49,3,Dormant / Disengaged Customers,1.4729614521507233,-1.1339663566082612,1,0.9925949442737098,High-Value Store Customers
5423,1983,Graduation,Together,28359.0,1,0,2013-10-27,35,6,0,5,2,1,2,1,1,0,2,7,0,0,0,0,0,0,3,11,0,42,4693,16,1,40-49,0,Recent Low-Value Customers,-2.3469575018174416,-0.37073149151137774,0,0.9783895096072456,Low-Value Customers
940,1987,Graduation,Single,57100.0,1,0,2014-05-18,9,158,11,99,15,11,17,2,3,2,7,3,0,0,0,0,0,0,3,11,0,38,4490,311,1,30-39,0,Recent Low-Value Customers,-0.003190986418501442,-1.029854367967938,2,0.939337991458582,Mid-Value Active Customers
3011,1965,Graduation,Married,69139.0,0,1,2014-01-27,23,86,12,75,33,15,6,1,4,1,5,4,0,0,0,0,0,0,3,11,0,60,4601,227,1,50-59,5,Low-Engagement Mature Customers,0.11210573370275215,-0.5363902069612065,2,0.9981579441482613,Mid-Value Active Customers
3298,1956,Master,Married,52973.0,0,1,2012-11-08,92,856,0,76,12,9,199,7,9,6,9,8,0,0,0,0,0,0,3,11,0,69,5046,1152,1,60-69,2,High-Value Store Loyalists,1.3472075549013733,0.5091773271126684,1,0.8740911185355064,High-Value Store Customers
8286,1965,PhD,Together,51717.0,0,1,2013-08-20,55,98,1,17,0,1,5,1,3,0,4,7,0,1,0,0,0,0,3,11,0,60,4761,122,1,50-59,5,Low-Engagement Mature Customers,-1.0360115555293845,0.20190348138212566,2,0.7748298163844006,Mid-Value Active Customers
9668,1971,Graduation,Married,18793.0,1,0,2013-01-12,14,4,16,20,0,17,20,3,2,0,4,8,0,0,0,0,0,0,3,11,0,54,4981,77,1,50-59,0,Recent Low-Value Customers,-2.0640596147200383,-1.2090480850669463,0,0.9613072137034512,Low-Value Customers
5120,1982,2n Cycle,Together,66664.0,0,0,2012-09-25,78,398,96,447,220,96,32,1,5,7,6,3,0,0,0,0,0,0,3,11,0,43,5090,1289,0,40-49,3,Dormant / Disengaged Customers,1.2001478123791995,0.9533876159979522,1,0.9947235910351728,High-Value Store Customers
6097,1959,Graduation,Single,50664.0,1,1,2013-01-16,64,313,8,104,6,4,126,9,8,1,6,9,0,0,0,0,0,0,3,11,0,66,4977,561,2,60-69,2,High-Value Store Loyalists,0.03758691825693934,-0.3085179469264324,2,0.9869341425678161,Mid-Value Active Customers
7019,1963,Graduation,Together,54414.0,1,1,2013-01-23,49,109,18,16,24,26,18,4,3,1,5,4,0,0,0,0,0,0,3,11,0,62,4970,211,2,60-69,5,Low-Engagement Mature Customers,-0.280005654993116,0.36538679456523115,2,0.9985513890993093,Mid-Value Active Customers
7408,1952,PhD,Married,54549.0,0,1,2014-03-03,8,216,2,6,0,0,9,2,5,1,4,7,0,0,0,0,0,0,3,11,0,73,4566,233,1,70+,5,Low-Engagement Mature Customers,-0.47718448214125847,-1.3505180887896662,2,0.9994880620740622,Mid-Value Active Customers
8041,1971,PhD,Widow,47111.0,0,1,2012-09-08,35,595,71,153,120,112,41,6,3,2,10,9,0,0,0,0,0,0,3,11,0,54,5107,1092,1,50-59,2,High-Value Store Loyalists,0.18353873202941878,-0.8996478231670749,3,0.9999999999999982,High-Value Omnichannel Customers
252,1963,PhD,Divorced,41003.0,0,0,2013-03-17,11,123,133,142,71,44,88,1,6,2,8,6,0,0,0,0,0,0,3,11,0,62,4917,601,0,60-69,2,High-Value Store Loyalists,0.31443563083174686,-1.4930101928791397,2,0.8230541442470864,Mid-Value Active Customers
9986,1982,Graduation,Together,19444.0,1,0,2014-02-22,8,16,0,23,3,2,10,3,4,1,2,7,0,0,0,0,0,0,3,11,1,43,4575,54,1,40-49,0,Recent Low-Value Customers,-2.079186892228474,-1.5482299227564678,0,0.9937044644077367,Low-Value Customers
3276,1976,2n Cycle,Together,36301.0,1,0,2013-10-25,53,11,12,35,3,5,12,1,3,0,3,7,0,0,0,0,0,0,3,11,0,49,4695,78,1,40-49,0,Recent Low-Value Customers,-1.6437566100259766,0.027278278676663013,0,0.9448724237721433,Low-Value Customers
3859,1947,PhD,Together,73059.0,0,1,2013-08-31,36,410,112,420,0,82,71,1,9,3,13,4,0,0,0,0,0,0,3,11,0,78,4750,1095,1,70+,1,High-Value At-Risk Customers,2.970886369624549,-0.7245626204993502,1,0.9530222994867652,High-Value Store Customers
3570,1969,PhD,Together,42731.0,1,0,2013-10-21,64,159,2,51,6,2,24,3,4,1,5,5,0,0,0,0,0,0,3,11,0,56,4699,244,1,50-59,4,High-Value Omnichannel Customers,-0.5624225943730811,0.520489683804739,2,0.9972907822454107,Mid-Value Active Customers
3783,1959,PhD,Married,52854.0,1,1,2014-03-24,43,105,0,10,0,1,0,2,2,1,4,5,0,0,0,0,0,0,3,11,0,66,4545,116,2,60-69,5,Low-Engagement Mature Customers,-0.7746102506250362,0.23230565645224735,2,0.9096153435032007,Mid-Value Active Customers
10207,1978,Graduation,Together,22775.0,1,0,2013-06-19,40,5,1,8,0,0,1,1,1,0,2,8,0,0,0,0,0,0,3,11,0,47,4823,15,1,40-49,0,Recent Low-Value Customers,-2.544388872351947,-0.2987478146130759,0,0.9868161236686094,Low-Value Customers
10906,1948,PhD,Together,46681.0,0,2,2013-10-08,52,269,15,69,15,19,38,2,4,6,4,5,0,0,0,0,0,0,3,11,0,77,4712,425,2,70+,5,Low-Engagement Mature Customers,-0.22805788847969666,0.37206167509999216,2,0.5499442218448588,Mid-Value Active Customers
3427,1955,PhD,Married,59821.0,0,1,2013-04-12,11,629,0,70,0,0,35,6,11,2,7,8,0,0,0,0,0,0,3,11,0,70,4891,734,1,60-69,2,High-Value Store Loyalists,1.0886762126449352,-2.13522575668484,2,0.7880783651840025,Mid-Value Active Customers
5209,1954,Graduation,Divorced,50002.0,0,1,2013-06-17,21,443,5,71,21,16,82,2,8,2,7,7,0,0,0,0,0,0,3,11,0,71,4825,638,1,70+,2,High-Value Store Loyalists,0.5933491940224013,-1.3900679526993163,2,0.8979637659432118,Mid-Value Active Customers
10711,1945,Graduation,Married,69755.0,0,0,2013-10-02,23,217,77,373,111,23,93,1,3,6,12,1,0,0,0,0,0,0,3,11,0,80,4718,894,0,70+,1,High-Value At-Risk Customers,2.2794397669380464,-0.0792802691946914,1,0.9999265477793888,High-Value Store Customers
10785,1969,Graduation,Married,44078.0,1,1,2014-06-19,17,24,1,10,2,0,4,2,2,0,3,5,0,0,0,0,0,0,3,11,0,56,4458,41,2,50-59,0,Recent Low-Value Customers,-1.2776244625313358,-0.6616961912249187,0,0.9538787025049168,Low-Value Customers
2814,1976,Master,Together,30560.0,1,0,2013-06-27,6,9,1,5,4,5,7,1,1,0,3,7,0,0,0,0,0,0,3,11,0,49,4815,31,1,40-49,0,Recent Low-Value Customers,-2.0692534529773736,-1.2250729123813633,0,0.9855645751764547,Low-Value Customers
6866,1969,Master,Together,35924.0,1,1,2014-03-23,56,8,0,14,2,3,7,1,1,0,3,5,0,0,0,0,0,0,3,11,0,56,4546,34,2,50-59,4,High-Value Omnichannel Customers,-1.5595243061969624,0.6395547173251132,0,0.9806915076496042,Low-Value Customers
1665,1964,PhD,Divorced,64140.0,0,2,2013-09-23,71,1459,0,61,0,15,215,5,2,5,6,5,1,0,1,0,1,0,3,11,1,61,4727,1750,2,60-69,1,High-Value At-Risk Customers,1.0531488130146909,0.9756458567765048,3,0.9999693961626324,High-Value Omnichannel Customers
6575,1981,Graduation,Together,56386.0,1,1,2012-10-27,51,230,48,214,13,32,75,8,9,1,7,9,0,0,0,0,0,0,3,11,0,44,5058,612,2,40-49,2,High-Value Store Loyalists,0.19482836243667762,-1.0403990658056654,2,0.985044206176452,Mid-Value Active Customers
3829,1979,Basic,Together,24594.0,1,0,2013-12-10,94,1,3,6,10,0,9,1,1,0,3,5,0,0,0,0,0,0,3,11,0,46,4649,29,1,40-49,4,High-Value Omnichannel Customers,-1.8890591670290156,1.6996259919819932,0,0.9960356601994845,Low-Value Customers
3091,1981,2n Cycle,Together,75774.0,1,0,2014-05-02,27,340,21,134,258,14,56,1,7,5,8,4,0,0,0,0,0,0,3,11,0,44,4506,823,1,40-49,3,Dormant / Disengaged Customers,1.3807984399077315,-0.9676183465675847,1,0.9554697711020477,High-Value Store Customers
10141,1960,Master,Divorced,39228.0,0,0,2013-05-10,1,7,1,6,0,3,3,1,0,0,3,4,0,0,0,0,0,0,3,11,0,65,4863,20,0,60-69,5,Low-Engagement Mature Customers,-1.3925880394649337,-0.7488392185796373,0,0.9621235650868571,Low-Value Customers
5177,1974,Master,Married,58494.0,0,1,2013-12-12,56,298,7,68,4,0,19,2,6,2,6,6,0,0,0,0,0,0,3,11,0,51,4647,396,1,50-59,2,High-Value Store Loyalists,0.05664809133685899,-0.10372222541465867,2,0.9975408660249641,Mid-Value Active Customers
7005,1981,Graduation,Single,58684.0,0,0,2014-06-16,71,479,35,179,28,7,85,1,5,3,12,2,0,1,0,0,0,0,3,11,0,44,4461,813,0,40-49,3,Dormant / Disengaged Customers,1.687605431916225,0.7151040896018073,1,0.9874595808064289,High-Value Store Customers
6409,1967,Graduation,Divorced,57136.0,0,0,2013-05-18,18,267,140,599,34,12,127,1,7,5,7,6,0,0,0,0,0,0,3,11,1,58,4855,1179,0,50-59,2,High-Value Store Loyalists,1.0452818359412446,-1.3809470989351054,1,0.8801025113998132,High-Value Store Customers
7485,1950,PhD,Widow,56551.0,1,1,2014-05-07,48,67,4,32,17,2,16,3,2,1,4,4,0,0,0,0,0,0,3,11,0,75,4501,138,2,70+,5,Low-Engagement Mature Customers,-0.42145425695563377,0.5969948046119284,2,0.9986669876248221,Mid-Value Active Customers
8079,1982,Graduation,Married,22448.0,1,0,2014-02-26,86,3,1,8,23,2,18,3,2,1,3,3,0,0,0,0,0,0,3,11,0,43,4571,55,1,40-49,4,High-Value Omnichannel Customers,-1.505720723748971,1.5431218331634693,0,0.9999991599096136,Low-Value Customers
8395,1961,Graduation,Single,82014.0,0,0,2012-08-20,48,980,37,265,35,163,31,1,3,6,12,6,0,0,0,0,0,0,3,11,1,64,5126,1511,0,60-69,1,High-Value At-Risk Customers,2.0721467806946596,-0.033446165476265034,3,0.9999999999991367,High-Value Omnichannel Customers
10352,1963,Graduation,Widow,34213.0,1,1,2012-09-07,2,50,4,28,6,3,26,3,3,1,2,9,0,0,0,0,0,0,3,11,1,62,5108,117,2,60-69,0,Recent Low-Value Customers,-1.958318584371512,-1.6504750512316175,2,0.9428764338324533,Mid-Value Active Customers
4931,1977,Graduation,Together,157146.0,0,0,2013-04-29,13,1,0,1725,2,1,1,0,0,28,0,1,0,0,0,0,0,0,3,11,0,48,4874,1730,0,40-49,3,Dormant / Disengaged Customers,2.087649824521891,0.09996721687553319,4,0.999999999960103,High-Potential Underengaged Customers
13,1947,PhD,Widow,25358.0,0,1,2013-07-22,57,19,0,5,0,0,8,2,1,0,3,6,0,0,0,0,0,0,3,11,0,78,4790,32,1,70+,5,Low-Engagement Mature Customers,-1.6450525223469312,0.7354589032326622,0,0.9808036399313833,Low-Value Customers
1834,1978,Master,Single,35544.0,1,0,2014-03-08,77,30,5,23,4,1,4,1,2,0,3,7,0,0,0,0,0,0,3,11,0,47,4561,67,1,40-49,4,High-Value Omnichannel Customers,-1.8181882501075783,0.8611891315817096,0,0.975154671099081,Low-Value Customers
2285,1954,Master,Together,36634.0,0,1,2013-05-28,0,213,9,76,4,3,30,3,5,2,5,7,0,0,0,0,0,0,3,11,0,71,4845,335,1,70+,5,Low-Engagement Mature Customers,-0.6090088017518949,-1.6863280251487438,2,0.9992497140364757,Mid-Value Active Customers
2295,1954,PhD,Married,62670.0,0,1,2014-02-02,57,539,30,92,80,46,38,1,5,3,13,3,0,0,0,0,0,0,3,11,0,71,4595,825,1,70+,1,High-Value At-Risk Customers,2.090579074303406,0.4007250094429563,1,0.9993460983219248,High-Value Store Customers
1378,1972,2n Cycle,Together,50334.0,0,1,2013-07-24,24,284,16,160,84,16,134,6,7,4,6,6,0,0,0,0,0,0,3,11,0,53,4788,694,1,50-59,2,High-Value Store Loyalists,0.30316531317277773,-1.2161723948266867,1,0.8834294692648734,High-Value Store Customers
2781,1981,Graduation,Single,72066.0,0,0,2014-06-23,55,1003,34,536,134,51,34,1,4,6,6,2,0,0,1,1,0,0,3,11,1,44,4454,1792,0,40-49,3,Dormant / Disengaged Customers,1.75313222269926,0.47033136471188786,1,0.9973615957517291,High-Value Store Customers
1165,1958,PhD,Single,50729.0,1,1,2013-05-02,62,239,13,143,45,4,52,9,6,2,7,6,0,0,0,0,0,0,3,11,0,67,4871,496,2,60-69,2,High-Value Store Loyalists,0.3375213959344427,0.18709574032102103,2,0.9838220164845403,Mid-Value Active Customers
1404,1968,Graduation,Together,34916.0,2,0,2013-05-15,89,51,23,82,33,0,42,4,5,1,3,9,0,0,0,0,0,0,3,11,0,57,4858,231,2,50-59,4,High-Value Omnichannel Customers,-1.475927999670932,0.7585061753108419,2,0.9990449405601437,Mid-Value Active Customers
6457,1976,Graduation,Divorced,64892.0,0,1,2014-05-29,77,527,24,230,32,24,65,2,6,4,12,4,0,0,0,0,0,0,3,11,0,49,4479,902,1,40-49,3,Dormant / Disengaged Customers,1.7670966153071839,0.6155417999639136,1,0.9966305692222424,High-Value Store Customers
2639,1966,Graduation,Single,43602.0,1,1,2014-01-10,45,19,5,12,10,3,19,3,3,1,2,6,0,0,0,0,0,0,3,11,0,59,4618,68,2,50-59,5,Low-Engagement Mature Customers,-1.3867365482438547,0.03145462355488212,2,0.5177980835060128,Mid-Value Active Customers
8299,1989,PhD,Single,33996.0,0,0,2013-09-11,46,40,2,15,8,0,6,1,1,1,3,4,0,0,0,0,0,0,3,11,0,36,4739,71,0,30-39,0,Recent Low-Value Customers,-1.6575123292992173,0.253303922390179,0,0.9687177397794001,Low-Value Customers
6437,1985,2n Cycle,Single,41473.0,1,0,2013-06-19,80,21,8,20,15,3,9,1,2,0,3,7,0,0,0,0,0,0,3,11,0,40,4823,76,1,30-39,4,High-Value Omnichannel Customers,-1.7837117547687067,0.9018969243501433,0,0.9660833991061473,Low-Value Customers
6912,1967,PhD,Married,63246.0,0,2,2013-08-20,60,593,30,91,29,22,7,1,6,3,12,4,0,0,0,0,0,0,3,11,0,58,4761,772,2,50-59,1,High-Value At-Risk Customers,1.7319505409287514,0.1729500815592838,1,0.9975635715750922,High-Value Store Customers
7327,1959,PhD,Married,36732.0,1,1,2013-12-29,71,21,5,3,10,1,7,3,1,1,4,2,0,0,0,0,0,0,3,11,0,66,4630,47,2,60-69,5,Low-Engagement Mature Customers,-0.7999775859373719,1.5282162717570884,0,0.9991322190812303,Low-Value Customers
5299,1970,PhD,Married,69084.0,1,0,2013-11-19,43,1181,107,199,39,30,30,2,7,3,13,8,0,0,0,0,0,0,3,11,0,55,4670,1586,1,50-59,2,High-Value Store Loyalists,2.1500608926516502,-1.0003987712937297,3,0.9999856521005495,High-Value Omnichannel Customers
4127,1967,PhD,Married,77766.0,0,1,2013-02-22,97,1004,59,265,115,59,27,2,11,10,11,6,1,0,0,0,0,0,3,11,1,58,4940,1529,1,50-59,2,High-Value Store Loyalists,2.8634092637673207,0.5729985967717456,1,0.9639344220600163,High-Value Store Customers
8143,1985,PhD,Single,37929.0,0,0,2013-07-30,49,202,2,46,3,2,10,2,4,2,5,7,0,1,0,1,0,0,3,11,1,40,4782,265,0,30-39,0,Recent Low-Value Customers,-1.1420574459980348,-0.34164784149060806,2,0.9998322460643224,Mid-Value Active Customers
1964,1951,Graduation,Together,86610.0,0,0,2013-09-05,66,446,107,768,33,196,53,1,5,6,6,2,0,0,0,0,0,0,3,11,0,74,4745,1603,0,70+,1,High-Value At-Risk Customers,2.369340378563168,1.023788969891819,1,0.9946599755722257,High-Value Store Customers
3690,1986,Master,Married,80141.0,0,0,2013-01-11,20,1184,102,673,52,40,40,1,7,4,10,6,0,0,1,0,0,0,3,11,1,39,4982,2091,0,30-39,3,Dormant / Disengaged Customers,2.4529171566642347,-1.548741118624277,3,0.9338423857175623,High-Value Omnichannel Customers
3433,1955,2n Cycle,Married,72635.0,0,0,2013-06-03,54,390,22,323,104,35,107,1,6,8,6,3,0,0,0,1,0,0,3,11,0,70,4839,981,0,60-69,1,High-Value At-Risk Customers,1.5089435736777308,0.37678221934291656,1,0.9951873432214351,High-Value Store Customers
3389,1970,Graduation,Married,69016.0,0,1,2012-11-22,61,726,53,363,123,107,161,4,8,9,13,5,0,0,0,0,0,0,3,11,0,55,5032,1533,1,50-59,2,High-Value Store Loyalists,2.7031903466925473,-0.19685454503825411,1,0.9803080213790903,High-Value Store Customers
4712,1991,2n Cycle,Together,20193.0,0,0,2012-11-28,18,8,8,22,24,11,9,1,1,1,4,4,0,0,0,0,0,0,3,11,0,34,5026,82,0,30-39,0,Recent Low-Value Customers,-1.7939172175194225,-0.6908116685166638,0,0.9982056626542869,Low-Value Customers
1170,1975,Graduation,Married,27573.0,1,0,2013-03-25,45,50,15,110,39,15,15,4,5,1,4,8,0,0,0,0,0,0,3,11,0,50,4909,244,1,40-49,0,Recent Low-Value Customers,-1.4004536467338407,-0.5970771953082019,2,0.9982722231292614,Mid-Value Active Customers
6347,1979,Basic,Single,15862.0,1,0,2013-06-27,26,1,1,4,11,9,10,1,1,0,3,8,0,0,0,0,0,0,3,11,0,46,4815,36,1,40-49,0,Recent Low-Value Customers,-2.526851830562472,-0.7835200423290343,0,0.9942665603875437,Low-Value Customers
4065,1976,PhD,Married,49544.0,1,0,2013-02-12,0,308,0,73,0,0,23,2,5,1,8,7,0,0,0,0,0,0,3,11,0,49,4950,404,1,40-49,0,Recent Low-Value Customers,-0.13916731653206693,-1.938468308538778,2,0.9856299887962496,Mid-Value Active Customers
8230,1980,Graduation,Married,33228.0,1,0,2014-01-23,28,22,2,31,7,4,5,1,2,0,3,7,0,0,0,0,0,0,3,11,0,45,4605,71,1,40-49,0,Recent Low-Value Customers,-1.8956284141865987,-0.6839997370039046,0,0.9778008715540256,Low-Value Customers
1215,1978,Graduation,Together,70440.0,0,0,2013-10-08,49,690,117,499,76,102,88,1,5,10,7,3,0,0,0,1,0,0,3,11,0,47,4712,1572,0,40-49,3,Dormant / Disengaged Customers,1.6968040281082608,0.06531335287982713,1,0.9934097881452425,High-Value Store Customers
5939,1971,Graduation,Together,38232.0,1,1,2014-01-17,84,43,5,28,7,6,33,4,3,1,3,5,0,0,0,0,0,0,3,11,0,54,4611,122,2,50-59,4,High-Value Omnichannel Customers,-1.1934429390967067,1.2741248359429578,2,0.5742411833300014,Mid-Value Active Customers
2156,1955,PhD,Married,22554.0,1,1,2012-11-03,38,27,0,10,0,0,4,4,2,0,4,5,0,0,0,0,0,0,3,11,0,70,5051,41,2,60-69,5,Low-Engagement Mature Customers,-1.3604352122401628,0.04798847793201113,0,0.9998427747642554,Low-Value Customers
7788,1983,PhD,Married,23536.0,1,0,2014-06-04,53,6,0,3,0,0,1,1,0,0,3,3,0,0,0,0,0,0,3,11,0,42,4473,10,1,40-49,0,Recent Low-Value Customers,-1.80958354347846,0.7314929858789313,0,0.9990771540994641,Low-Value Customers
10323,1952,Graduation,Married,49413.0,0,1,2013-10-25,88,205,7,41,3,2,46,2,4,2,5,5,0,0,0,0,0,0,3,11,0,73,4695,304,1,70+,5,Low-Engagement Mature Customers,-0.1722998718419805,1.4381014899552513,2,0.9986448009070746,Mid-Value Active Customers
7947,1969,Graduation,Married,42231.0,1,1,2014-03-25,99,24,0,8,0,1,4,1,1,0,3,5,0,0,0,0,0,0,3,11,0,56,4544,37,2,50-59,4,High-Value Omnichannel Customers,-1.4270742496842286,1.9886160713529812,0,0.953062485666141,Low-Value Customers
1891,1980,Master,Divorced,78789.0,0,0,2012-08-08,12,667,50,850,21,83,83,1,4,6,5,2,0,0,0,0,0,0,3,11,1,45,5138,1754,0,40-49,3,Dormant / Disengaged Customers,1.702775754204245,-0.8140807834427402,1,0.9979452051157269,High-Value Store Customers
2570,1968,Graduation,Together,56534.0,0,1,2013-07-23,35,691,7,61,10,0,46,4,10,4,7,8,0,1,0,0,1,0,3,11,1,57,4789,815,1,50-59,2,High-Value Store Loyalists,0.8099163385942176,-1.4134086054338988,1,0.6595498342225348,High-Value Store Customers
9256,1971,Graduation,Single,58350.0,0,1,2013-01-04,5,493,26,206,116,80,80,4,8,3,12,6,0,0,0,0,0,0,3,11,0,54,4989,1001,1,50-59,2,High-Value Store Loyalists,1.7274883473014147,-2.043711037734158,1,0.9706050694286629,High-Value Store Customers
295,1989,Graduation,Single,81217.0,0,0,2013-07-19,77,493,70,324,146,40,84,1,3,7,11,1,0,0,0,0,0,0,3,11,0,36,4793,1157,0,30-39,3,Dormant / Disengaged Customers,2.0480383627408414,1.225759558887243,1,0.9991196992024913,High-Value Store Customers
7397,1951,Graduation,Single,49090.0,0,1,2013-07-19,45,494,5,82,7,0,100,3,7,2,9,7,0,0,0,0,0,0,3,11,0,74,4793,688,1,70+,2,High-Value Store Loyalists,0.8200206218634812,-0.5603389449516419,1,0.6063234635436283,High-Value Store Customers
6349,1987,Master,Divorced,61787.0,0,0,2013-07-06,71,621,73,414,78,48,85,1,8,4,6,5,0,0,0,0,0,0,3,11,0,38,4806,1319,0,30-39,3,Dormant / Disengaged Customers,1.1614012759014498,0.1151492321861962,1,0.9434125519158829,High-Value Store Customers
10790,1985,PhD,Married,18169.0,1,0,2013-02-19,40,9,0,5,0,0,7,1,1,0,2,8,0,0,0,0,0,0,3,11,0,40,4943,21,1,30-39,0,Recent Low-Value Customers,-2.711450779874385,-0.37511943221143734,0,0.9918005364756535,Low-Value Customers
10398,1981,2n Cycle,Single,24336.0,1,0,2012-08-27,82,1,6,2,8,2,12,1,1,0,2,7,0,0,0,0,0,0,3,11,0,44,5119,31,1,40-49,4,High-Value Omnichannel Customers,-2.3732956868740382,1.097246755508641,0,0.9830452416882005,Low-Value Customers
2431,1990,Graduation,Married,18222.0,0,0,2012-12-31,70,12,4,19,12,6,14,1,2,0,3,8,0,0,0,0,0,0,3,11,0,35,4993,67,0,30-39,4,High-Value Omnichannel Customers,-2.446308720446892,0.3744125781095905,0,0.9930873127914022,Low-Value Customers
550,1952,Graduation,Divorced,62335.0,0,1,2013-05-23,87,243,131,217,85,6,26,2,3,3,13,2,0,0,0,0,0,0,3,11,0,73,4850,708,1,70+,1,High-Value At-Risk Customers,1.9062145753314705,1.6894237819996876,1,0.9999601208549979,High-Value Store Customers
1890,1971,2n Cycle,Together,42033.0,1,1,2012-09-19,95,11,1,4,2,0,7,1,1,0,2,7,0,0,0,0,0,0,3,11,0,54,5096,25,2,50-59,4,High-Value Omnichannel Customers,-1.919891734429904,1.6351817663901913,0,0.9909524119202981,Low-Value Customers
10742,1983,PhD,Married,86580.0,0,0,2013-02-27,72,532,21,127,26,20,20,0,4,2,5,1,0,0,1,0,0,0,3,11,0,42,4935,746,0,40-49,3,Dormant / Disengaged Customers,1.1325044384926006,1.1900136081689836,1,0.9953427496087085,High-Value Store Customers
10356,1957,PhD,Divorced,41437.0,1,1,2012-09-22,5,29,0,2,0,0,1,1,1,0,3,7,0,0,0,0,0,0,3,11,0,68,5093,32,2,60-69,5,Low-Engagement Mature Customers,-1.6320640458840523,-1.0531236893840918,0,0.9769104841875799,Low-Value Customers
4676,1951,Master,Widow,73705.0,0,2,2014-03-05,86,612,91,520,258,107,107,2,9,6,8,5,0,0,0,0,0,0,3,11,0,74,4564,1695,2,70+,1,High-Value At-Risk Customers,2.570376506001424,0.7750306816751886,1,0.979305261206426,High-Value Store Customers
8852,1976,Graduation,Married,61064.0,0,1,2012-08-31,80,387,126,342,0,45,180,5,8,4,11,6,0,0,0,0,0,0,3,11,0,49,5115,1080,1,40-49,2,High-Value Store Loyalists,1.6579619703051591,0.2652694149556816,1,0.982053848737695,High-Value Store Customers
3565,1955,Master,Married,38452.0,1,1,2014-03-30,62,56,0,14,0,0,2,3,3,0,3,7,0,0,0,0,0,0,3,11,0,70,4539,72,2,60-69,5,Low-Engagement Mature Customers,-1.3496233822417665,0.5087051381488684,0,0.8702186516733467,Low-Value Customers
5294,1989,Graduation,Single,18358.0,1,0,2013-11-20,49,6,8,19,16,4,4,3,3,0,4,7,0,0,0,0,0,0,3,11,0,36,4669,57,1,30-39,0,Recent Low-Value Customers,-2.0130440206206064,-0.2833706257101049,0,0.999610748187503,Low-Value Customers
1958,1973,PhD,Together,55012.0,0,1,2014-03-21,85,582,0,65,0,0,13,6,8,2,9,5,0,0,0,0,0,0,3,11,0,52,4548,660,1,50-59,2,High-Value Store Loyalists,1.090248655436684,0.6152165263148749,2,0.7257960306757152,Mid-Value Active Customers
7349,1973,Basic,Together,9722.0,1,0,2012-10-02,7,6,17,16,6,16,42,4,3,1,3,8,0,0,0,0,0,0,3,11,1,52,5083,103,1,50-59,0,Recent Low-Value Customers,-2.252064162193782,-1.5514221892694482,0,0.9966433334794947,Low-Value Customers
8799,1984,PhD,Married,38175.0,1,0,2013-09-23,6,70,6,69,2,3,3,3,3,1,4,7,0,0,0,0,0,0,3,11,0,41,4727,153,1,40-49,0,Recent Low-Value Customers,-1.5094480636102021,-1.5292771091855886,2,0.9967703219795888,Mid-Value Active Customers
1351,1956,Master,Together,58656.0,0,1,2012-09-20,25,962,12,194,16,24,12,4,7,8,13,6,0,0,1,0,0,0,3,11,0,69,5095,1220,1,60-69,2,High-Value Store Loyalists,2.1192255593784886,-1.2043129216208113,1,0.9387475673459778,High-Value Store Customers
1045,1965,Graduation,Together,52117.0,0,1,2012-08-16,55,112,10,107,30,0,20,2,5,2,4,7,0,0,0,0,0,0,3,11,0,60,5130,279,1,50-59,5,Low-Engagement Mature Customers,-0.6305691296451144,-0.02064152988938761,2,0.9995531189075417,Mid-Value Active Customers
7732,1978,Graduation,Married,64813.0,1,0,2014-01-02,81,293,0,124,179,97,52,1,7,2,10,5,0,0,0,0,0,0,3,11,0,47,4626,745,1,40-49,2,High-Value Store Loyalists,1.2972360965707586,0.54835212936955,1,0.9774820966290166,High-Value Store Customers
8070,1973,PhD,Married,54222.0,0,1,2014-03-01,98,199,12,31,3,12,7,1,3,3,5,3,0,0,0,0,0,0,3,11,0,52,4568,264,1,50-59,4,High-Value Omnichannel Customers,-0.1943266447573463,1.9077482879934444,2,0.9875030531791499,Mid-Value Active Customers
477,1986,Graduation,Married,83512.0,0,0,2014-06-17,31,1060,61,835,80,20,101,1,4,7,10,1,1,0,1,1,1,0,3,11,1,39,4460,2157,0,30-39,3,Dormant / Disengaged Customers,2.9458729202416287,-0.2877828789780942,1,0.9952858381768273,High-Value Store Customers
7832,1959,Master,Married,77520.0,0,1,2013-08-28,30,940,44,396,0,88,58,1,8,7,7,4,1,0,1,1,0,0,3,11,1,66,4753,1526,1,60-69,1,High-Value At-Risk Customers,2.262681563666626,-0.7730339403184715,1,0.9707918423209035,High-Value Store Customers
2202,1978,Graduation,Together,41154.0,0,1,2013-04-09,98,44,2,11,2,3,7,1,1,0,4,5,0,0,0,0,0,0,3,11,0,47,4894,69,1,40-49,4,High-Value Omnichannel Customers,-1.3847160735239183,1.8453019528452523,0,0.6952900535360023,Low-Value Customers
7396,1966,Graduation,Married,80398.0,0,0,2012-11-10,92,342,51,936,207,35,26,1,5,8,12,3,0,0,1,0,0,0,3,11,0,59,5044,1597,0,50-59,1,High-Value At-Risk Customers,2.7918757521189614,1.4129316970232413,1,0.972597690098758,High-Value Store Customers
4055,1992,Basic,Single,18746.0,1,0,2014-05-29,41,2,10,11,12,9,20,2,3,0,3,6,0,0,0,0,0,0,3,11,0,33,4479,64,1,30-39,0,Recent Low-Value Customers,-2.0304671369624034,-0.41748058584600267,0,0.9999667703931768,Low-Value Customers
10340,1984,Graduation,Together,35196.0,1,0,2012-11-13,68,75,12,141,43,39,187,6,6,1,5,8,0,0,0,0,0,0,3,11,0,41,5041,497,1,40-49,4,High-Value Omnichannel Customers,-0.8690247353351626,-0.09215852843320015,2,0.9857929707448922,Mid-Value Active Customers
10091,1956,Graduation,Single,60230.0,0,1,2013-05-20,78,520,20,367,39,81,40,2,6,3,6,5,0,0,0,0,0,0,3,11,0,69,4853,1067,1,60-69,1,High-Value At-Risk Customers,1.034371851431212,0.8463192348096734,1,0.9755521447199353,High-Value Store Customers
7629,1977,Graduation,Married,22108.0,1,1,2014-05-08,46,5,3,9,6,2,6,2,2,0,3,7,0,0,0,0,0,0,3,11,0,48,4500,31,2,40-49,0,Recent Low-Value Customers,-2.097249875245112,-0.12115152142074039,0,0.9953705734022938,Low-Value Customers
10640,1974,Graduation,Together,44392.0,1,1,2013-09-05,71,87,5,71,7,12,29,5,4,1,4,7,0,0,0,0,0,0,3,11,0,51,4745,211,2,50-59,4,High-Value Omnichannel Customers,-1.0717114781260406,0.4853375199522258,2,0.9998683604192318,Mid-Value Active Customers
3498,1976,PhD,Married,55424.0,0,1,2012-11-25,6,462,61,184,10,53,107,4,7,5,9,6,1,0,0,0,0,0,3,11,1,49,5029,877,1,40-49,2,High-Value Store Loyalists,0.9370080673806891,-1.8800144310837197,1,0.9275841257677422,High-Value Store Customers
6742,1979,Graduation,Married,17688.0,1,0,2013-01-13,82,2,2,1,3,1,2,1,1,0,2,8,0,0,0,0,0,1,3,11,0,46,4980,11,1,40-49,4,High-Value Omnichannel Customers,-2.644696813793276,0.9841134021333566,0,0.9824029788763817,Low-Value Customers
1172,1983,PhD,Married,92491.0,0,0,2013-05-01,71,979,44,935,29,25,22,1,7,5,12,3,0,1,1,1,0,0,3,11,1,42,4872,2034,0,40-49,3,Dormant / Disengaged Customers,3.4403617336439205,0.39619607555298614,1,0.9058593366643353,High-Value Store Customers
569,1991,Graduation,Single,90273.0,0,0,2013-12-14,32,704,129,853,120,74,111,1,5,6,7,2,0,1,1,1,0,0,3,11,1,34,4645,1991,0,30-39,3,Dormant / Disengaged Customers,2.4139397241454046,-0.4359872096709452,1,0.9913955341077716,High-Value Store Customers
4686,1962,PhD,Widow,82571.0,0,0,2014-04-02,28,861,31,558,62,95,79,0,6,5,13,2,0,0,1,0,0,0,3,11,0,63,4536,1686,0,60-69,1,High-Value At-Risk Customers,3.3723051964365434,-0.5502225544073626,1,0.9732541048989142,High-Value Store Customers
1381,1982,PhD,Single,38513.0,1,0,2014-01-28,20,172,3,115,16,0,18,5,6,1,5,8,0,0,0,0,0,0,3,11,1,43,4600,324,1,40-49,0,Recent Low-Value Customers,-0.9406047142065262,-1.549856442865028,2,0.9979086718625821,Mid-Value Active Customers
2634,1979,Master,Single,16653.0,1,0,2014-04-18,10,5,7,31,15,4,7,3,2,1,3,6,0,0,0,0,0,0,3,11,1,46,4520,69,1,40-49,0,Recent Low-Value Customers,-2.0478194709178736,-1.153750191961753,0,0.9998707548723752,Low-Value Customers
10905,1955,Graduation,Together,42586.0,1,1,2012-10-29,7,194,2,56,0,0,0,5,4,1,6,8,0,0,0,0,0,0,3,11,1,70,5056,252,2,60-69,5,Low-Engagement Mature Customers,-0.7182368782903134,-1.4946488288415227,2,0.9960055444812721,Mid-Value Active Customers
1744,1965,Basic,Single,23529.0,0,1,2013-01-07,67,9,7,13,3,2,20,1,1,1,2,6,0,0,0,0,0,0,3,11,0,60,4986,54,1,50-59,4,High-Value Omnichannel Customers,-2.023820608441177,0.8964433359844992,0,0.9623556085078708,Low-Value Customers
1000,1961,Master,Together,74881.0,1,1,2013-03-08,48,505,72,270,36,27,54,4,9,2,12,5,0,0,0,0,0,0,3,11,0,64,4926,964,2,60-69,2,High-Value Store Loyalists,2.4273125498560293,-0.5677894803126565,1,0.9693388328634186,High-Value Store Customers
3828,1951,Graduation,Married,71107.0,0,1,2013-02-17,61,533,10,217,198,174,195,2,7,6,13,4,0,0,0,0,0,0,3,11,0,74,4945,1327,1,70+,1,High-Value At-Risk Customers,2.821902389704002,0.21960198653785112,1,0.9923281598012609,High-Value Store Customers
8605,1964,PhD,Together,46910.0,1,1,2014-03-23,36,48,0,14,0,0,6,2,2,0,3,6,0,0,0,0,0,0,3,11,0,61,4546,68,2,60-69,5,Low-Engagement Mature Customers,-1.2894337024304503,-0.13687982569175272,0,0.9381223435515036,Low-Value Customers
10304,1959,Graduation,Married,18690.0,0,0,2012-12-28,77,6,1,7,23,4,19,1,1,1,2,8,0,0,0,0,0,0,3,11,0,66,4996,60,0,60-69,4,High-Value Omnichannel Customers,-2.3416849968712357,1.0170777747766133,0,0.9219159231416427,Low-Value Customers
4351,1955,Graduation,Divorced,37244.0,1,1,2013-04-27,90,18,2,10,0,0,25,1,1,1,2,7,1,0,0,0,0,0,3,11,0,70,4876,55,2,60-69,4,High-Value Omnichannel Customers,-1.7906916356437086,1.6180603432382743,0,0.9711403143093693,Low-Value Customers
10129,1966,Graduation,Together,82427.0,0,0,2014-03-12,35,482,147,509,104,107,107,1,3,5,12,1,0,0,1,0,0,0,3,11,0,59,4557,1456,0,50-59,3,Dormant / Disengaged Customers,2.738449805727491,0.10592781128448811,1,0.997489713462825,High-Value Store Customers
2499,1958,2n Cycle,Single,75342.0,0,1,2013-05-06,38,204,97,97,21,118,26,1,5,2,10,4,0,0,0,0,0,0,3,11,0,67,4867,563,1,60-69,1,High-Value At-Risk Customers,1.4631297805883978,-0.2330910076189577,1,0.6852421241584857,High-Value Store Customers
10092,1954,Graduation,Divorced,70044.0,0,1,2013-02-18,46,1073,0,250,153,14,14,4,7,10,5,5,0,0,0,0,0,0,3,11,0,71,4944,1504,1,70+,1,High-Value At-Risk Customers,1.590492990895781,-0.20553906941488895,1,0.9565477362283136,High-Value Store Customers
7500,1967,Graduation,Single,79146.0,1,1,2014-04-24,33,245,16,223,21,43,16,2,8,1,8,6,0,0,0,0,0,0,3,11,0,58,4514,564,2,50-59,2,High-Value Store Loyalists,1.2234126706732813,-0.9773141050308188,2,0.9422120732003681,Mid-Value Active Customers
5796,1963,Graduation,Married,77437.0,0,0,2013-11-26,70,560,21,442,29,44,29,1,4,5,13,1,0,0,1,0,0,0,3,11,0,62,4663,1125,0,60-69,1,High-Value At-Risk Customers,2.6898399293534045,1.0871077203860324,1,0.9991104482164384,High-Value Store Customers
10556,1959,Graduation,Married,54984.0,0,1,2014-05-24,51,173,13,131,32,3,6,4,6,1,6,7,0,0,0,1,0,0,3,11,0,66,4484,358,1,60-69,2,High-Value Store Loyalists,-0.013490631570140398,-0.24236090890013484,2,0.9986604953087086,Mid-Value Active Customers
1064,1971,PhD,Married,42403.0,1,0,2013-12-11,18,22,1,11,0,5,3,1,1,0,3,8,0,0,0,0,0,0,3,11,0,54,4648,42,1,50-59,0,Recent Low-Value Customers,-1.9268339472920564,-0.8964151142378796,0,0.9979335751816587,Low-Value Customers
48,1964,Graduation,Together,55761.0,0,1,2014-04-24,97,136,1,12,0,3,32,2,4,1,3,6,0,1,0,0,0,0,3,11,0,61,4514,184,1,60-69,4,High-Value Omnichannel Customers,-0.7435857495244719,1.5547796001937246,2,0.9998602662303571,Mid-Value Active Customers
7610,1983,Graduation,Together,37292.0,1,0,2013-04-18,32,275,0,86,10,23,66,5,6,3,5,8,0,0,0,0,0,0,3,11,0,42,4885,460,1,40-49,0,Recent Low-Value Customers,-0.8579906654020351,-1.1941980716104472,2,0.9952793926699901,Mid-Value Active Customers
263,1945,PhD,Single,45576.0,0,0,2014-05-28,9,56,19,29,2,14,25,1,3,1,3,8,0,0,0,0,0,0,3,11,1,80,4480,145,0,70+,5,Low-Engagement Mature Customers,-1.1996919332327427,-1.1463122818116196,2,0.9980795837552848,Mid-Value Active Customers
10814,1947,Graduation,Together,70321.0,0,0,2013-01-16,6,303,23,751,82,26,191,1,6,5,13,4,0,0,0,0,0,0,3,11,1,78,4977,1376,0,70+,1,High-Value At-Risk Customers,2.750087761686254,-1.3445779772606137,1,0.983945293920125,High-Value Store Customers
9710,1969,PhD,Divorced,58086.0,0,1,2013-01-20,80,708,7,62,0,0,15,2,11,3,7,8,0,0,0,0,0,0,3,11,0,56,4973,792,1,50-59,2,High-Value Store Loyalists,0.9520707490764123,-0.13064650118207782,2,0.6117665217812984,Mid-Value Active Customers
9292,1952,Graduation,Married,81795.0,0,0,2012-10-26,74,324,132,693,27,118,88,1,4,11,7,2,0,0,0,0,0,0,3,11,0,73,5059,1382,0,70+,1,High-Value At-Risk Customers,2.095309817420564,1.3440480261490757,1,0.9972960946115196,High-Value Store Customers
10250,1947,Basic,Together,28389.0,0,0,2012-11-20,49,1,5,3,7,4,8,1,1,0,2,7,0,0,0,0,0,0,3,11,0,78,5034,28,0,70+,5,Low-Engagement Mature Customers,-1.8931320139602221,0.4011101106505228,0,0.9475742888682684,Low-Value Customers
7881,1946,Master,Married,66835.0,0,0,2013-09-28,21,620,26,195,34,17,141,1,6,4,13,2,0,0,0,0,0,0,3,11,0,79,4722,1033,0,70+,1,High-Value At-Risk Customers,2.7191938778254516,-0.6309915486927353,1,0.982025675828571,High-Value Store Customers
5847,1969,Graduation,Divorced,69901.0,0,1,2013-05-29,95,312,21,206,102,92,149,3,7,3,10,5,0,0,0,0,0,0,3,11,0,56,4844,882,1,50-59,2,High-Value Store Loyalists,1.622003487738273,1.0742473860559394,1,0.9791605639814573,High-Value Store Customers
737,1949,PhD,Married,80360.0,0,0,2013-03-03,56,1493,86,454,112,43,43,2,4,4,5,2,0,1,1,1,0,0,3,11,0,76,4931,2231,0,70+,1,High-Value At-Risk Customers,2.5244299620589246,0.8296630565646153,1,0.9974457668750325,High-Value Store Customers
3571,1961,PhD,Together,63342.0,0,1,2012-10-16,48,918,21,118,13,10,21,3,8,3,5,6,0,1,0,0,0,0,3,11,1,64,5069,1101,1,60-69,2,High-Value Store Loyalists,1.0186133488661215,-0.4370112757989919,1,0.9025836578078453,High-Value Store Customers
7807,1974,Graduation,Married,44989.0,0,1,2012-09-12,26,98,0,106,49,10,106,5,5,1,5,6,0,0,0,0,0,0,3,11,0,51,5103,369,1,50-59,0,Recent Low-Value Customers,-0.5066249030161165,-0.9315179296024891,2,0.9989513425067621,Mid-Value Active Customers
3878,1980,2n Cycle,Single,31859.0,1,0,2014-02-27,3,3,4,7,15,8,11,1,1,0,3,7,0,0,0,0,0,0,3,11,0,45,4570,48,1,40-49,0,Recent Low-Value Customers,-2.0800958254117337,-1.3533248224106347,0,0.988056472835497,Low-Value Customers
5092,1949,PhD,Widow,51569.0,0,1,2013-02-12,39,380,0,47,6,0,34,4,7,1,7,8,0,1,0,0,0,0,3,11,1,76,4950,467,1,70+,2,High-Value Store Loyalists,0.2577723298961374,-0.7833520171338,2,0.9955483513435018,Mid-Value Active Customers
2154,1971,Graduation,Widow,30372.0,1,1,2012-12-25,33,15,0,12,7,3,7,3,2,0,3,7,0,0,0,0,0,0,3,11,0,54,4999,44,2,50-59,0,Recent Low-Value Customers,-1.8609505042922971,-0.44998815236539413,0,0.9847364875726208,Low-Value Customers
5394,1979,Basic,Single,16014.0,1,1,2013-03-17,42,3,9,4,7,8,7,4,1,1,4,3,0,0,0,0,0,0,3,11,0,46,4917,38,2,40-49,0,Recent Low-Value Customers,-1.6030022658996648,0.27606728635624234,0,0.9999995534985475,Low-Value Customers
3798,1968,Graduation,Married,41120.0,1,1,2013-11-06,80,24,2,23,0,8,24,3,2,1,3,6,0,0,0,0,0,0,3,11,0,57,4683,81,2,50-59,4,High-Value Omnichannel Customers,-1.4247373054453887,1.1777401897392297,0,0.9173427540093866,Low-Value Customers
3524,1971,Master,Single,39763.0,1,0,2013-08-04,9,80,1,60,4,6,16,2,5,1,2,9,0,0,0,0,0,0,3,11,1,54,4777,167,1,50-59,0,Recent Low-Value Customers,-1.6420137589886323,-1.7153255226785613,2,0.9962900394770156,Mid-Value Active Customers
5247,1955,PhD,Married,38725.0,1,1,2014-05-10,52,31,0,6,2,1,5,2,1,0,4,4,0,0,0,0,0,0,3,11,0,70,4498,45,2,60-69,5,Low-Engagement Mature Customers,-1.0280396283593563,0.7457843679226902,0,0.9384621661178355,Low-Value Customers
5883,1972,Graduation,Married,77981.0,1,0,2013-05-26,78,138,120,204,16,126,60,3,7,4,7,5,0,0,0,0,0,0,3,11,0,53,4847,664,1,50-59,2,High-Value Store Loyalists,1.1118460412319922,0.6172878614949556,3,0.49762410192064077,High-Value Omnichannel Customers
2118,1964,2n Cycle,Married,62905.0,0,1,2013-09-10,68,166,75,96,119,107,59,3,7,2,8,4,0,0,0,0,0,0,3,11,0,61,4740,622,1,60-69,2,High-Value Store Loyalists,1.1874618635730074,0.4419948043399299,2,0.7358048044130574,Mid-Value Active Customers
8812,1979,2n Cycle,Divorced,13533.0,1,0,2013-03-10,45,12,3,8,8,0,17,2,2,0,3,7,0,0,0,0,0,0,3,11,0,46,4924,48,1,40-49,0,Recent Low-Value Customers,-2.2689404800653175,-0.19111528771770261,0,0.9997047463344514,Low-Value Customers
6616,1975,Graduation,Together,59481.0,0,1,2013-10-23,47,178,3,85,71,66,58,2,3,3,8,2,0,0,0,0,0,0,3,11,0,50,4697,461,1,40-49,3,Dormant / Disengaged Customers,0.6241491667596512,0.35561021044998326,1,0.6789534861026745,High-Value Store Customers
2797,1977,Graduation,Married,72117.0,0,1,2013-08-20,34,707,20,171,65,60,50,1,9,7,9,5,0,0,0,0,0,0,3,11,0,48,4761,1073,1,40-49,2,High-Value Store Loyalists,1.830881301906377,-1.0895265402060836,1,0.9383083204016336,High-Value Store Customers
4328,1986,2n Cycle,Married,21955.0,1,0,2013-09-07,81,5,1,7,17,14,11,2,2,1,3,6,0,0,0,0,0,0,3,11,0,39,4743,55,1,30-39,4,High-Value Omnichannel Customers,-2.026740727026233,0.9970989698031347,0,0.9987691509835979,Low-Value Customers
9167,1956,Graduation,Married,67131.0,0,1,2013-03-26,72,465,71,250,93,35,62,3,9,2,12,6,0,0,0,0,0,0,3,11,0,69,4908,976,1,60-69,2,High-Value Store Loyalists,2.205056777686303,0.08857942001911358,1,0.9887086721762809,High-Value Store Customers
10560,1980,PhD,Single,36802.0,1,0,2014-06-16,23,16,1,2,0,0,1,1,1,0,3,5,0,0,0,0,0,0,3,11,0,45,4461,20,1,40-49,0,Recent Low-Value Customers,-1.6977264288100116,-0.4854700004757611,0,0.968458447076193,Low-Value Customers
2631,1982,Graduation,Together,71853.0,0,0,2013-05-08,29,358,108,413,141,97,32,1,2,8,6,1,0,0,0,0,0,0,3,11,0,43,4865,1149,0,40-49,3,Dormant / Disengaged Customers,1.076338144903707,0.010929484202195763,1,0.9998170839034344,High-Value Store Customers
8312,1961,Basic,Married,28249.0,0,0,2014-06-15,80,1,9,7,2,14,10,1,2,0,3,6,0,0,0,0,0,0,3,11,0,64,4462,43,0,60-69,4,High-Value Omnichannel Customers,-1.6134969716756764,1.2152963287557759,0,0.9931767119537928,Low-Value Customers
5534,1975,Master,Married,47808.0,0,1,2013-10-20,30,123,1,26,2,0,72,2,3,2,3,7,1,0,0,0,0,0,3,11,0,50,4700,224,1,40-49,0,Recent Low-Value Customers,-1.2979656240556312,-0.656015447982018,2,0.9977419339552726,Mid-Value Active Customers
5093,1974,PhD,Divorced,25509.0,1,0,2012-09-18,15,40,3,30,10,7,11,3,3,0,3,9,0,0,0,0,0,0,3,11,1,51,5097,101,1,50-59,0,Recent Low-Value Customers,-2.12068840271073,-1.3937435297062752,0,0.8502142353063727,Low-Value Customers
7592,1946,PhD,Married,51012.0,0,0,2013-04-18,86,102,9,63,2,9,24,1,4,1,4,6,0,0,0,0,0,0,3,11,0,79,4885,209,0,70+,5,Low-Engagement Mature Customers,-0.44922561490902063,1.3461189463820293,2,0.9999537092195822,Mid-Value Active Customers
8895,1985,Graduation,Single,70596.0,0,0,2012-10-05,68,347,44,534,17,0,26,1,3,5,12,2,0,0,0,0,0,0,3,11,0,40,5080,968,0,30-39,3,Dormant / Disengaged Customers,1.7272423856885923,0.8244264605804018,1,0.9992300000956976,High-Value Store Customers
8584,1952,PhD,Together,85431.0,0,0,2013-06-08,54,376,53,462,168,53,53,1,2,7,7,0,0,0,0,0,0,0,3,11,0,73,4834,1165,0,70+,1,High-Value At-Risk Customers,2.017728048362626,1.1918367248924924,1,0.9999286802426766,High-Value Store Customers
2694,1967,Graduation,Married,42664.0,0,1,2014-03-18,44,21,0,3,0,0,0,1,1,0,3,6,0,0,0,0,0,0,3,11,0,58,4551,24,1,50-59,5,Low-Engagement Mature Customers,-1.5737284479834546,0.18416204336809425,0,0.9541359847825996,Low-Value Customers
8910,1955,Graduation,Together,42586.0,1,1,2012-10-29,7,194,2,56,0,0,0,5,4,1,6,8,0,0,0,0,0,0,3,11,1,70,5056,252,2,60-69,5,Low-Engagement Mature Customers,-0.7182368782903134,-1.4946488288415227,2,0.9960055444812721,Mid-Value Active Customers
7433,1985,Graduation,Single,29760.0,1,0,2012-08-29,87,64,4,68,7,5,17,4,3,1,4,8,0,0,0,0,0,0,3,11,0,40,5117,165,1,30-39,4,High-Value Omnichannel Customers,-1.8025509029225326,0.8386382350191125,2,0.9996449917647144,Mid-Value Active Customers
164,1977,PhD,Married,28973.0,0,0,2012-10-13,59,206,0,46,3,2,12,2,5,1,5,8,0,0,0,0,0,0,3,11,0,48,5072,269,0,40-49,4,High-Value Omnichannel Customers,-1.2280111376677905,-0.20323338478662245,2,0.9983594671756744,Mid-Value Active Customers
10477,1973,PhD,Together,39435.0,1,0,2013-08-06,16,71,0,18,0,0,13,1,3,1,2,7,0,0,0,0,0,0,3,11,0,52,4775,102,1,50-59,0,Recent Low-Value Customers,-1.6833877076675827,-1.0624557718507872,2,0.7836608557987125,Mid-Value Active Customers
2681,1984,2n Cycle,Married,65370.0,0,0,2013-08-01,1,71,22,112,138,89,29,1,2,3,13,1,0,0,0,0,0,0,3,11,0,41,4780,461,0,40-49,3,Dormant / Disengaged Customers,1.3630249032765762,-1.0383612744931452,1,0.9999600322283628,High-Value Store Customers
5150,1979,Basic,Single,20194.0,1,0,2012-12-17,64,0,4,7,11,10,15,2,2,0,3,6,0,0,0,0,0,0,3,11,0,46,5007,47,1,40-49,4,High-Value Omnichannel Customers,-1.9856126302997321,0.5313024154431809,0,0.9995512876759974,Low-Value Customers
5283,1976,PhD,Single,42473.0,1,1,2014-02-17,72,93,1,21,0,4,25,3,2,1,4,5,0,0,0,0,0,0,3,11,0,49,4580,144,2,40-49,4,High-Value Omnichannel Customers,-1.1462771971896057,0.9483967574768023,2,0.9989208278275316,Mid-Value Active Customers
9645,1968,Graduation,Married,64590.0,0,0,2012-10-14,98,920,138,168,36,46,30,1,9,4,10,6,0,0,0,0,0,0,3,11,0,57,5071,1338,0,50-59,2,High-Value Store Loyalists,2.031189173319885,0.8135082788114498,1,0.9832198978579212,High-Value Store Customers
10678,1959,Graduation,Together,71232.0,0,1,2013-11-28,91,653,17,170,34,26,17,2,11,2,10,7,0,0,0,0,0,0,3,11,0,66,4661,917,1,60-69,2,High-Value Store Loyalists,2.02096052259441,0.37477361928374914,1,0.7906451194250467,High-Value Store Customers
7261,1971,Graduation,Together,34600.0,1,1,2013-01-01,8,199,33,60,8,3,15,5,5,2,5,8,0,0,0,0,0,0,3,11,1,54,4992,318,2,50-59,0,Recent Low-Value Customers,-1.0209203304967742,-1.718883366876645,2,0.9990931763198788,Mid-Value Active Customers
9648,1967,Graduation,Single,46904.0,1,1,2012-11-03,20,153,4,56,0,9,31,4,5,1,4,8,0,0,0,0,0,0,3,11,0,58,5051,253,2,50-59,0,Recent Low-Value Customers,-0.9380159730233179,-1.254237214600525,2,0.9991121857168743,Mid-Value Active Customers
2870,1973,Graduation,Married,49094.0,0,1,2012-09-21,6,376,0,38,11,8,69,5,6,3,6,6,0,0,0,0,0,0,3,11,0,52,5094,502,1,50-59,2,High-Value Store Loyalists,-0.03172890957746155,-1.671495732260313,2,0.9832305909849948,Mid-Value Active Customers
8008,1983,Graduation,Together,36075.0,1,0,2013-12-09,54,46,0,30,12,1,30,1,2,0,4,6,0,0,0,0,0,0,3,11,0,42,4650,119,1,40-49,0,Recent Low-Value Customers,-1.531769250995808,0.19286602279827675,2,0.8478023296224156,Mid-Value Active Customers
1513,1979,2n Cycle,Together,60839.0,1,1,2012-08-28,72,600,21,128,223,150,128,13,2,2,12,8,0,0,0,0,0,0,3,11,0,46,5118,1250,2,40-49,3,Dormant / Disengaged Customers,0.7997072599013713,0.3775763700521468,3,1.0,High-Value Omnichannel Customers
6173,1979,Graduation,Together,77298.0,0,1,2013-11-02,46,425,115,292,23,35,79,1,6,6,11,3,0,0,0,0,0,0,3,11,0,46,4687,969,1,40-49,3,Dormant / Disengaged Customers,2.0203681536306233,-0.20712219343658256,1,0.990531759386021,High-Value Store Customers
1419,1950,Graduation,Together,34026.0,1,1,2013-08-05,11,18,6,15,12,8,17,3,2,1,3,5,0,0,0,0,0,0,3,11,0,75,4776,76,2,70+,5,Low-Engagement Mature Customers,-1.206874712558905,-0.6939152937156654,0,0.9827795732136005,Low-Value Customers
9150,1963,PhD,Single,48918.0,1,1,2014-04-12,21,52,0,9,0,0,1,2,1,0,4,4,0,0,0,0,0,0,3,11,0,62,4526,62,2,60-69,5,Low-Engagement Mature Customers,-0.9276910170266226,-0.2688145013911889,0,0.743416452424131,Low-Value Customers
7960,1962,2n Cycle,Together,82122.0,0,0,2013-08-15,89,734,22,350,151,25,100,1,3,9,13,1,0,0,1,0,0,0,3,11,0,63,4766,1382,0,60-69,1,High-Value At-Risk Customers,2.8790599460359925,1.797180957797888,1,0.9984479384189509,High-Value Store Customers
1250,1976,Graduation,Single,37697.0,1,0,2014-02-07,82,34,6,21,11,4,8,1,2,1,3,6,0,0,0,0,0,0,3,11,0,49,4590,84,1,40-49,4,High-Value Omnichannel Customers,-1.583753901105209,1.156876991823766,0,0.9213152451668094,Low-Value Customers
9905,1952,Graduation,Together,34074.0,1,1,2013-07-13,69,135,1,41,10,1,67,5,3,3,3,6,1,0,0,0,0,0,3,11,0,73,4799,255,2,70+,5,Low-Engagement Mature Customers,-1.0853955171142715,0.8552419777445871,2,0.9997599636699213,Mid-Value Active Customers
10691,1960,Master,Married,28520.0,1,1,2013-06-14,55,11,0,10,0,2,20,1,1,1,2,6,0,0,0,0,0,0,3,11,0,65,4828,43,2,60-69,5,Low-Engagement Mature Customers,-1.8812850223653907,0.5826182442700644,0,0.9675885568485736,Low-Value Customers
7002,1955,Graduation,Single,62535.0,0,1,2013-10-03,13,163,48,90,0,45,52,1,3,2,8,3,0,0,0,0,0,0,3,11,0,70,4717,398,1,60-69,5,Low-Engagement Mature Customers,0.7098928460089593,-0.6204768660997623,2,0.8287160345595179,Mid-Value Active Customers
2952,1977,Master,Single,36273.0,1,0,2014-04-16,80,29,3,30,3,2,9,2,3,0,3,6,0,0,0,0,0,0,3,11,0,48,4522,76,1,40-49,4,High-Value Omnichannel Customers,-1.4972455044943576,0.9734036005098059,0,0.9722582195947734,Low-Value Customers
8439,1964,Graduation,Together,63404.0,0,2,2014-06-06,97,734,26,70,11,44,17,2,6,3,4,4,0,0,0,1,0,0,3,11,0,61,4471,902,2,60-69,1,High-Value At-Risk Customers,0.7246106171449168,1.5400010741409607,1,0.9884952154589051,High-Value Store Customers
762,1981,2n Cycle,Together,75774.0,1,0,2014-05-02,27,340,21,134,258,14,56,1,7,5,8,4,0,0,0,0,0,0,3,11,0,44,4506,823,1,40-49,3,Dormant / Disengaged Customers,1.3807984399077315,-0.9676183465675847,1,0.9554697711020477,High-Value Store Customers
2831,1976,Graduation,Together,78416.0,0,1,2014-06-27,99,453,38,279,188,38,183,2,7,7,10,3,0,0,0,0,0,0,3,11,0,49,4450,1179,1,40-49,3,Dormant / Disengaged Customers,2.255937537049422,1.3768068078382447,1,0.9840240361936107,High-Value Store Customers
6977,1974,Graduation,Together,75702.0,0,1,2012-10-14,87,1073,0,629,145,37,37,1,10,5,13,6,0,0,1,0,0,0,3,11,0,51,5071,1921,1,50-59,2,High-Value Store Loyalists,3.2257589805658538,0.2391891030463555,1,0.9832437922995666,High-Value Store Customers
6289,1951,Master,Together,59385.0,1,1,2013-04-28,85,135,0,10,0,4,36,2,3,1,4,5,0,0,0,0,0,0,3,11,0,74,4875,185,2,70+,5,Low-Engagement Mature Customers,-0.3521247315218207,1.5145620711279073,2,0.9999792212778189,Mid-Value Active Customers
4168,1966,Graduation,Single,37070.0,1,1,2013-03-20,30,231,7,137,4,15,39,9,5,1,8,7,0,0,0,0,0,0,3,11,1,59,4914,433,2,50-59,2,High-Value Store Loyalists,-0.2194998464459467,-0.9429417883237111,2,0.9866448828650324,Mid-Value Active Customers
8397,1951,Graduation,Married,44689.0,1,1,2014-01-10,82,18,0,5,0,0,11,2,1,1,2,7,1,0,0,0,0,0,3,11,0,74,4618,34,2,70+,5,Low-Engagement Mature Customers,-1.621574064832808,1.4249684092408186,0,0.9918969248887416,Low-Value Customers
9284,1958,Graduation,Together,53977.0,0,1,2013-06-08,21,620,16,165,0,24,82,5,5,5,12,5,0,0,0,0,0,0,3,11,0,67,4834,907,1,60-69,1,High-Value At-Risk Customers,1.4843818311435837,-0.9874015796035586,1,0.9743168529625555,High-Value Store Customers
6237,1966,PhD,Single,7144.0,0,2,2013-12-07,92,81,4,33,5,2,291,0,23,1,1,0,0,0,0,0,0,0,3,11,0,59,4652,416,2,50-59,2,High-Value Store Loyalists,1.6659442499576673,-0.056866917243195036,3,1.0,High-Value Omnichannel Customers
3130,1964,Graduation,Single,18701.0,1,1,2013-06-04,95,12,4,2,10,6,10,4,2,0,4,5,0,0,0,0,0,0,3,11,0,61,4838,44,2,60-69,4,High-Value Omnichannel Customers,-1.5253612970237977,1.7240170270000945,0,0.9999498939363065,Low-Value Customers
1619,1956,Graduation,Married,90369.0,0,0,2014-04-28,2,292,51,981,224,23,17,1,4,6,6,1,0,0,0,0,0,0,3,11,1,69,4510,1588,0,60-69,1,High-Value At-Risk Customers,2.3707306812834017,-0.7741934361496225,1,0.9979471136233916,High-Value Store Customers
1990,1974,PhD,Single,63159.0,0,0,2012-11-05,74,965,34,586,89,86,37,1,3,5,8,3,1,0,0,0,0,0,3,11,0,51,5049,1797,0,50-59,3,Dormant / Disengaged Customers,1.6850886312809057,1.0482600541671827,1,0.9670440268321009,High-Value Store Customers
5513,1966,Graduation,Together,37758.0,1,1,2012-10-04,49,27,2,10,0,0,1,2,1,0,3,8,0,0,0,0,0,0,3,11,0,59,5081,40,2,50-59,0,Recent Low-Value Customers,-1.9467700790378217,0.10220513607475248,0,0.9960446568096291,Low-Value Customers
269,1963,PhD,Single,46757.0,0,1,2012-11-16,71,777,30,163,0,51,122,6,4,4,7,9,0,0,0,0,0,0,3,11,0,62,5038,1143,1,60-69,2,High-Value Store Loyalists,0.022402296152036698,0.2541948296540074,3,0.9999999999940368,High-Value Omnichannel Customers
8093,1969,Master,Married,79734.0,0,0,2014-06-28,72,572,8,232,23,62,17,1,4,3,6,1,0,0,0,1,0,0,3,11,0,56,4449,914,0,50-59,3,Dormant / Disengaged Customers,1.462012341910649,1.2755953177502315,1,0.9992287286362236,High-Value Store Customers
10513,1992,Graduation,Together,63207.0,0,0,2013-01-20,68,438,169,565,91,169,70,1,2,3,6,7,0,0,0,1,0,0,3,11,0,33,4973,1502,0,30-39,3,Dormant / Disengaged Customers,0.1761740167709849,0.3915281352375281,3,0.9999999999997637,High-Value Omnichannel Customers
10177,1954,Graduation,Divorced,72071.0,0,1,2013-02-14,4,531,69,300,150,138,150,3,5,4,8,2,0,0,0,0,0,0,3,11,0,71,4948,1338,1,70+,1,High-Value At-Risk Customers,2.11107568726861,-1.0016203527148548,1,0.9971125318314848,High-Value Store Customers
2549,1983,PhD,Together,21840.0,1,0,2013-07-21,80,17,0,9,0,0,1,1,1,0,3,9,0,0,0,0,0,0,3,11,0,42,4791,27,1,40-49,4,High-Value Omnichannel Customers,-2.6105305249644384,0.7517463780292878,0,0.9933450122479148,Low-Value Customers
5782,1982,2n Cycle,Together,58582.0,0,1,2013-09-28,15,402,35,106,101,77,42,2,9,2,9,5,0,1,0,0,0,0,3,11,0,43,4722,763,1,40-49,2,High-Value Store Loyalists,1.2488502919722086,-1.746469226899286,2,0.680465037302442,Mid-Value Active Customers
10057,1951,Graduation,Single,72282.0,0,0,2013-07-19,70,503,27,419,90,139,153,1,5,7,9,7,0,0,0,0,0,0,3,11,1,74,4793,1331,0,70+,1,High-Value At-Risk Customers,1.5394708724707038,0.46465915438148125,3,0.9999998924203131,High-Value Omnichannel Customers
10307,1956,Graduation,Married,50387.0,0,2,2013-08-31,91,369,9,87,12,14,34,3,6,2,8,5,0,0,0,0,0,0,3,11,0,69,4750,525,2,60-69,2,High-Value Store Loyalists,0.6871827838416187,1.1973438087249975,2,0.8403175841923726,Mid-Value Active Customers
8566,1961,PhD,Together,32583.0,1,1,2014-06-15,10,5,0,3,0,0,1,1,1,0,2,7,0,0,0,0,0,0,3,11,0,64,4462,9,2,60-69,0,Recent Low-Value Customers,-2.0113494749211296,-0.930550029225574,0,0.9505805369135047,Low-Value Customers
2415,1962,Graduation,Together,62568.0,0,1,2014-04-07,99,362,17,398,80,35,61,3,5,3,5,4,0,0,0,1,0,0,3,11,0,63,4531,953,1,60-69,1,High-Value At-Risk Customers,0.7898148408773157,1.7019031705754128,1,0.9924972125066847,High-Value Store Customers
5684,1971,Master,Divorced,44635.0,1,1,2013-10-11,25,56,0,9,0,0,3,2,2,0,3,7,0,0,0,0,0,0,3,11,0,54,4709,68,2,50-59,0,Recent Low-Value Customers,-1.5744403451476545,-0.6665657628198884,0,0.9689791996080342,Low-Value Customers
8334,1971,Master,Single,33316.0,1,1,2013-10-04,34,79,1,31,4,4,12,3,2,1,4,6,0,0,0,0,0,0,3,11,0,54,4716,131,2,50-59,0,Recent Low-Value Customers,-1.432303815613471,-0.3221282894592554,2,0.9780790391552544,Mid-Value Active Customers
9166,1968,Graduation,Married,63967.0,0,1,2013-08-09,57,387,84,141,73,35,162,3,4,4,12,2,0,0,0,0,0,0,3,11,0,57,4772,882,1,50-59,1,High-Value At-Risk Customers,1.86744191913941,0.5211796672174862,1,0.9993663324543225,High-Value Store Customers
1440,1978,2n Cycle,Together,52513.0,0,0,2012-09-04,84,367,17,241,104,188,232,2,9,5,9,7,0,0,0,0,0,0,3,11,0,47,5111,1149,0,40-49,2,High-Value Store Loyalists,1.2192262082854568,0.17097725053041374,1,0.9510719864435505,High-Value Store Customers
78,1969,Graduation,Married,25293.0,1,0,2013-09-15,51,15,0,11,0,2,9,1,1,1,2,8,0,0,0,0,0,0,3,11,0,56,4735,37,1,50-59,0,Recent Low-Value Customers,-2.3657151167005797,0.1321011449962644,0,0.9903795618596305,Low-Value Customers
5441,1965,PhD,Widow,54111.0,0,1,2013-08-25,97,267,6,54,8,3,50,2,5,2,6,5,0,0,0,0,0,0,3,11,0,60,4756,388,1,50-59,4,High-Value Omnichannel Customers,0.10912131013289204,1.4700531652041207,2,0.9929603392352927,Mid-Value Active Customers
5302,1986,Graduation,Together,78394.0,0,0,2013-02-15,13,298,27,697,216,24,166,1,4,6,5,2,0,0,0,0,0,0,3,11,1,39,4947,1428,0,30-39,3,Dormant / Disengaged Customers,1.3475198186659811,-0.8290249895690002,1,0.9977992779267747,High-Value Store Customers
4687,1958,Master,Married,80739.0,0,0,2013-05-23,92,674,92,736,39,0,92,1,3,11,9,1,0,0,0,0,0,0,3,11,0,67,4850,1633,0,60-69,1,High-Value At-Risk Customers,2.5311553689693262,2.0132962805667525,1,0.9991278524236341,High-Value Store Customers
1087,1975,Master,Together,22669.0,1,0,2013-05-22,30,16,14,36,37,22,48,3,4,1,2,9,0,0,0,0,0,0,3,11,1,50,4851,173,1,40-49,0,Recent Low-Value Customers,-2.134707411371192,-1.031186943963658,2,0.998482120446373,Mid-Value Active Customers
6859,1987,Graduation,Single,29236.0,1,0,2013-10-08,30,37,4,24,16,9,9,2,4,0,3,9,0,0,0,0,0,0,3,11,0,38,4712,99,1,30-39,0,Recent Low-Value Customers,-2.07424780580946,-1.1505002671447566,0,0.7896106038236067,Low-Value Customers
9860,1959,Graduation,Together,44911.0,0,1,2013-03-15,11,159,0,22,2,1,31,3,4,1,4,7,0,0,0,0,0,0,3,11,0,66,4919,215,1,60-69,5,Low-Engagement Mature Customers,-0.891153732986321,-1.2353995234767494,2,0.9998557196884367,Mid-Value Active Customers
7129,1962,PhD,Married,54693.0,0,1,2013-02-17,72,686,17,142,23,26,35,8,6,4,13,6,0,0,0,0,0,0,3,11,0,63,4945,929,1,60-69,2,High-Value Store Loyalists,1.6055989655434155,0.3083126685709728,1,0.9507198797300318,High-Value Store Customers
5866,1974,Graduation,Together,48186.0,1,0,2014-03-20,39,97,3,66,12,7,34,3,4,1,4,7,0,0,0,0,0,0,3,11,0,51,4549,219,1,50-59,0,Recent Low-Value Customers,-1.001951721291057,-0.4995825271714147,2,0.9997579638009763,Mid-Value Active Customers
10521,1977,Graduation,Married,54809.0,1,1,2013-09-11,0,63,6,57,13,13,22,4,2,1,5,4,0,0,0,0,0,0,3,11,1,48,4739,174,2,40-49,0,Recent Low-Value Customers,-0.6202732795097359,-1.1757054029246663,2,0.9998681303744706,Mid-Value Active Customers
7393,1978,Graduation,Together,41580.0,1,1,2012-12-10,15,56,5,24,4,0,3,3,2,1,3,5,0,0,0,0,0,0,3,11,0,47,5014,92,2,40-49,0,Recent Low-Value Customers,-1.392023753061566,-0.8156357261894249,0,0.8941428446567382,Low-Value Customers
7849,1970,PhD,Married,80336.0,0,0,2013-09-09,12,209,19,456,160,142,66,1,2,9,13,1,0,0,0,0,0,0,3,11,0,55,4741,1052,0,50-59,3,Dormant / Disengaged Customers,2.3166593153502126,-0.5517166787645156,1,0.9984064956925172,High-Value Store Customers
332,1957,Graduation,Married,47743.0,0,1,2013-03-22,56,198,2,43,0,12,20,3,4,1,6,6,0,1,0,0,0,0,3,11,0,68,4912,275,1,60-69,5,Low-Engagement Mature Customers,-0.3056733641912466,0.25337598176269277,2,0.9997613042339362,Mid-Value Active Customers
9847,1955,2n Cycle,Married,62972.0,0,1,2012-08-03,39,313,15,47,20,0,192,2,7,4,3,6,0,0,0,0,0,0,3,11,0,70,5143,587,1,60-69,5,Low-Engagement Mature Customers,0.224878467737356,-0.4856588796181136,1,0.6039231408005915,High-Value Store Customers
531,1954,PhD,Divorced,57333.0,0,1,2012-09-22,55,941,14,397,76,58,176,11,8,5,9,6,0,0,0,0,0,0,3,11,1,71,5093,1662,1,70+,2,High-Value Store Loyalists,2.0489006284537705,-0.28430061277511764,1,0.9406996820012596,High-Value Store Customers
9576,1982,PhD,Together,32313.0,1,0,2013-02-11,60,86,4,56,2,4,7,3,4,0,4,9,0,0,0,0,0,0,3,11,0,43,4951,159,1,40-49,4,High-Value Omnichannel Customers,-1.7511033491079349,-0.19172568276803778,2,0.9935674583476141,Mid-Value Active Customers
6906,1953,Master,Widow,84953.0,0,0,2013-06-03,73,167,48,602,63,72,72,1,3,10,4,2,0,1,1,1,0,0,3,11,1,72,4839,1024,0,70+,1,High-Value At-Risk Customers,1.270336218096513,1.5050984925724173,1,0.9795126446865133,High-Value Store Customers
7419,1968,Master,Divorced,27071.0,1,0,2014-04-23,90,8,3,19,0,2,3,2,2,0,3,6,0,0,0,0,0,0,3,11,0,57,4515,35,1,50-59,4,High-Value Omnichannel Customers,-1.7252450205299226,1.457643265736579,0,0.9942143235040962,Low-Value Customers
3170,1957,Master,Together,68148.0,0,0,2013-08-31,86,389,66,408,37,57,85,1,4,4,6,2,0,0,0,0,0,0,3,11,0,68,4750,1042,0,60-69,1,High-Value At-Risk Customers,1.3482129991491656,1.67446081864581,1,0.9995007876377523,High-Value Store Customers
8527,1965,Master,Together,65735.0,1,1,2013-12-07,37,239,7,119,4,15,11,5,6,2,6,7,0,0,0,0,0,0,3,11,0,60,4652,395,2,50-59,2,High-Value Store Loyalists,0.1430816319332234,-0.7099194308397514,2,0.9925020944912833,Mid-Value Active Customers
7872,1975,PhD,Married,86836.0,0,0,2012-09-12,7,179,21,273,0,21,63,1,6,10,6,5,1,0,1,1,0,0,3,11,1,50,5103,557,0,40-49,2,High-Value Store Loyalists,0.8544992197797321,-1.4575107973203283,3,0.9959212229832956,High-Value Omnichannel Customers
9931,1963,PhD,Married,4023.0,1,1,2014-06-23,29,5,0,1,1,1,1,15,0,0,0,19,0,0,0,0,0,0,3,11,0,62,4454,9,2,60-69,0,Recent Low-Value Customers,-4.838922267662109,-1.6758109954415061,3,0.9999999999997762,High-Value Omnichannel Customers
10595,1990,Graduation,Married,30093.0,0,0,2013-07-08,19,2,6,28,13,4,16,1,2,0,3,7,0,0,0,0,0,0,3,11,0,35,4804,69,0,30-39,0,Recent Low-Value Customers,-2.080734842573534,-1.0642402268427373,0,0.9852677059762717,Low-Value Customers
4609,1966,PhD,Married,57705.0,0,1,2014-01-11,14,383,0,53,6,4,40,3,8,1,6,6,0,0,0,0,0,0,3,11,0,59,4617,486,1,50-59,2,High-Value Store Loyalists,0.46990786754464037,-1.5553785731163343,2,0.8194951739923625,Mid-Value Active Customers
5010,1988,Graduation,Single,25008.0,1,0,2014-02-02,72,2,8,8,6,1,9,2,1,0,3,8,0,0,0,0,0,0,3,11,0,37,4595,34,1,30-39,4,High-Value Omnichannel Customers,-2.4542845904945123,0.5809164150088156,0,0.989706872090836,Low-Value Customers
4427,1995,2n Cycle,Single,83257.0,0,0,2012-09-18,56,536,27,590,38,107,67,1,5,10,12,6,1,0,1,0,0,1,3,11,1,30,5097,1365,0,18-29,3,Dormant / Disengaged Customers,1.8250299961110952,-0.3141974570583403,3,0.9999996032584951,High-Value Omnichannel Customers
11148,1975,Graduation,Together,22280.0,1,0,2013-05-19,85,2,1,4,3,1,2,1,1,0,2,8,0,0,0,0,0,0,3,11,0,50,4854,13,1,40-49,4,High-Value Omnichannel Customers,-2.5069924305972116,1.1251670822854394,0,0.9812897941256987,Low-Value Customers
1168,1978,PhD,Married,72159.0,0,0,2012-10-29,62,322,53,899,34,40,53,1,4,6,10,2,0,0,0,0,0,0,3,11,0,47,5056,1401,0,40-49,3,Dormant / Disengaged Customers,2.046806629213589,0.6321297219404538,1,0.9977735860972053,High-Value Store Customers
9595,1961,Graduation,Together,64260.0,0,0,2013-01-11,1,539,169,816,20,0,30,1,4,5,4,3,0,0,0,0,0,0,3,11,1,64,4982,1574,0,60-69,1,High-Value At-Risk Customers,1.207075721370955,-1.0974326703284463,1,0.9942653140728328,High-Value Store Customers
10163,1984,PhD,Single,82733.0,0,0,2013-09-10,28,712,50,420,65,38,38,1,8,4,7,4,0,0,0,0,0,0,3,11,1,41,4740,1323,0,40-49,3,Dormant / Disengaged Customers,1.8839078028294234,-1.0506978194031298,1,0.9128297068321215,High-Value Store Customers
2886,1971,Master,Divorced,74290.0,0,1,2013-08-12,70,1121,0,72,0,12,12,4,10,8,10,6,0,1,0,1,0,0,3,11,0,54,4769,1217,1,50-59,2,High-Value Store Loyalists,2.2005205834221933,-0.16650397977390533,1,0.9480408151684376,High-Value Store Customers
6710,1951,Master,Single,58217.0,2,1,2012-11-17,84,68,1,13,3,5,13,1,2,0,4,6,0,0,0,0,0,0,3,11,0,74,5037,103,3,70+,5,Low-Engagement Mature Customers,-0.7301401124215694,1.4753097523816958,0,0.5917157333704844,Low-Value Customers
5316,1976,Master,Together,21024.0,0,0,2013-07-04,89,36,4,18,6,2,18,1,2,0,4,7,0,0,0,0,0,0,3,11,0,49,4808,84,0,40-49,4,High-Value Omnichannel Customers,-1.9037295821750906,1.194380334115791,0,0.9684742669563182,Low-Value Customers
9029,1972,PhD,Married,70116.0,0,0,2013-01-26,73,707,44,603,95,58,29,1,2,8,12,1,0,0,0,0,0,0,3,11,0,53,4967,1536,0,50-59,3,Dormant / Disengaged Customers,2.378170611701026,1.3073904422752831,1,0.998778100060566,High-Value Store Customers
521,1985,Graduation,Together,54006.0,1,0,2012-09-18,42,174,77,203,6,24,97,2,8,1,7,7,0,0,0,0,0,0,3,11,0,40,5097,581,1,30-39,2,High-Value Store Loyalists,0.24768461335231848,-1.0178292997201814,2,0.9779204927817178,Mid-Value Active Customers
1459,1966,PhD,Married,69063.0,0,1,2012-11-07,16,666,35,124,69,8,26,1,5,3,5,3,0,0,0,0,0,0,3,11,0,59,5047,928,1,50-59,1,High-Value At-Risk Customers,0.9742692003130654,-0.778923351949101,1,0.9959855847592266,High-Value Store Customers
10241,1975,2n Cycle,Divorced,11448.0,0,0,2013-12-15,16,0,0,0,6,2,6,1,1,0,2,6,0,0,0,0,0,0,3,11,0,50,4644,14,0,40-49,0,Recent Low-Value Customers,-2.420277533339216,-0.8066435315594058,0,0.9997206384011658,Low-Value Customers
1630,1979,Graduation,Single,61825.0,0,1,2013-08-07,56,162,50,100,55,30,27,1,4,2,8,4,0,0,0,0,0,0,3,11,0,46,4774,424,1,40-49,3,Dormant / Disengaged Customers,0.4156247215917551,0.26026660426501463,2,0.8911926797301959,Mid-Value Active Customers
3254,1971,Graduation,Married,70886.0,1,0,2013-10-14,65,407,70,239,103,88,53,1,5,4,4,2,0,0,0,0,0,0,3,11,0,54,4706,960,1,50-59,3,Dormant / Disengaged Customers,0.9954200271046652,0.8399636640735988,1,0.9958344397939942,High-Value Store Customers
9064,1982,Graduation,Married,69109.0,0,0,2012-11-09,10,823,25,459,124,29,95,1,6,6,7,4,0,0,1,0,0,0,3,11,1,43,5045,1555,0,40-49,3,Dormant / Disengaged Customers,1.57730316708884,-1.4116813222290865,1,0.9826644813236272,High-Value Store Customers
3678,1973,Graduation,Widow,60208.0,1,1,2012-10-07,13,488,23,71,15,0,59,11,8,3,7,7,0,1,0,0,0,0,3,11,1,52,5078,656,2,50-59,2,High-Value Store Loyalists,0.5665167048668954,-1.793888861258604,2,0.9077784246623051,Mid-Value Active Customers
4227,1968,Master,Together,32889.0,1,1,2013-09-06,78,28,0,13,4,2,8,3,2,1,3,5,0,0,0,0,0,0,3,11,0,57,4744,55,2,50-59,4,High-Value Omnichannel Customers,-1.4481848014913108,1.2151459746406494,0,0.9950114703394686,Low-Value Customers
9467,1984,Graduation,Single,34738.0,1,0,2014-05-11,51,3,2,10,3,0,2,1,1,0,3,6,0,0,0,0,0,0,3,11,0,41,4497,20,1,40-49,0,Recent Low-Value Customers,-1.931936278968933,0.2240570194536931,0,0.9544825112377453,Low-Value Customers
8486,1971,Master,Together,30538.0,1,0,2012-10-01,27,284,0,52,8,3,20,4,9,0,4,10,0,0,0,0,0,0,3,11,0,54,5084,367,1,50-59,2,High-Value Store Loyalists,-0.9734717216155622,-1.7866804996591377,3,0.9004945115863748,High-Value Omnichannel Customers
2186,1977,2n Cycle,Together,82326.0,0,0,2014-03-10,30,938,142,754,159,81,183,1,5,10,6,2,0,1,1,1,0,0,3,11,1,48,4559,2257,0,40-49,3,Dormant / Disengaged Customers,2.5132747382009466,-0.36973897871397676,1,0.9970339044765437,High-Value Store Customers
3286,1967,PhD,Divorced,26642.0,1,0,2014-03-01,71,13,2,15,2,2,8,2,2,0,3,6,0,0,0,0,0,0,3,11,0,58,4568,42,1,50-59,4,High-Value Omnichannel Customers,-1.720178523042961,0.8760235304591755,0,0.9963299509564078,Low-Value Customers
8602,1964,Graduation,Divorced,69932.0,0,1,2013-06-12,97,412,172,153,150,105,57,2,7,6,11,4,0,0,0,0,0,0,3,11,0,61,4830,1049,1,60-69,1,High-Value At-Risk Customers,2.12458551027732,1.2706411549645722,1,0.9949070205972709,High-Value Store Customers
3722,1972,Graduation,Single,44503.0,1,1,2014-04-16,83,31,1,8,0,0,8,2,2,0,3,6,0,0,0,0,0,0,3,11,0,53,4522,48,2,50-59,4,High-Value Omnichannel Customers,-1.4369509749617129,1.2422088887467397,0,0.9443074225207243,Low-Value Customers
6715,1948,PhD,Single,60200.0,0,1,2013-01-02,3,502,19,132,0,6,26,6,6,2,11,6,0,0,0,0,0,0,3,11,0,77,4991,685,1,70+,2,High-Value Store Loyalists,1.364814365974862,-1.6326449072739366,1,0.8315502417784724,High-Value Store Customers
4796,1952,Graduation,Divorced,49638.0,0,1,2014-04-19,71,18,10,3,3,5,0,1,1,0,3,2,0,0,0,0,0,0,3,11,0,73,4519,39,1,70+,5,Low-Engagement Mature Customers,-0.6242075376427265,1.6479244840782914,0,0.9680864766180297,Low-Value Customers
9612,1987,2n Cycle,Single,23830.0,0,0,2014-02-07,3,1,8,6,4,8,16,1,1,0,3,7,0,0,0,0,0,0,3,11,0,38,4590,43,0,30-39,0,Recent Low-Value Customers,-2.320837872142655,-1.4371363579585272,0,0.9932011529699346,Low-Value Customers
3766,1959,Master,Widow,33051.0,0,0,2012-08-16,15,100,71,243,108,94,219,3,9,1,8,9,0,0,0,0,0,0,3,11,1,66,5130,835,0,60-69,2,High-Value Store Loyalists,0.34869537263429623,-2.0368107144075975,3,0.8329401112988445,High-Value Omnichannel Customers
1399,1958,Graduation,Married,72905.0,0,0,2014-01-21,52,407,114,445,181,165,203,1,3,7,9,1,0,0,0,1,0,0,3,11,0,67,4607,1515,0,60-69,1,High-Value At-Risk Customers,2.273806268988399,0.7578162598429912,1,0.9993790497714283,High-Value Store Customers
1570,1951,PhD,Together,69702.0,0,1,2013-02-19,8,664,9,240,50,19,57,2,7,7,10,4,0,0,0,0,0,0,3,11,0,74,4943,1039,1,70+,1,High-Value At-Risk Customers,2.1014679214508156,-1.3459569397932694,1,0.9916448226612865,High-Value Store Customers
3426,1975,Graduation,Divorced,70300.0,1,0,2013-07-15,89,1045,61,338,60,46,46,3,5,5,13,8,0,0,0,0,0,0,3,11,0,50,4797,1596,1,40-49,2,High-Value Store Loyalists,1.8668116597861433,0.6010996719730011,3,0.9999999999749605,High-Value Omnichannel Customers
3074,1984,PhD,Married,70643.0,0,0,2012-10-15,66,1218,107,304,23,143,33,1,5,8,4,6,0,0,0,0,0,0,3,11,1,41,5070,1828,0,40-49,3,Dormant / Disengaged Customers,0.948713443396801,0.24917884491710068,3,0.9981351832411173,High-Value Omnichannel Customers
8341,1969,PhD,Married,30396.0,1,0,2014-04-30,22,15,0,6,0,1,12,2,1,1,2,7,1,0,0,0,0,0,3,11,1,56,4508,34,1,50-59,0,Recent Low-Value Customers,-2.1259461733689964,-0.6389359095611882,0,0.9859644016655869,Low-Value Customers
5180,1968,PhD,Divorced,50616.0,0,1,2014-04-18,56,128,0,16,0,1,4,2,4,0,4,7,0,0,0,0,0,0,3,11,0,57,4520,149,1,50-59,4,High-Value Omnichannel Customers,-0.9375492515428699,0.09233347365692446,2,0.9909488260009528,Mid-Value Active Customers
6461,1969,Master,Single,62772.0,0,1,2013-05-19,74,581,49,157,43,8,108,1,5,6,11,2,0,1,0,0,0,0,3,11,0,56,4854,946,1,50-59,3,Dormant / Disengaged Customers,1.8781536264942011,0.9498494324112539,1,0.9951147423914867,High-Value Store Customers
7679,1985,PhD,Single,30298.0,0,0,2014-05-19,48,6,3,12,6,1,0,1,1,1,3,3,0,0,0,0,0,0,3,11,0,40,4489,28,0,30-39,0,Recent Low-Value Customers,-1.5601221417029172,0.4633215062908462,0,0.9996743738782081,Low-Value Customers
10702,1984,Graduation,Single,52413.0,1,0,2012-11-03,67,185,8,133,56,56,12,2,7,1,7,7,0,0,0,0,0,0,3,11,0,41,5051,450,1,40-49,2,High-Value Store Loyalists,-0.006759447595543784,-0.12253505524619236,2,0.9897347073416329,Mid-Value Active Customers
7505,1957,PhD,Married,44155.0,1,1,2014-01-19,24,22,1,9,0,0,14,1,1,1,2,4,0,0,0,0,0,0,3,11,0,68,4609,46,2,60-69,5,Low-Engagement Mature Customers,-1.2483214297849952,-0.08112631675191764,0,0.9230315257589213,Low-Value Customers
5113,1971,PhD,Divorced,86979.0,0,0,2013-11-07,67,584,100,835,65,83,35,1,5,5,5,2,1,0,0,0,0,0,3,11,1,54,4682,1702,0,50-59,3,Dormant / Disengaged Customers,2.070074989133739,0.8890264555969573,1,0.9927614719049118,High-Value Store Customers
10858,1975,Graduation,Together,76532.0,1,1,2013-09-09,38,355,30,177,90,138,30,4,9,5,7,5,0,0,0,0,0,0,3,11,0,50,4741,820,2,40-49,2,High-Value Store Loyalists,1.4345667265983555,-0.8792175534699188,1,0.7798910775881526,High-Value Store Customers
2961,1982,Graduation,Married,42081.0,1,0,2013-02-26,86,175,10,110,54,6,27,2,6,3,4,6,1,0,0,0,0,0,3,11,0,43,4936,382,1,40-49,4,High-Value Omnichannel Customers,-0.6453459083693084,0.7641034707329855,2,0.9914519160912832,Mid-Value Active Customers
2747,1988,PhD,Married,67546.0,0,0,2012-08-31,90,864,134,768,150,38,172,1,4,10,5,3,0,0,0,0,0,0,3,11,0,37,5115,2126,0,30-39,3,Dormant / Disengaged Customers,1.5737247620475097,1.3762543913394878,1,0.988978302799329,High-Value Store Customers
3010,1989,Master,Together,88420.0,0,0,2014-05-02,87,957,153,612,99,95,153,1,4,7,8,1,1,0,1,1,0,0,3,11,0,36,4506,2069,0,30-39,3,Dormant / Disengaged Customers,2.6505050024671517,1.4852291475569241,1,0.9972305735618415,High-Value Store Customers
5790,1985,Graduation,Married,31158.0,1,0,2013-01-27,62,25,6,16,20,0,5,2,2,0,3,8,0,0,0,0,0,0,3,11,0,40,4966,72,1,30-39,4,High-Value Omnichannel Customers,-2.1397461957063286,0.20234682656002853,0,0.9822733647035576,Low-Value Customers
6892,1968,Graduation,Divorced,61671.0,0,1,2014-06-03,23,641,7,56,0,0,28,8,10,4,6,8,0,1,0,1,0,0,3,11,0,57,4474,732,1,50-59,2,High-Value Store Loyalists,0.6876826228104478,-1.747007661395346,2,0.6300354197826695,Mid-Value Active Customers
1743,1974,Graduation,Single,69719.0,0,0,2014-05-26,99,273,86,208,177,14,43,1,2,3,5,1,0,0,0,0,0,0,3,11,0,51,4482,801,0,50-59,3,Dormant / Disengaged Customers,0.7129986880876995,2.2901998176681104,1,0.999944849699047,High-Value Store Customers
3578,1949,Graduation,Divorced,49160.0,0,1,2013-10-20,29,122,21,43,25,10,15,2,3,1,6,6,0,0,0,0,0,0,3,11,0,76,4700,236,1,70+,5,Low-Engagement Mature Customers,-0.35406965142953933,-0.39609461784157873,2,0.9998830146421335,Mid-Value Active Customers
8462,1978,Basic,Together,24882.0,1,0,2012-09-09,52,1,4,10,29,0,36,1,1,1,2,6,1,0,0,0,0,0,3,11,0,47,5106,80,1,40-49,0,Recent Low-Value Customers,-2.139069204670828,0.3111117233789374,0,0.7254923309801053,Low-Value Customers
5558,1954,PhD,Single,90933.0,0,0,2014-03-31,90,1020,31,430,62,63,79,1,4,6,4,1,0,0,1,0,0,0,3,11,0,71,4538,1685,0,70+,1,High-Value At-Risk Customers,2.2190045006771353,2.02275095092477,1,0.9979444016252654,High-Value Store Customers
4619,1945,PhD,Single,113734.0,0,0,2014-05-28,9,6,2,3,1,262,3,0,27,0,0,1,0,0,0,0,0,0,3,11,0,80,4480,277,0,70+,2,High-Value Store Loyalists,4.02044907812543,-2.7173525835308716,3,1.0,High-Value Omnichannel Customers
8780,1950,PhD,Together,59292.0,0,1,2013-06-13,71,378,14,68,19,14,14,2,3,5,8,3,0,0,0,0,0,0,3,11,0,75,4829,507,1,70+,1,High-Value At-Risk Customers,0.8169801459764505,1.2156421176269174,1,0.9743633528121994,High-Value Store Customers
10789,1964,PhD,Married,45759.0,1,1,2013-02-23,13,42,1,18,3,0,4,2,2,0,3,7,0,0,0,0,0,0,3,11,0,61,4939,68,2,60-69,5,Low-Engagement Mature Customers,-1.4709760901458673,-0.9708434176334434,0,0.9609656858519016,Low-Value Customers
10779,1983,Graduation,Single,22148.0,0,0,2014-04-13,16,15,5,14,0,4,11,1,1,0,3,7,0,0,0,0,0,0,3,11,0,42,4525,49,0,40-49,0,Recent Low-Value Customers,-2.295195304940492,-1.0001388652591017,0,0.9930203391194135,Low-Value Customers
5896,1987,Master,Married,73395.0,0,0,2014-03-18,94,272,7,80,20,7,11,1,4,4,6,2,0,0,0,0,0,0,3,11,0,38,4551,397,0,30-39,3,Dormant / Disengaged Customers,0.5390224272401407,1.675559191164022,2,0.5598848481690086,Mid-Value Active Customers
2337,1971,Graduation,Divorced,29819.0,1,0,2013-10-24,77,9,1,24,2,1,2,3,3,0,3,6,0,0,0,0,0,0,3,11,0,54,4696,39,1,50-59,4,High-Value Omnichannel Customers,-1.5774138627116927,0.923079449454443,0,0.9923563251819137,Low-Value Customers
10951,1968,Graduation,Married,45688.0,0,1,2014-01-25,20,279,0,18,0,0,9,2,3,1,8,4,0,1,0,0,0,0,3,11,0,57,4603,306,1,50-59,5,Low-Engagement Mature Customers,0.004602986358127617,-0.67781687004686,2,0.915238055307666,Mid-Value Active Customers
544,1954,Graduation,Married,62820.0,0,0,2013-05-11,51,398,61,265,138,61,53,1,3,4,6,1,0,0,0,0,0,0,3,11,0,71,4862,976,0,70+,1,High-Value At-Risk Customers,1.2408775876672418,0.8326878357318174,1,0.9997394269817893,High-Value Store Customers
17,1971,PhD,Married,60491.0,0,1,2013-09-06,81,637,47,237,12,19,76,4,6,11,7,5,0,0,0,0,0,0,3,11,0,54,4744,1028,1,50-59,2,High-Value Store Loyalists,0.9698476668491859,0.7763920840603377,1,0.9715157419686924,High-Value Store Customers
10680,1986,Graduation,Together,33235.0,1,0,2014-02-05,71,45,0,16,2,1,6,1,3,0,3,7,0,0,0,0,0,0,3,11,0,39,4592,70,1,30-39,4,High-Value Omnichannel Customers,-1.8255593731009272,0.48550670067865276,0,0.9688637071445155,Low-Value Customers
3265,1959,Graduation,Married,35701.0,0,0,2013-03-19,36,21,1,9,7,3,5,1,1,0,3,6,0,0,0,0,0,0,3,11,0,66,4915,46,0,60-69,5,Low-Engagement Mature Customers,-1.5906258124062669,-0.005797438135208315,0,0.973907324919055,Low-Value Customers
5623,1980,Master,Married,31535.0,1,0,2013-09-26,95,15,4,13,0,0,19,1,1,1,2,7,1,0,0,0,0,0,3,11,0,45,4724,51,1,40-49,4,High-Value Omnichannel Customers,-2.2053706725463074,1.525911745679858,0,0.9769154011651839,Low-Value Customers
5832,1960,2n Cycle,Together,92556.0,0,0,2014-04-20,32,493,183,352,184,23,28,0,3,5,13,0,0,0,0,0,0,0,3,11,0,65,4518,1263,0,60-69,1,High-Value At-Risk Customers,3.1384308858822316,0.19190860806972387,1,0.9965098238540475,High-Value Store Customers
5544,1970,Graduation,Single,67384.0,0,1,2012-11-10,32,957,40,175,158,53,107,2,7,8,5,5,0,1,0,0,0,0,3,11,0,55,5044,1490,1,50-59,2,High-Value Store Loyalists,1.3296522808378222,-0.7957563500770458,1,0.9548117815330902,High-Value Store Customers
6417,1971,Master,Together,80573.0,0,0,2012-10-14,85,829,138,430,60,92,15,1,4,6,13,2,0,0,0,0,0,0,3,11,0,54,5071,1564,0,50-59,3,Dormant / Disengaged Customers,2.8713442949544397,1.352402939498176,1,0.9907745118618017,High-Value Store Customers
5831,1967,Graduation,Married,77870.0,0,1,2012-08-22,93,1017,50,500,65,50,133,3,5,5,5,8,0,1,0,1,0,0,3,11,1,58,5124,1815,1,50-59,2,High-Value Store Loyalists,1.1263725768559707,1.0045636268593086,3,0.9999999999999609,High-Value Omnichannel Customers
7101,1963,PhD,Widow,52278.0,0,1,2013-01-25,24,953,0,71,0,0,174,6,10,5,10,8,0,0,0,0,0,0,3,11,0,62,4968,1198,1,60-69,2,High-Value Store Loyalists,1.5482209597484706,-1.8037675443438714,1,0.924607624838019,High-Value Store Customers
10176,1968,Graduation,Single,57107.0,0,1,2012-08-24,44,159,0,120,0,0,137,7,4,4,8,8,0,1,0,0,1,0,3,11,1,57,5122,416,1,50-59,2,High-Value Store Loyalists,-0.16421865940127275,-0.48913906870507645,3,0.9938849140344392,High-Value Omnichannel Customers
2326,1990,Graduation,Married,18929.0,0,0,2013-02-16,15,32,0,8,23,4,18,1,1,0,4,6,0,0,0,0,0,0,3,11,0,35,4946,85,0,30-39,0,Recent Low-Value Customers,-2.1114845155188946,-1.012332581171222,0,0.8959856135358678,Low-Value Customers
4385,1981,PhD,Single,36038.0,1,0,2013-05-31,82,23,0,15,0,2,7,2,3,0,3,6,0,0,0,0,0,0,3,11,0,44,4842,47,1,40-49,4,High-Value Omnichannel Customers,-1.5744240746504745,0.9984314311101038,0,0.9591417750537,Low-Value Customers
2929,1976,Graduation,Single,20180.0,0,0,2013-02-20,27,18,42,24,15,20,18,1,2,1,4,7,0,0,0,0,0,0,3,11,0,49,4942,137,0,40-49,0,Recent Low-Value Customers,-1.8911482599682636,-0.7339041464920544,2,0.9887333602109564,Mid-Value Active Customers
10686,1965,PhD,Together,34230.0,1,1,2012-12-26,72,15,0,4,0,0,2,1,1,0,2,7,0,0,0,0,0,0,3,11,0,60,4998,21,2,50-59,4,High-Value Omnichannel Customers,-2.0028539384151673,0.9598256694486698,0,0.9758601725684487,Low-Value Customers
2546,1977,2n Cycle,Single,31878.0,0,1,2014-06-22,7,23,4,5,10,5,23,1,1,0,4,3,0,0,0,0,0,0,3,11,0,48,4455,70,1,40-49,0,Recent Low-Value Customers,-1.2622716334559383,-0.7564777618889972,0,0.9983074967848075,Low-Value Customers
3283,1972,2n Cycle,Married,70932.0,0,1,2014-01-19,57,200,193,100,46,185,185,2,6,2,12,3,0,0,0,0,0,0,3,11,0,53,4609,909,1,50-59,3,Dormant / Disengaged Customers,2.0841124499711143,0.16318241319879281,1,0.9962365970480296,High-Value Store Customers
3138,1956,Graduation,Single,91249.0,0,0,2012-10-20,84,1324,27,119,71,108,27,0,7,9,6,4,0,1,1,1,1,0,3,11,1,69,5065,1676,0,60-69,1,High-Value At-Risk Customers,2.419659459819246,1.090866931138995,1,0.5321077259628193,High-Value Store Customers
4994,1943,Master,Single,77598.0,0,0,2013-10-01,53,1193,33,281,129,66,33,1,7,5,13,3,0,0,1,0,0,0,3,11,0,82,4719,1735,0,70+,1,High-Value At-Risk Customers,3.5374429569900565,0.16451739422938783,1,0.9808764531804196,High-Value Store Customers
7966,1959,Graduation,Single,80982.0,1,1,2013-01-08,48,505,137,401,104,22,22,3,11,5,11,5,0,0,0,0,0,1,3,11,0,66,4985,1191,2,60-69,2,High-Value Store Loyalists,2.8776770230445767,-0.7366476403057287,1,0.7045933929426357,High-Value Store Customers
3112,1977,Master,Married,22701.0,1,0,2013-09-05,2,2,4,9,0,4,5,1,1,0,3,5,0,0,0,0,0,0,3,11,0,48,4745,24,1,40-49,0,Recent Low-Value Customers,-1.928546205682306,-1.1415361878164023,0,0.9995496802106139,Low-Value Customers
10872,1969,PhD,Married,55212.0,0,1,2012-11-23,65,1103,0,45,0,0,34,3,4,2,11,8,0,1,0,0,1,0,3,11,0,56,5031,1182,1,50-59,2,High-Value Store Loyalists,0.8765279207298345,0.049794248712384276,3,0.9999999984110559,High-Value Omnichannel Customers
2181,1970,Graduation,Married,70617.0,0,0,2013-06-23,45,353,61,753,40,46,27,1,3,3,7,2,0,0,0,0,0,0,3,11,0,55,4819,1280,0,50-59,3,Dormant / Disengaged Customers,1.438889104683729,0.3620624650780278,1,0.9988424924624175,High-Value Store Customers
1867,1957,Graduation,Single,64849.0,0,0,2012-11-13,42,652,48,350,94,84,108,1,9,3,6,5,0,0,0,0,0,0,3,11,1,68,5041,1336,0,60-69,2,High-Value Store Loyalists,1.7247725915830345,-0.6063212967840506,1,0.9093686629560956,High-Value Store Customers
1518,1965,Master,Married,62694.0,1,1,2013-06-17,29,379,6,157,25,91,91,5,9,3,7,7,0,0,0,0,0,0,3,11,0,60,4825,749,2,50-59,2,High-Value Store Loyalists,0.9263237213999209,-1.3287582910922138,1,0.5215064192203085,High-Value Store Customers
5734,1974,PhD,Married,61917.0,1,1,2013-11-20,83,46,4,36,2,2,1,1,2,0,4,5,0,0,0,0,0,0,3,11,0,51,4669,91,2,50-59,4,High-Value Omnichannel Customers,-0.7978118117655508,1.3548274626379277,0,0.6444200506126423,Low-Value Customers
2878,1947,PhD,Married,67472.0,0,1,2013-09-28,93,162,31,127,8,17,69,2,4,2,7,3,0,0,0,0,0,0,3,11,0,78,4722,414,1,70+,1,High-Value At-Risk Customers,0.9218684594688963,1.8638262464232447,2,0.9043647125340568,Mid-Value Active Customers
1458,1982,Master,Married,21059.0,1,0,2014-01-07,40,8,3,19,3,3,8,3,3,0,3,6,0,0,0,0,0,0,3,11,0,43,4621,44,1,40-49,0,Recent Low-Value Customers,-1.8819908684775604,-0.34877193285935076,0,0.9999029795150761,Low-Value Customers
7007,1968,Master,Married,29543.0,2,0,2014-04-01,47,17,3,18,3,4,18,2,3,1,2,7,0,0,0,0,0,0,3,11,0,57,4537,63,2,50-59,0,Recent Low-Value Customers,-1.8332436067997284,-0.07454893714417409,0,0.8802955966736068,Low-Value Customers
6200,1951,Graduation,Married,75903.0,0,1,2013-04-08,50,340,108,185,130,38,100,2,6,6,9,3,0,0,0,0,0,0,3,11,0,74,4895,901,1,70+,1,High-Value At-Risk Customers,1.9881037671886146,0.2274010830184994,1,0.9965406748526865,High-Value Store Customers
1403,1975,2n Cycle,Together,34984.0,1,1,2012-09-06,40,8,4,15,3,5,3,2,1,0,3,7,0,0,0,0,0,0,3,11,0,50,5109,38,2,40-49,0,Recent Low-Value Customers,-1.9590080420633147,-0.15043952990241505,0,0.9863741794319649,Low-Value Customers
4827,1956,PhD,Single,54998.0,0,1,2013-03-10,3,154,22,202,39,30,8,5,4,2,9,4,0,0,0,0,0,0,3,11,1,69,4924,455,1,60-69,5,Low-Engagement Mature Customers,0.7259950694946687,-1.2101746977463923,2,0.6547331797144575,Mid-Value Active Customers
6250,1949,PhD,Widow,54356.0,0,1,2012-11-19,62,710,15,30,20,0,0,3,11,2,8,8,0,0,0,0,0,0,3,11,1,76,5035,775,1,70+,2,High-Value Store Loyalists,1.2527798478730754,-0.5340693112904201,2,0.5582829863164178,Mid-Value Active Customers
9291,1959,Master,Married,34242.0,0,1,2014-03-23,25,8,2,4,0,0,1,1,0,0,3,5,0,0,0,0,0,0,3,11,0,66,4546,15,1,60-69,5,Low-Engagement Mature Customers,-1.6260003160713838,-0.12308708574311888,0,0.9519947755876065,Low-Value Customers
2478,1973,Graduation,Married,25410.0,1,0,2013-08-31,48,2,2,4,13,13,4,1,1,0,4,4,0,0,0,0,0,0,3,11,0,52,4750,38,1,50-59,0,Recent Low-Value Customers,-1.5052605886336348,0.42264656820875945,0,0.9990657610547712,Low-Value Customers
1139,1984,PhD,Married,73356.0,0,0,2014-02-06,56,1050,14,322,0,14,112,1,5,11,5,2,1,0,1,1,0,0,3,11,1,41,4591,1512,0,40-49,3,Dormant / Disengaged Customers,1.49198608517776,0.40106815825145,1,0.9954723297435832,High-Value Store Customers
5138,1950,Graduation,Together,28320.0,0,1,2013-01-14,68,19,1,14,3,2,4,1,1,0,3,8,0,0,0,0,0,0,3,11,0,75,4979,43,1,70+,5,Low-Engagement Mature Customers,-1.92152838963357,0.8203755104697653,0,0.9757433013952314,Low-Value Customers
5393,1977,Graduation,Single,23763.0,1,0,2012-08-07,64,22,0,6,6,2,6,1,1,0,3,7,0,0,0,0,0,0,3,11,0,48,5139,42,1,40-49,4,High-Value Omnichannel Customers,-2.184904531677022,0.5500234746907112,0,0.989454459443009,Low-Value Customers
10413,1984,Graduation,Married,72570.0,0,0,2014-04-25,67,274,83,216,151,141,224,1,4,6,12,1,0,0,0,0,0,0,3,11,0,41,4513,1089,0,40-49,3,Dormant / Disengaged Customers,2.164987313782841,0.8114775644859042,1,0.998449624180535,High-Value Store Customers
5015,1976,Master,Married,34529.0,1,0,2012-09-14,94,68,6,38,3,6,41,2,2,2,3,7,0,0,0,0,0,0,3,11,0,49,5101,162,1,40-49,4,High-Value Omnichannel Customers,-1.728332145834013,1.4020637476189868,2,0.999904722426505,Mid-Value Active Customers
10868,1951,Graduation,Widow,70792.0,0,0,2013-02-06,82,344,45,654,104,11,114,2,3,4,10,3,0,0,0,0,0,0,3,11,0,74,4956,1272,0,70+,1,High-Value At-Risk Customers,1.9605281784669246,1.4991040951171863,1,0.9845045355525357,High-Value Store Customers
10676,1982,Graduation,Married,63211.0,0,0,2012-11-02,3,145,193,459,205,26,145,2,3,8,7,2,0,0,0,0,0,0,3,11,1,43,5052,1173,0,40-49,3,Dormant / Disengaged Customers,1.0518497509340752,-1.0674366225811203,1,0.9986338030138029,High-Value Store Customers
2495,1974,Master,Married,83891.0,0,1,2014-06-20,24,217,38,350,111,85,15,1,4,7,10,1,0,0,0,0,0,0,3,11,0,51,4457,816,1,50-59,3,Dormant / Disengaged Customers,1.9671197512128076,-0.345655023181346,1,0.9983422780138359,High-Value Store Customers
7842,1968,Graduation,Single,36065.0,1,1,2013-03-31,54,18,7,34,10,2,3,3,3,0,3,8,0,0,0,0,0,0,3,11,0,57,4903,74,2,50-59,4,High-Value Omnichannel Customers,-1.707513336848143,0.015549021038115446,0,0.9226104189968727,Low-Value Customers
9955,1954,Graduation,Together,39898.0,0,1,2013-02-12,20,69,8,26,12,7,12,2,3,0,4,7,0,0,0,0,0,0,3,11,0,71,4950,134,1,70+,5,Low-Engagement Mature Customers,-1.123149310744827,-0.808774032602602,2,0.978691805694787,Mid-Value Active Customers
6663,1940,PhD,Single,51141.0,0,0,2013-07-08,96,144,0,7,0,0,6,1,3,1,4,5,0,0,0,0,0,0,3,11,0,85,4804,157,0,70+,5,Low-Engagement Mature Customers,-0.39368399827658035,1.9413048749046853,2,0.9998106567037718,Mid-Value Active Customers
2162,1976,Graduation,Married,56939.0,0,1,2013-09-18,19,256,34,103,90,29,49,2,3,3,10,3,0,0,0,0,0,0,3,11,0,49,4732,561,1,40-49,3,Dormant / Disengaged Customers,0.7787779372644085,-0.6981694334276828,1,0.9975571013733273,High-Value Store Customers
3434,1951,Graduation,Single,80872.0,0,0,2014-05-12,60,483,72,567,94,12,108,1,4,4,10,1,0,0,0,0,0,0,3,11,0,74,4496,1336,0,70+,1,High-Value At-Risk Customers,2.6389056334111145,0.9627785694226305,1,0.9992076466605433,High-Value Store Customers
7919,1976,PhD,Together,72335.0,0,0,2012-08-13,2,1285,105,653,28,21,0,1,10,4,8,8,0,0,0,0,0,0,3,11,1,49,5133,2092,0,40-49,2,High-Value Store Loyalists,2.223296263100966,-2.544827131508059,1,0.6778946978376404,High-Value Store Customers
5626,1964,PhD,Single,61798.0,0,0,2013-11-23,13,338,4,89,11,8,13,1,4,2,9,4,0,0,0,0,0,0,3,11,0,61,4666,463,0,60-69,1,High-Value At-Risk Customers,0.7656405771541779,-0.9595349291284817,2,0.6929443840786024,Mid-Value Active Customers
6428,1950,PhD,Widow,76842.0,0,0,2014-05-03,37,605,10,345,84,54,32,1,1,8,7,0,0,0,0,0,0,0,3,11,0,75,4505,1130,0,70+,1,High-Value At-Risk Customers,1.7138024849463191,0.7735183046777206,1,0.9999877543585705,High-Value Store Customers
8514,1976,Graduation,Together,29478.0,1,0,2014-01-17,59,8,0,7,3,1,1,1,1,0,3,6,0,0,0,0,0,0,3,11,0,49,4611,20,1,40-49,4,High-Value Omnichannel Customers,-1.93115180140988,0.5353967397753518,0,0.9787938653085352,Low-Value Customers
10448,1956,Graduation,Single,46998.0,0,1,2012-10-22,55,172,41,86,45,6,27,5,5,3,5,7,1,0,0,0,0,0,3,11,0,69,5063,377,1,60-69,5,Low-Engagement Mature Customers,-0.388619841905356,0.024395550843005237,2,0.9993747735552944,Mid-Value Active Customers
2109,1990,Graduation,Single,96843.0,0,0,2013-04-23,60,448,71,951,40,17,17,1,6,11,10,2,0,0,1,0,0,0,3,11,1,35,4880,1544,0,30-39,3,Dormant / Disengaged Customers,2.7503517383928338,0.2909050449466582,1,0.8360402068328671,High-Value Store Customers
7530,1950,PhD,Widow,56551.0,1,1,2014-05-07,48,67,4,32,17,2,16,3,2,1,4,4,0,0,0,0,0,0,3,11,0,75,4501,138,2,70+,5,Low-Engagement Mature Customers,-0.42145425695563377,0.5969948046119284,2,0.9986669876248221,Mid-Value Active Customers
8925,1965,Master,Married,70053.0,0,1,2013-07-03,38,512,53,98,81,179,89,3,8,5,10,5,0,0,0,0,0,0,3,11,0,60,4809,1012,1,50-59,2,High-Value Store Loyalists,1.9011581868680858,-0.7707231341462123,1,0.9765019853363629,High-Value Store Customers
3009,1962,PhD,Widow,71670.0,0,0,2013-07-09,8,1462,16,128,0,0,160,1,5,3,6,6,0,1,1,0,1,0,3,11,1,63,4803,1766,0,60-69,2,High-Value Store Loyalists,1.4607190667063408,-1.389030258267139,3,0.9992923626336062,High-Value Omnichannel Customers
6355,1978,Graduation,Married,44359.0,1,1,2014-06-17,19,20,0,14,7,3,1,3,2,0,4,3,0,0,0,0,0,0,3,11,0,47,4460,45,2,40-49,0,Recent Low-Value Customers,-0.9247990460202943,-0.47303883493643467,0,0.9936935245747609,Low-Value Customers
3517,1952,Graduation,Single,40887.0,1,1,2013-05-06,32,50,4,44,10,10,43,3,3,1,3,9,0,0,0,0,0,0,3,11,1,73,4867,161,2,70+,5,Low-Engagement Mature Customers,-1.5077357999047711,-0.6266681588804834,2,0.9907498587985595,Mid-Value Active Customers
1158,1966,Graduation,Divorced,48877.0,0,1,2014-01-05,27,102,1,15,2,0,24,1,3,0,4,7,0,0,0,0,0,0,3,11,0,59,4623,144,1,50-59,5,Low-Engagement Mature Customers,-1.0904342179330297,-0.6838617842600351,2,0.9905831960544803,Mid-Value Active Customers
6203,1947,Graduation,Together,74485.0,0,0,2013-08-24,58,499,149,815,173,49,49,1,6,7,12,3,0,0,0,0,0,0,3,11,0,78,4757,1734,0,70+,1,High-Value At-Risk Customers,3.151948712554277,0.4084831326660965,1,0.9894996061428624,High-Value Store Customers
7165,1972,Graduation,Together,64474.0,0,1,2013-10-22,59,381,35,172,56,86,93,2,8,2,10,5,0,0,0,0,0,0,3,11,0,53,4698,823,1,50-59,2,High-Value Store Loyalists,1.5568853477801197,-0.19076631597396843,1,0.9731086723284164,High-Value Store Customers
3595,1963,Graduation,Together,77226.0,0,1,2014-02-28,29,631,43,239,128,76,21,2,6,8,12,3,0,0,0,0,0,0,3,11,0,62,4569,1138,1,60-69,1,High-Value At-Risk Customers,2.498145381419853,-0.6150443690279005,1,0.9912365072140481,High-Value Store Customers
8537,1949,Graduation,Widow,72643.0,0,0,2013-02-27,60,526,80,553,123,94,53,1,3,10,7,2,0,0,0,1,0,0,3,11,1,76,4935,1429,0,70+,1,High-Value At-Risk Customers,1.8629147752503636,1.0241312316456692,1,0.9990476012549772,High-Value Store Customers
4331,1978,Master,Together,85738.0,0,0,2014-01-23,41,913,26,376,17,26,13,1,3,6,11,1,0,1,1,0,0,0,3,11,0,47,4605,1371,0,40-49,3,Dormant / Disengaged Customers,2.4383876392576833,0.21442698173236246,1,0.9962856883060967,High-Value Store Customers
6281,1966,Graduation,Divorced,55686.0,0,1,2013-02-14,27,673,0,199,37,47,26,2,6,3,5,4,1,0,0,0,0,0,3,11,0,59,4948,982,1,50-59,2,High-Value Store Loyalists,0.7498830730723883,-0.6963048783257737,1,0.9663952130695876,High-Value Store Customers
4338,1983,Graduation,Single,39062.0,1,0,2014-03-25,28,23,0,9,0,0,12,1,1,0,3,4,1,0,0,0,0,0,3,11,0,42,4544,44,1,40-49,0,Recent Low-Value Customers,-1.5164164604554355,-0.23666846057229277,0,0.9856731636619183,Low-Value Customers
2452,1971,Graduation,Together,34600.0,1,1,2013-01-01,8,199,33,60,8,3,15,5,5,2,5,8,0,0,0,0,0,0,3,11,1,54,4992,318,2,50-59,0,Recent Low-Value Customers,-1.0209203304967742,-1.718883366876645,2,0.9990931763198788,Mid-Value Active Customers
9507,1975,Graduation,Married,40794.0,0,1,2013-04-07,18,261,23,73,4,23,50,2,6,3,5,7,0,0,0,0,0,0,3,11,0,50,4896,434,1,40-49,0,Recent Low-Value Customers,-0.5661493623247027,-1.4274633262686756,2,0.9975007746374315,Mid-Value Active Customers
8360,1971,2n Cycle,Married,54690.0,1,1,2013-11-07,76,111,16,37,7,9,18,3,3,1,5,3,0,0,0,0,0,0,3,11,0,54,4682,198,2,50-59,4,High-Value Omnichannel Customers,-0.22250298835099058,1.2469371041132198,2,0.9755294548390709,Mid-Value Active Customers
10311,1969,Graduation,Married,4428.0,0,1,2013-10-05,0,16,4,12,2,4,321,0,25,0,0,1,0,0,0,0,0,0,3,11,0,56,4715,359,1,50-59,2,High-Value Store Loyalists,1.4720038062618694,-3.2561671624342723,3,1.0,High-Value Omnichannel Customers
5117,1963,2n Cycle,Married,32632.0,0,0,2012-08-02,32,63,151,137,153,19,53,2,4,4,8,5,0,0,0,0,0,0,3,11,0,62,5144,576,0,60-69,5,Low-Engagement Mature Customers,0.029658965632565985,-0.5239451405206491,1,0.5643933266769987,High-Value Store Customers
4867,1968,PhD,Single,38236.0,1,1,2013-09-20,2,58,0,18,2,0,10,4,3,0,4,7,0,0,0,0,0,0,3,11,0,57,4730,88,2,50-59,0,Recent Low-Value Customers,-1.368820701570374,-1.5010217143706963,0,0.8405901900595412,Low-Value Customers
9289,1979,Graduation,Married,36781.0,1,0,2014-04-10,16,29,1,17,0,3,13,1,2,1,2,8,0,0,0,0,0,0,3,11,1,46,4528,63,1,40-49,0,Recent Low-Value Customers,-2.126096973300394,-1.1318048273783827,0,0.9734364985548339,Low-Value Customers
10913,1984,Master,Single,31385.0,1,0,2012-12-05,56,3,2,12,0,1,9,1,1,0,2,8,1,0,0,0,0,0,3,11,1,41,5019,27,1,40-49,0,Recent Low-Value Customers,-2.4413291678624756,0.16089019127152224,0,0.9943366711408765,Low-Value Customers
3032,1984,Graduation,Married,24570.0,1,0,2013-02-27,97,28,34,62,11,14,44,3,4,0,4,9,0,0,0,0,0,0,3,11,0,41,4935,193,1,40-49,4,High-Value Omnichannel Customers,-1.8828655774086291,0.9191831887882829,2,0.9993872107244335,Mid-Value Active Customers
8524,1974,PhD,Divorced,25509.0,1,0,2012-09-18,15,40,3,30,10,7,11,3,3,0,3,9,0,0,0,0,0,0,3,11,1,51,5097,101,1,50-59,0,Recent Low-Value Customers,-2.12068840271073,-1.3937435297062752,0,0.8502142353063727,Low-Value Customers
3334,1951,Graduation,Married,94642.0,0,0,2014-02-12,35,879,143,797,106,143,143,0,5,7,9,1,0,0,1,1,0,0,3,11,0,74,4585,2211,0,70+,1,High-Value At-Risk Customers,3.6161391339607047,0.10345682881552762,1,0.9886727551900886,High-Value Store Customers
4470,1962,Master,Married,58646.0,0,1,2013-06-10,3,62,1,44,6,5,22,1,2,1,4,4,0,0,0,0,0,0,3,11,0,63,4832,140,1,60-69,5,Low-Engagement Mature Customers,-0.538615828222334,-0.9076689664732093,2,0.9983964216492707,Mid-Value Active Customers
1406,1975,Graduation,Single,53201.0,1,1,2013-02-12,49,280,7,81,20,0,27,8,6,3,5,7,0,0,0,0,0,0,3,11,0,50,4950,415,2,40-49,2,High-Value Store Loyalists,-0.34060980397258744,-0.4362074401622909,2,0.9983152853516447,Mid-Value Active Customers
8619,1957,Graduation,Together,21994.0,0,1,2012-12-24,4,9,0,6,3,1,3,1,0,0,3,5,0,0,0,0,0,0,3,11,0,68,5000,22,1,60-69,5,Low-Engagement Mature Customers,-1.83163306693507,-0.7844024826259507,0,0.9929095769954935,Low-Value Customers
10821,1978,Graduation,Married,57113.0,1,1,2013-02-06,45,182,4,33,0,2,42,6,4,1,5,7,0,0,0,0,0,0,3,11,0,47,4956,263,2,40-49,0,Recent Low-Value Customers,-0.6983731745178048,-0.3562844448810097,2,0.9966396852621582,Mid-Value Active Customers
4552,1991,Graduation,Married,51373.0,0,0,2013-06-22,37,83,2,101,64,26,117,1,3,5,3,4,0,0,0,0,0,0,3,11,0,34,4820,393,0,30-39,0,Recent Low-Value Customers,-0.8202991336397524,-0.2342556115884574,1,0.9661747046954382,High-Value Store Customers
898,1986,Graduation,Married,23477.0,1,0,2013-10-21,39,38,15,54,3,8,29,3,3,0,4,8,0,0,0,0,0,0,3,11,0,39,4699,147,1,30-39,0,Recent Low-Value Customers,-1.9607112422542559,-0.6744364522673856,2,0.9790569230456913,Mid-Value Active Customers
9797,1956,Graduation,Married,58116.0,0,1,2014-04-13,38,228,19,130,4,11,51,2,3,3,8,2,0,0,0,0,0,0,3,11,0,69,4525,443,1,60-69,1,High-Value At-Risk Customers,0.8128845137036231,0.25192589631991014,2,0.5396550361553806,Mid-Value Active Customers
10949,1963,PhD,Divorced,72968.0,0,0,2013-12-16,8,1092,37,592,145,37,55,1,5,5,8,3,0,0,0,1,0,0,3,11,1,62,4643,1958,0,60-69,1,High-Value At-Risk Customers,2.3879601718873062,-1.098477347419758,1,0.9884086443499676,High-Value Store Customers
8212,1971,Master,Married,39791.0,0,1,2013-03-28,89,85,15,27,13,13,21,2,3,1,4,7,0,0,0,0,0,0,3,11,0,54,4906,174,1,50-59,4,High-Value Omnichannel Customers,-1.2809212578100235,1.172006504977779,2,0.9999294250591421,Mid-Value Active Customers
6248,1947,Master,Single,91712.0,0,0,2013-10-17,47,1276,24,746,94,29,48,0,9,7,11,3,0,0,1,0,0,0,3,11,1,78,4703,2217,0,70+,1,High-Value At-Risk Customers,4.1329658604890875,-0.21299192686361776,1,0.8582971064707953,High-Value Store Customers
10164,1958,Graduation,Single,94472.0,0,1,2014-04-03,75,1017,33,417,108,100,16,1,5,5,5,5,0,1,1,0,0,0,3,11,0,67,4535,1691,1,60-69,1,High-Value At-Risk Customers,1.900978234295282,0.9245791759519212,3,0.9999996429745577,High-Value Omnichannel Customers
4547,1960,Graduation,Together,13672.0,1,1,2013-04-17,86,6,2,9,2,1,5,2,1,0,3,8,0,0,0,0,0,0,3,11,0,65,4886,25,2,60-69,4,High-Value Omnichannel Customers,-2.329686264908237,1.2524964246392127,0,0.9861203766632399,Low-Value Customers
6815,1980,2n Cycle,Married,96547.0,0,0,2014-05-23,4,448,21,125,52,101,62,0,7,6,8,2,1,0,1,1,0,0,3,11,1,45,4485,809,0,40-49,3,Dormant / Disengaged Customers,2.0737828214260587,-1.3894742595377139,3,0.6968931007078166,High-Value Omnichannel Customers
4122,1975,Graduation,Married,79205.0,0,0,2012-08-29,73,504,23,117,179,28,44,1,6,5,4,4,0,0,0,1,0,0,3,11,1,50,5117,895,0,40-49,3,Dormant / Disengaged Customers,0.8754525591817917,0.7281853613778376,1,0.7631480966839536,High-Value Store Customers
10841,1975,PhD,Together,56559.0,0,1,2012-12-25,46,226,22,133,41,31,31,3,4,3,8,4,0,0,0,0,0,0,3,11,0,50,4999,484,1,40-49,3,Dormant / Disengaged Customers,0.41333960320510627,-0.026715444961932046,2,0.6838768196661514,Mid-Value Active Customers
5370,1973,PhD,Married,32644.0,1,0,2013-01-16,38,239,3,141,0,7,23,4,7,1,6,8,1,0,0,0,0,0,3,11,0,52,4977,413,1,50-59,2,High-Value Store Loyalists,-0.5828680197619047,-1.0565222190591992,2,0.9784408193537467,Mid-Value Active Customers
176,1980,2n Cycle,Single,67506.0,0,1,2014-01-02,73,90,38,67,33,36,67,1,4,1,6,3,0,0,0,0,0,0,3,11,0,45,4626,331,1,40-49,3,Dormant / Disengaged Customers,0.29866668788611117,0.960768246316802,2,0.9459359380539735,Mid-Value Active Customers
4860,1970,Graduation,Single,24206.0,1,0,2013-03-08,66,7,2,8,3,2,3,1,1,0,3,6,0,0,0,0,0,0,3,11,0,55,4926,25,1,50-59,4,High-Value Omnichannel Customers,-1.9510550642485764,0.7967403530397791,0,0.9922397021816143,Low-Value Customers
10757,1967,PhD,Divorced,28420.0,1,0,2013-12-24,36,4,2,5,2,0,0,1,1,0,2,6,0,0,0,0,0,0,3,11,0,58,4635,13,1,50-59,0,Recent Low-Value Customers,-1.9988840167285178,-0.07200541111763352,0,0.9742693280595416,Low-Value Customers
4023,1970,Graduation,Married,22979.0,1,0,2012-09-06,29,16,17,19,20,21,22,3,3,2,2,8,0,0,0,0,0,0,3,11,1,55,5109,115,1,50-59,0,Recent Low-Value Customers,-2.095904157994785,-0.7862102585915711,2,0.8994919958987487,Mid-Value Active Customers
6679,1966,Graduation,Single,33279.0,0,0,2014-06-12,29,10,3,3,0,0,0,1,0,0,3,3,0,0,0,0,0,0,3,11,0,59,4465,16,0,50-59,5,Low-Engagement Mature Customers,-1.4199488428177787,0.1679829645431471,0,0.9929196715668963,Low-Value Customers
9923,1972,Master,Single,46423.0,1,1,2013-09-18,6,68,0,16,0,0,8,3,2,0,4,7,0,0,0,0,0,0,3,11,0,53,4732,92,2,50-59,0,Recent Low-Value Customers,-1.3919660237283717,-1.2867745586545531,0,0.7260359829997425,Low-Value Customers
7181,1977,Graduation,Married,30368.0,0,1,2013-11-07,97,35,0,13,2,0,2,2,2,0,3,8,0,0,0,0,0,0,3,11,0,48,4682,52,1,40-49,4,High-Value Omnichannel Customers,-2.064652633990652,1.362686690717024,0,0.9865343122977435,Low-Value Customers
3599,1970,Graduation,Married,63684.0,0,1,2012-11-26,61,575,80,428,208,93,80,3,8,4,8,5,0,0,0,0,0,0,3,11,0,55,5028,1464,1,50-59,2,High-Value Store Loyalists,1.8158092549742302,-0.08510070456796708,1,0.9674294742340697,High-Value Store Customers
405,1964,Graduation,Divorced,41638.0,0,1,2013-02-13,68,315,0,31,4,0,91,4,5,5,3,8,1,0,0,0,0,0,3,11,0,61,4949,441,1,60-69,4,High-Value Omnichannel Customers,-0.9751997200018169,0.2696981452104632,3,0.823980009526214,High-Value Omnichannel Customers
6870,1959,PhD,Divorced,68805.0,0,1,2013-09-17,73,182,2,49,17,13,20,1,3,1,7,2,0,0,0,0,0,0,3,11,0,66,4733,283,1,60-69,1,High-Value At-Risk Customers,0.7058729458962607,1.3644383371531787,2,0.8941330919626592,Mid-Value Active Customers
832,1966,PhD,Together,65814.0,0,1,2014-03-02,90,561,14,113,10,14,35,3,8,2,10,5,0,0,0,0,0,0,3,11,0,59,4567,747,1,50-59,2,High-Value Store Loyalists,1.5993829162257778,0.8334394475385395,1,0.8288610190673552,High-Value Store Customers
2002,1958,Graduation,Divorced,71964.0,0,0,2013-05-20,81,587,51,932,180,34,86,1,5,6,5,3,0,0,0,0,0,0,3,11,0,67,4853,1870,0,60-69,1,High-Value At-Risk Customers,1.937686623719929,1.2880665508871365,1,0.994263005816243,High-Value Store Customers
3657,1986,Graduation,Single,39146.0,1,0,2013-02-14,1,94,1,33,13,12,12,3,4,0,4,8,0,0,0,0,0,0,3,11,0,39,4948,165,1,30-39,0,Recent Low-Value Customers,-1.5278754238224255,-1.927861313477967,2,0.9982521819802807,Mid-Value Active Customers
500,1977,Graduation,Together,96876.0,0,0,2013-08-06,79,908,43,735,40,194,21,1,7,7,9,2,0,1,1,1,0,0,3,11,1,48,4775,1941,0,40-49,3,Dormant / Disengaged Customers,3.2363418067525993,0.9043288507019236,1,0.904527124280372,High-Value Store Customers
1951,1981,Basic,Married,34445.0,0,0,2013-01-27,92,228,122,122,208,129,30,6,11,2,8,9,0,0,0,0,0,0,3,11,0,44,4966,839,0,40-49,2,High-Value Store Loyalists,0.3954248213373492,-0.06800159977678534,2,0.6984268524742747,Mid-Value Active Customers
3262,1958,Graduation,Single,68281.0,0,0,2012-08-07,31,995,112,417,42,48,41,1,2,9,13,5,0,0,0,0,0,0,3,11,1,67,5139,1655,0,60-69,1,High-Value At-Risk Customers,2.134193746709049,-0.3671953524844465,3,0.9999993024875574,High-Value Omnichannel Customers
4102,1975,2n Cycle,Married,37284.0,1,1,2013-03-29,46,11,1,2,2,1,6,1,0,0,3,6,0,0,0,0,0,0,3,11,0,50,4905,23,2,40-49,0,Recent Low-Value Customers,-1.905717441225006,0.26800256183683246,0,0.9732369399703336,Low-Value Customers
7042,1983,Graduation,Married,36790.0,0,0,2013-03-01,14,3,3,14,15,21,10,1,2,1,2,9,0,0,0,0,0,0,3,11,1,42,4933,66,0,40-49,0,Recent Low-Value Customers,-2.3266211141516666,-1.3488747789689741,0,0.9936262682246956,Low-Value Customers
10598,1967,Graduation,Together,27943.0,1,1,2013-04-15,89,12,1,16,4,1,3,3,2,0,3,8,0,0,0,0,0,0,3,11,0,58,4888,37,2,50-59,4,High-Value Omnichannel Customers,-2.0029416115270626,1.2031166831506974,0,0.9769409857658233,Low-Value Customers
255,1951,Graduation,Divorced,22263.0,1,1,2014-03-30,31,17,0,2,0,0,2,2,1,0,3,6,0,0,0,0,0,1,3,11,0,74,4539,21,2,70+,5,Low-Engagement Mature Customers,-1.768194499281996,-0.11580886060436504,0,0.9921322974901043,Low-Value Customers
2375,1972,Graduation,Together,30261.0,1,2,2012-09-25,75,8,0,5,0,3,6,1,0,0,3,8,0,0,0,0,0,0,3,11,0,53,5090,22,3,50-59,4,High-Value Omnichannel Customers,-2.3022296312062953,0.9455330438967835,0,0.9955986489770755,Low-Value Customers
9829,1978,Graduation,Together,28587.0,1,0,2014-02-12,42,22,4,17,12,10,13,3,2,0,4,6,0,0,0,0,0,0,3,11,0,47,4585,78,1,40-49,0,Recent Low-Value Customers,-1.6493277921503795,-0.1484288886384307,0,0.9826668730641996,Low-Value Customers
6214,1982,Master,Married,43815.0,1,0,2013-04-05,53,14,10,29,4,7,15,1,2,0,3,6,0,0,0,0,0,0,3,11,0,43,4898,79,1,40-49,0,Recent Low-Value Customers,-1.5536881283936577,0.2145647003947512,0,0.9288994523835914,Low-Value Customers
4954,1956,Graduation,Married,48195.0,1,1,2014-01-21,53,106,27,68,52,7,5,6,4,2,5,6,0,0,0,0,0,0,3,11,0,69,4607,265,2,60-69,5,Low-Engagement Mature Customers,-0.43995308803486094,0.19531931385574255,2,0.9999141947530193,Mid-Value Active Customers
7861,1952,Master,Married,77027.0,0,1,2014-02-05,23,820,57,242,45,0,11,2,8,3,6,4,0,0,0,0,0,0,3,11,0,73,4592,1175,1,70+,1,High-Value At-Risk Customers,1.8953370385714383,-0.8894437228736578,1,0.9623606471252789,High-Value Store Customers
4837,1965,PhD,Married,71322.0,0,1,2013-02-16,57,753,43,226,69,10,204,2,8,5,13,4,0,0,0,0,0,0,3,11,0,60,4946,1305,1,50-59,2,High-Value Store Loyalists,2.7682220697842816,-0.14364513995089562,1,0.9779455876584273,High-Value Store Customers
9423,1979,Master,Married,32765.0,1,0,2014-02-23,49,13,3,17,7,3,3,2,2,0,4,5,0,0,0,0,0,0,3,11,0,46,4574,46,1,40-49,0,Recent Low-Value Customers,-1.4542017557908038,0.18751245247006557,0,0.9931539607454577,Low-Value Customers
4198,1965,Graduation,Together,29672.0,1,1,2013-03-12,6,9,1,3,0,4,8,1,0,0,3,6,0,0,0,0,0,0,3,11,0,60,4922,25,2,50-59,0,Recent Low-Value Customers,-1.9356437144500558,-0.8973068334469958,0,0.973483560034583,Low-Value Customers
153,1953,Graduation,Divorced,23272.0,0,0,2013-10-17,29,19,3,6,4,2,12,1,1,0,3,4,0,0,0,0,0,0,3,11,0,72,4703,46,0,70+,5,Low-Engagement Mature Customers,-1.4453354003324534,0.03958615317002702,0,0.9997603773542263,Low-Value Customers
9323,1949,Master,Together,49912.0,0,1,2012-09-07,5,520,8,223,32,49,42,4,10,5,7,8,1,0,0,0,0,0,3,11,1,76,5108,874,1,70+,2,High-Value Store Loyalists,0.9591588615739981,-2.1836004864944556,1,0.8561033239698457,High-Value Store Customers
10001,1985,2n Cycle,Together,7500.0,1,0,2012-08-01,98,5,17,17,13,14,34,4,2,1,3,9,0,0,0,0,0,0,3,11,0,40,5145,100,1,30-39,4,High-Value Omnichannel Customers,-2.705734227255753,1.1474373454744684,0,0.8556757455832701,Low-Value Customers
3945,1947,PhD,Widow,68117.0,0,1,2013-03-10,80,618,44,215,0,17,36,2,11,8,4,6,1,0,0,0,0,0,3,11,1,78,4924,930,1,70+,2,High-Value Store Loyalists,1.3961325491755545,0.40156983416358655,1,0.6048583124263662,High-Value Store Customers
3799,1955,Graduation,Married,67225.0,0,1,2013-11-26,4,315,35,322,46,7,143,3,7,2,11,5,0,0,0,0,0,0,3,11,0,70,4663,868,1,60-69,2,High-Value Store Loyalists,1.8527283980184643,-1.6491287129513594,1,0.9831352756447109,High-Value Store Customers
8625,1976,Graduation,Married,17649.0,1,0,2013-11-12,70,15,1,23,0,5,1,3,3,0,3,8,0,0,0,0,0,0,3,11,0,49,4677,45,1,40-49,4,High-Value Omnichannel Customers,-2.171950396688421,0.3961164318471706,0,0.9965013263860629,Low-Value Customers
3491,1975,Graduation,Together,55914.0,0,1,2013-04-29,32,384,60,364,119,101,232,4,11,6,8,7,0,0,0,0,0,0,3,11,0,50,4874,1260,1,40-49,2,High-Value Store Loyalists,1.5195963522492038,-1.6048178947651286,1,0.8045091946889845,High-Value Store Customers
983,1984,Graduation,Married,40059.0,1,0,2013-09-28,82,110,29,92,28,10,145,1,6,2,3,8,1,0,0,0,0,0,3,11,0,41,4722,414,1,40-49,4,High-Value Omnichannel Customers,-1.135388643285413,0.4049938642096095,2,0.9776538263956557,Mid-Value Active Customers
9119,1950,Graduation,Together,60905.0,0,1,2013-12-05,27,208,17,76,36,17,38,2,3,3,7,2,0,0,0,0,0,0,3,11,0,75,4654,392,1,70+,1,High-Value At-Risk Customers,0.7469578730174284,-0.0008238717470064222,2,0.7747137205288587,Mid-Value Active Customers
4786,1977,Graduation,Married,75330.0,1,1,2012-10-04,94,555,82,257,93,61,61,4,10,3,12,6,0,0,0,0,0,0,3,11,0,48,5081,1109,2,40-49,2,High-Value Store Loyalists,2.353623803454235,0.4796654472195934,1,0.9644281728412267,High-Value Store Customers
5872,1951,Graduation,Single,60689.0,0,1,2013-06-01,23,240,90,216,63,6,24,4,4,4,10,3,0,0,0,0,0,0,3,11,0,74,4841,639,1,70+,1,High-Value At-Risk Customers,1.354115697425493,-0.4427011113780744,1,0.9988887742787486,High-Value Store Customers
6568,1984,Graduation,Married,38680.0,1,0,2013-03-28,97,11,0,36,15,5,12,1,2,0,3,7,0,0,0,0,0,0,3,11,0,41,4906,79,1,40-49,4,High-Value Omnichannel Customers,-1.817079701749512,1.4324895534469086,0,0.9585996083396834,Low-Value Customers
5628,1982,Graduation,Together,61416.0,0,0,2013-02-08,25,848,154,323,201,61,78,1,10,3,10,6,1,0,0,0,0,0,3,11,0,43,4954,1665,0,40-49,2,High-Value Store Loyalists,2.189919158381751,-1.7112783234495048,1,0.9179188018064867,High-Value Store Customers
5631,1991,Graduation,Single,49767.0,0,0,2013-05-02,92,202,47,197,55,42,149,1,5,4,8,4,0,0,0,0,0,0,3,11,0,34,4871,692,0,30-39,3,Dormant / Disengaged Customers,0.41038680059482163,1.1194343636742903,1,0.9910734023736231,High-Value Store Customers
4974,1970,Graduation,Single,83273.0,1,2,2012-09-25,98,433,89,650,16,102,102,10,4,6,9,7,0,0,0,0,0,0,3,11,0,55,5090,1392,3,50-59,3,Dormant / Disengaged Customers,1.4403011577784761,1.2876653698535865,3,0.9999999999999947,High-Value Omnichannel Customers
8416,1981,Graduation,Married,29009.0,1,0,2013-11-29,19,6,6,15,10,5,2,2,2,0,3,6,0,0,0,0,0,0,3,11,0,44,4660,44,1,40-49,0,Recent Low-Value Customers,-1.858469185339299,-0.8640618580203666,0,0.9964551487614515,Low-Value Customers
5454,1979,Master,Married,45057.0,1,0,2013-12-01,80,37,0,7,3,0,3,1,2,0,3,5,0,0,0,0,0,0,3,11,0,46,4658,50,1,40-49,4,High-Value Omnichannel Customers,-1.3572123710210855,1.202029222704378,0,0.9348565680262901,Low-Value Customers
4095,1971,Graduation,Married,37150.0,1,0,2012-09-11,80,167,37,64,49,34,116,8,4,3,6,7,0,0,0,0,0,0,3,11,0,54,5104,467,1,50-59,4,High-Value Omnichannel Customers,-0.6616197818771652,0.7188921445281827,2,0.9018947698520783,Mid-Value Active Customers
5474,1970,Graduation,Single,43020.0,1,0,2013-11-30,79,45,7,99,4,25,43,3,4,1,4,6,0,0,0,0,0,0,3,11,0,55,4659,223,1,50-59,4,High-Value Omnichannel Customers,-0.8826175992744488,0.8850256793429376,2,0.9999119623625011,Mid-Value Active Customers
4268,1959,Graduation,Married,53154.0,0,1,2014-06-09,50,129,0,21,0,1,7,1,3,1,4,4,0,0,0,0,0,0,3,11,0,66,4468,158,1,60-69,5,Low-Engagement Mature Customers,-0.445079755239232,0.45719378072494365,2,0.9973307137624413,Mid-Value Active Customers
10701,1973,Graduation,Married,65308.0,0,0,2013-09-11,60,713,0,264,120,80,34,1,7,8,12,4,0,0,1,1,0,0,3,11,0,52,4739,1211,0,50-59,3,Dormant / Disengaged Customers,2.2003838730613765,-0.00270793866752618,1,0.987721606186699,High-Value Store Customers
3507,1970,Graduation,Single,76467.0,1,0,2012-08-17,44,676,161,426,210,44,58,2,2,5,5,6,0,0,0,0,0,0,3,11,1,55,5129,1575,1,50-59,3,Dormant / Disengaged Customers,0.7575994985997593,0.022347730496443414,3,0.9999999999996287,High-Value Omnichannel Customers
2079,1947,2n Cycle,Married,81044.0,0,0,2013-12-27,0,450,26,535,73,98,26,1,5,6,10,1,0,0,0,0,0,0,3,11,0,78,4632,1208,0,70+,1,High-Value At-Risk Customers,2.7001416510440945,-0.9664167416227284,1,0.9971854016347043,High-Value Store Customers
626,1951,Graduation,Married,32871.0,1,1,2013-03-09,28,22,2,12,0,2,5,1,1,0,3,4,0,0,0,0,0,0,3,11,0,74,4925,43,2,70+,5,Low-Engagement Mature Customers,-1.2430977911488978,0.04932625290239977,0,0.9958414636324066,Low-Value Customers
4426,1975,Graduation,Single,55801.0,1,1,2013-09-22,35,367,4,51,6,4,95,6,7,2,6,7,0,0,0,1,0,0,3,11,0,50,4728,527,2,40-49,2,High-Value Store Loyalists,0.0776260120453638,-1.0020342175705819,2,0.9927131811562915,Mid-Value Active Customers
2591,1959,Graduation,Widow,76320.0,0,1,2014-06-22,49,526,35,214,69,53,35,2,6,3,4,2,0,0,0,0,0,0,3,11,0,66,4455,932,1,60-69,1,High-Value At-Risk Customers,1.349144860014249,0.36018070194341817,1,0.9863701039470021,High-Value Store Customers
10509,1955,Master,Single,36927.0,1,1,2014-06-02,46,51,0,16,0,0,4,2,3,0,3,8,0,0,0,0,0,0,3,11,0,70,4475,71,2,60-69,5,Low-Engagement Mature Customers,-1.537214595329316,-0.10879167077104164,0,0.8459202479206102,Low-Value Customers
6382,1953,Graduation,Together,48794.0,1,1,2014-06-26,97,25,0,11,3,0,15,1,1,0,3,4,0,0,0,0,0,0,3,11,0,72,4451,54,2,70+,4,High-Value Omnichannel Customers,-0.9405841044561163,2.2083821645764616,0,0.8953230279381919,Low-Value Customers
6673,1965,Graduation,Single,23478.0,0,0,2013-03-19,51,28,6,27,12,17,39,1,3,0,3,8,0,0,0,0,0,0,3,11,0,60,4915,129,0,50-59,4,High-Value Omnichannel Customers,-1.8621406497101227,-0.0800724492064732,2,0.8963511416282246,Mid-Value Active Customers
7441,1973,Graduation,Divorced,71128.0,1,0,2012-10-06,80,958,159,447,20,0,31,3,2,10,12,7,0,0,0,0,0,0,3,11,0,52,5079,1615,1,50-59,3,Dormant / Disengaged Customers,1.5302287938641972,0.8105398172951959,3,1.0,High-Value Omnichannel Customers
1071,1976,PhD,Divorced,70179.0,0,1,2013-07-21,10,532,88,168,69,44,133,3,7,3,13,5,0,0,0,0,0,0,3,11,0,49,4791,1034,1,40-49,2,High-Value Store Loyalists,2.0850176865629813,-1.70739798231307,1,0.9594304820988429,High-Value Store Customers
10061,1950,Graduation,Married,59462.0,0,1,2013-01-05,29,724,17,143,0,8,196,2,9,2,12,7,0,0,0,0,0,0,3,11,0,75,4988,1088,1,70+,2,High-Value Store Loyalists,2.0633105931191973,-1.3286629275589645,1,0.973209216497151,High-Value Store Customers
8775,1969,Graduation,Together,38361.0,1,0,2013-12-27,74,39,0,56,20,8,14,3,3,1,3,7,0,0,0,0,0,0,3,11,0,56,4632,137,1,50-59,4,High-Value Omnichannel Customers,-1.464306611517824,0.7474649761049567,2,0.9797814307882164,Mid-Value Active Customers
2345,1982,PhD,Together,70038.0,0,0,2013-10-25,54,587,54,348,71,54,130,1,4,4,8,2,0,0,0,0,0,0,3,11,0,43,4695,1244,0,40-49,3,Dormant / Disengaged Customers,1.5320596760967418,0.39545816549017443,1,0.9983894002977819,High-Value Store Customers
322,1978,Graduation,Together,42554.0,1,1,2013-01-12,93,29,1,11,0,0,0,2,2,0,3,4,0,0,0,0,0,0,3,11,0,47,4981,41,2,40-49,4,High-Value Omnichannel Customers,-1.242418827529803,1.72692539288032,0,0.9700693688272556,Low-Value Customers
10897,1974,Graduation,Married,67445.0,0,1,2012-08-12,63,757,80,217,29,80,11,5,9,6,12,6,0,0,0,0,0,0,3,11,0,51,5134,1174,1,50-59,2,High-Value Store Loyalists,2.155795946814717,-0.3656714497139841,1,0.9802355405616069,High-Value Store Customers
123,1951,Graduation,Widow,67046.0,0,1,2013-01-06,92,544,35,133,23,151,107,2,4,5,4,2,0,0,0,0,0,0,3,11,0,74,4987,993,1,70+,1,High-Value At-Risk Customers,1.0694309930967438,1.9647649929771733,1,0.9995838504750598,High-Value Store Customers
6103,1948,Graduation,Married,42192.0,0,0,2013-09-06,40,40,15,15,17,6,7,1,2,1,3,4,0,0,0,0,0,0,3,11,0,77,4744,100,0,70+,5,Low-Engagement Mature Customers,-0.8471206870628788,0.36024732799789316,0,0.6462094158402046,Low-Value Customers
7899,1952,PhD,Married,77610.0,0,1,2012-10-29,70,1245,33,332,21,33,16,2,4,7,4,7,0,0,0,0,0,0,3,11,0,73,5056,1680,1,70+,1,High-Value At-Risk Customers,1.0600807847374971,0.6860734886729193,3,0.9999999999976854,High-Value Omnichannel Customers
10500,1984,Graduation,Married,31761.0,1,0,2014-04-05,96,19,1,20,16,14,28,2,3,0,4,5,0,0,0,0,0,0,3,11,0,41,4533,98,1,40-49,4,High-Value Omnichannel Customers,-1.34521886098728,1.4864333630737663,0,0.996605847314596,Low-Value Customers
1655,1979,Graduation,Together,34350.0,1,0,2013-10-19,81,16,3,15,2,1,11,1,1,0,3,7,0,0,0,0,0,0,3,11,0,46,4701,48,1,40-49,4,High-Value Omnichannel Customers,-2.0006114775795827,1.0829357082483617,0,0.9869202218098906,Low-Value Customers
2406,1949,Graduation,Together,54591.0,0,1,2013-08-05,63,376,4,94,12,9,24,3,6,2,8,5,0,0,0,0,0,0,3,11,0,76,4776,519,1,70+,1,High-Value At-Risk Customers,0.8393553721152353,0.40365094495352843,2,0.8430031317622522,Mid-Value Active Customers
2712,1956,Graduation,Married,71866.0,0,1,2013-12-25,85,184,178,178,103,39,33,1,6,3,10,3,0,0,0,0,0,0,3,11,0,69,4634,715,1,60-69,1,High-Value At-Risk Customers,1.8492291899216895,1.2397932623496697,1,0.9875219270396074,High-Value Store Customers
5517,1969,Graduation,Married,25293.0,1,0,2013-09-15,51,15,0,11,0,2,9,1,1,1,2,8,0,0,0,0,0,0,3,11,0,56,4735,37,1,50-59,0,Recent Low-Value Customers,-2.3657151167005797,0.1321011449962644,0,0.9903795618596305,Low-Value Customers
10643,1987,PhD,Single,42000.0,0,0,2013-01-10,23,124,83,267,85,59,35,2,5,2,11,5,0,0,0,0,0,0,3,11,1,38,4983,653,0,30-39,3,Dormant / Disengaged Customers,0.5456068391872172,-1.1916095257015187,1,0.9432419115831975,High-Value Store Customers
2254,1983,Graduation,Married,69520.0,0,0,2013-07-07,95,627,120,414,121,80,93,1,9,6,5,5,0,0,0,0,0,0,3,11,0,42,4805,1455,0,40-49,2,High-Value Store Loyalists,1.4636713157576147,0.8259151727334536,1,0.9282313145147758,High-Value Store Customers
10281,1970,Graduation,Divorced,64713.0,1,0,2014-02-07,11,180,60,241,13,54,54,2,5,5,7,4,0,0,0,0,0,0,3,11,1,55,4590,602,1,50-59,2,High-Value Store Loyalists,0.7051281826639907,-1.136407970877551,1,0.9791618730716481,High-Value Store Customers
6958,1977,Master,Married,27889.0,1,0,2013-07-05,42,14,0,4,0,0,8,1,1,1,2,6,0,0,0,0,0,0,3,11,0,48,4807,26,1,40-49,0,Recent Low-Value Customers,-2.1184238821182246,0.018800509536701156,0,0.9848600664974351,Low-Value Customers
954,1960,Basic,Widow,22123.0,0,0,2014-03-27,77,3,3,24,34,7,31,1,2,1,3,5,0,0,0,0,0,0,3,11,0,65,4542,102,0,60-69,4,High-Value Omnichannel Customers,-1.5137307111486993,1.2329301306696174,0,0.9671186197733388,Low-Value Customers
4643,1973,Graduation,Married,27803.0,1,0,2012-08-26,40,8,26,46,38,9,49,2,3,0,4,8,0,0,0,0,0,0,3,11,0,52,5120,176,1,50-59,0,Recent Low-Value Customers,-1.6959020170372527,-0.5125956451289306,2,0.9997440157612587,Mid-Value Active Customers
6497,1960,Graduation,Married,51651.0,0,1,2012-11-07,32,293,6,23,13,6,92,4,6,2,5,8,0,0,0,0,0,0,3,11,0,65,5047,433,1,60-69,5,Low-Engagement Mature Customers,-0.32979751978763894,-0.9447826946247886,2,0.9933931973179262,Mid-Value Active Customers
5396,1988,Graduation,Married,68487.0,0,0,2013-01-13,48,758,12,385,33,89,89,1,9,7,13,4,0,0,0,0,0,0,3,11,0,37,4980,1366,0,30-39,3,Dormant / Disengaged Customers,2.6159492830717896,-0.7563132390748872,1,0.7792717205597818,High-Value Store Customers
1052,1969,Graduation,Married,56796.0,0,1,2013-02-16,24,656,38,161,62,47,37,3,8,9,7,7,0,0,0,0,0,0,3,11,0,56,4946,1001,1,50-59,2,High-Value Store Loyalists,0.8448829155735322,-1.4345557697675342,1,0.7325782973933394,High-Value Store Customers
2802,1992,2n Cycle,Married,87000.0,0,0,2012-12-15,61,196,25,607,67,17,49,1,4,6,7,2,0,0,0,0,0,0,3,11,0,33,5009,961,0,30-39,3,Dormant / Disengaged Customers,1.3466027472742013,0.5917238967796933,1,0.9665265557269087,High-Value Store Customers
6343,1959,Graduation,Married,79823.0,0,1,2014-03-31,6,835,73,380,114,73,43,1,6,9,7,2,0,1,0,0,0,0,3,11,0,66,4538,1518,1,60-69,1,High-Value At-Risk Customers,2.3351719355813083,-1.0596243793131717,1,0.9909030636960948,High-Value Store Customers
6507,1980,Graduation,Single,30828.0,1,0,2013-10-04,16,16,11,15,2,0,12,2,1,1,4,3,0,0,0,0,0,0,3,11,0,45,4716,56,1,40-49,0,Recent Low-Value Customers,-1.3280999703443002,-0.5071611738657517,0,0.9994348159649619,Low-Value Customers
7901,1971,Master,Married,34109.0,0,1,2013-11-06,39,9,1,5,2,1,4,1,0,0,3,4,0,0,0,0,0,0,3,11,0,54,4683,22,1,50-59,0,Recent Low-Value Customers,-1.6115644086663423,0.3157982697068051,0,0.9712209018656511,Low-Value Customers
4865,1974,Master,Divorced,53367.0,1,1,2013-08-31,2,229,7,140,10,3,11,7,5,1,8,7,0,0,0,0,0,0,3,11,1,51,4750,400,2,50-59,2,High-Value Store Loyalists,-0.04566791519322506,-1.8487621229104518,2,0.9772738027246487,Mid-Value Active Customers
2686,1969,Basic,Together,22390.0,0,0,2013-10-21,49,0,1,4,15,1,5,1,1,0,2,7,0,0,0,0,0,0,3,11,0,56,4699,26,0,50-59,0,Recent Low-Value Customers,-2.2762661422664396,0.18116018351903795,0,0.9868928356065438,Low-Value Customers
3107,1976,Graduation,Together,71322.0,0,1,2014-05-02,31,121,24,124,24,15,42,1,4,1,7,2,0,0,0,0,0,0,3,11,0,49,4506,350,1,40-49,3,Dormant / Disengaged Customers,0.7239741019367859,-0.20429541174028523,2,0.7747357281960859,Mid-Value Active Customers
7734,1993,Graduation,Absurd,79244.0,0,0,2012-12-19,58,471,102,125,212,61,245,1,4,10,7,1,0,0,1,1,0,0,3,11,1,32,5005,1216,0,30-39,3,Dormant / Disengaged Customers,1.5565238843210882,0.5801539015382381,1,0.9986959934102141,High-Value Store Customers
1146,1949,Master,Together,49912.0,0,1,2012-09-07,5,520,8,223,32,49,42,4,10,5,7,8,1,0,0,0,0,0,3,11,1,76,5108,874,1,70+,2,High-Value Store Loyalists,0.9591588615739981,-2.1836004864944556,1,0.8561033239698457,High-Value Store Customers
11031,1950,PhD,Married,48699.0,1,1,2013-05-21,90,26,1,10,2,0,1,1,1,0,3,5,0,0,0,0,0,0,3,11,0,75,4852,40,2,70+,5,Low-Engagement Mature Customers,-1.07325050154057,1.9020999854715537,0,0.9370487906322258,Low-Value Customers
7428,1975,Graduation,Together,80144.0,0,0,2013-09-30,47,240,132,445,250,192,108,1,3,7,8,1,0,0,0,0,0,0,3,11,0,50,4720,1367,0,40-49,3,Dormant / Disengaged Customers,1.9306226552705503,0.48910682480455964,1,0.9992950141214679,High-Value Store Customers
975,1956,Graduation,Single,54252.0,1,1,2013-05-28,25,178,4,26,8,4,44,5,4,1,5,6,0,0,0,0,0,0,3,11,0,69,4845,264,2,60-69,5,Low-Engagement Mature Customers,-0.33415427831844974,-0.659959986416189,2,0.9998994358630627,Mid-Value Active Customers
1103,1976,Master,Married,81929.0,1,0,2012-09-29,60,1486,55,278,49,0,185,2,4,4,10,6,1,0,1,0,0,0,3,11,1,49,5086,2053,1,40-49,3,Dormant / Disengaged Customers,2.188733510443795,0.11917225191908996,3,0.9999999969214617,High-Value Omnichannel Customers
3422,1975,Graduation,Married,76068.0,0,1,2012-11-29,67,1115,12,128,33,12,76,1,2,3,4,6,0,1,0,0,1,0,3,11,0,50,5025,1376,1,40-49,3,Dormant / Disengaged Customers,0.38152391729068263,0.7196283607248575,3,0.9999999999995346,High-Value Omnichannel Customers
1055,1976,Master,Married,53204.0,1,1,2014-03-20,40,29,0,8,2,0,6,1,1,0,3,4,0,0,0,0,0,0,3,11,0,49,4549,45,2,40-49,0,Recent Low-Value Customers,-1.1608862910400506,0.2337323229562576,0,0.913624801105282,Low-Value Customers
6544,1949,PhD,Together,67911.0,0,1,2014-05-22,63,529,0,356,63,28,0,3,6,7,11,3,0,0,0,0,0,0,3,11,0,76,4486,976,1,70+,1,High-Value At-Risk Customers,2.220327960232082,0.5802389304593032,1,0.9981915936277633,High-Value Store Customers
1241,1984,2n Cycle,Married,14796.0,1,0,2012-09-17,1,13,3,8,7,4,16,2,1,0,3,9,0,0,0,0,0,0,3,11,1,41,5098,51,1,40-49,0,Recent Low-Value Customers,-2.7557112867914055,-1.726776575555618,0,0.9927099042822725,Low-Value Customers
2909,1974,PhD,Married,78128.0,0,1,2014-02-19,89,934,24,230,16,24,36,2,8,4,6,3,0,1,1,0,0,0,3,11,0,51,4578,1264,1,50-59,3,Dormant / Disengaged Customers,1.8936488052381246,1.0697942957273743,1,0.855440714418129,High-Value Store Customers
5802,1972,Basic,Married,14188.0,0,0,2013-02-28,40,2,7,11,16,12,27,1,2,0,4,6,0,0,0,0,0,0,3,11,0,53,4934,75,0,50-59,0,Recent Low-Value Customers,-1.8500618598439074,-0.18702323874005009,0,0.9998179251749713,Low-Value Customers
1407,1986,Basic,Married,20425.0,1,0,2012-10-29,5,4,12,5,3,16,17,2,2,0,3,7,0,0,0,0,0,0,3,11,0,39,5056,57,1,30-39,0,Recent Low-Value Customers,-2.2275940559226295,-1.482968776449129,0,0.9985970404981878,Low-Value Customers
6183,1962,Master,Married,58646.0,0,1,2013-06-10,3,62,1,44,6,5,22,1,2,1,4,4,0,0,0,0,0,0,3,11,0,63,4832,140,1,60-69,5,Low-Engagement Mature Customers,-0.538615828222334,-0.9076689664732093,2,0.9983964216492707,Mid-Value Active Customers
340,1970,Graduation,Divorced,72967.0,0,1,2012-12-15,1,158,35,179,0,0,125,2,7,2,8,5,1,0,0,0,0,0,3,11,1,55,5009,497,1,50-59,2,High-Value Store Loyalists,1.0267598904172854,-1.784142039410983,2,0.9470355575322644,Mid-Value Active Customers
5991,1949,Master,Married,48150.0,0,1,2013-06-08,24,173,2,39,3,2,47,3,5,1,4,7,0,0,0,0,0,0,3,11,0,76,4834,266,1,70+,5,Low-Engagement Mature Customers,-0.5289562709403077,-0.8414748201247192,2,0.9997188946097237,Mid-Value Active Customers
3104,1961,Graduation,Single,82332.0,0,0,2012-09-17,89,830,59,968,51,79,19,1,5,3,12,2,0,0,1,0,0,0,3,11,1,64,5098,2006,0,60-69,1,High-Value At-Risk Customers,3.387200461382218,1.4744760672574961,1,0.9856677400172666,High-Value Store Customers
9729,1955,Graduation,Widow,58275.0,1,1,2013-06-02,48,189,10,253,56,43,64,6,8,2,7,7,0,0,0,0,0,0,3,11,0,70,4840,615,2,60-69,2,High-Value Store Loyalists,0.7244777206067325,-0.5416577982465931,2,0.9720800533385745,Mid-Value Active Customers
1008,1981,PhD,Together,44953.0,0,0,2012-12-21,31,728,17,133,11,8,124,1,7,3,13,6,1,0,0,0,0,0,3,11,0,44,5003,1021,0,40-49,2,High-Value Store Loyalists,1.389997516921408,-1.2769862930344549,1,0.9085198176981684,High-Value Store Customers
11091,1953,Graduation,Together,34587.0,1,1,2014-05-16,68,7,2,9,2,0,2,2,1,0,3,4,0,0,0,0,0,0,3,11,0,72,4492,22,2,70+,5,Low-Engagement Mature Customers,-1.242465034769582,1.2768472645334936,0,0.9889023345014613,Low-Value Customers
3969,1974,Master,Together,43018.0,0,1,2013-11-01,46,35,4,17,7,6,64,1,2,2,2,5,0,0,0,0,0,0,3,11,0,51,4688,133,1,50-59,0,Recent Low-Value Customers,-1.4192363589784003,0.21033588357586488,2,0.9994873053646199,Mid-Value Active Customers
1916,1954,Master,Married,45736.0,0,1,2013-07-24,92,188,3,180,20,3,43,5,7,1,6,7,0,0,0,0,0,0,3,11,0,71,4788,437,1,70+,2,High-Value Store Loyalists,0.08364606779567357,0.9443415410346588,2,0.986375644065346,Mid-Value Active Customers
9907,1969,Master,Together,66476.0,0,1,2013-12-04,80,742,28,152,25,9,57,2,6,8,10,4,0,0,0,0,0,0,3,11,0,56,4655,1013,1,50-59,3,Dormant / Disengaged Customers,1.685166790074442,0.8227456141441064,1,0.99492691330088,High-Value Store Customers
87,1981,2n Cycle,Married,27733.0,1,0,2013-08-26,16,0,7,5,26,2,17,2,2,0,3,7,0,0,0,0,0,0,3,11,0,44,4755,57,1,40-49,0,Recent Low-Value Customers,-2.0261713256600538,-1.0779381091494145,0,0.9926147713460892,Low-Value Customers
8659,1952,PhD,Together,69805.0,0,1,2014-01-21,50,750,71,174,13,10,20,2,6,8,11,2,0,0,0,0,0,0,3,11,0,73,4607,1038,1,70+,1,High-Value At-Risk Customers,2.422078558512976,0.2681637989749678,1,0.9901759221614141,High-Value Store Customers
6262,1962,Master,Single,72217.0,0,0,2013-04-10,93,816,42,450,55,56,154,1,3,10,8,2,0,0,0,0,0,0,3,11,0,63,4893,1573,0,60-69,1,High-Value At-Risk Customers,1.9720088433457001,1.8963406227030117,1,0.9980480385202775,High-Value Store Customers
6147,1971,Graduation,Divorced,25818.0,1,0,2012-10-18,51,5,2,8,2,2,9,1,0,1,2,7,0,0,0,0,0,0,3,11,0,54,5067,28,1,50-59,0,Recent Low-Value Customers,-2.3667495345914715,0.34128181657095746,0,0.9891515978021165,Low-Value Customers
8832,1976,Master,Together,37509.0,1,0,2012-09-12,24,37,5,56,12,8,5,2,3,0,4,7,0,0,0,0,0,0,3,11,0,49,5103,123,1,40-49,0,Recent Low-Value Customers,-1.4448995162266633,-0.8960069748626448,2,0.6855818764869712,Mid-Value Active Customers
10067,1976,2n Cycle,Together,25176.0,1,1,2013-08-10,79,4,0,4,0,0,5,1,1,0,2,7,0,0,0,0,0,0,3,11,0,49,4771,13,2,40-49,4,High-Value Omnichannel Customers,-2.312411301721541,1.0535504030438132,0,0.9710408669459808,Low-Value Customers
7532,1980,Graduation,Married,43586.0,0,1,2012-08-30,26,99,2,11,4,0,16,3,3,0,4,8,0,0,0,0,0,0,3,11,0,45,5116,132,1,40-49,0,Recent Low-Value Customers,-1.5251445828056225,-0.9752611074976596,2,0.8822206347716678,Mid-Value Active Customers
4915,1956,2n Cycle,Married,53230.0,0,1,2012-08-03,86,176,72,98,136,21,229,4,5,2,12,5,0,0,0,0,0,0,3,11,0,69,5143,732,1,60-69,1,High-Value At-Risk Customers,1.3642114602864381,1.0533144547567546,1,0.9958972481753986,High-Value Store Customers
2115,1957,Graduation,Together,50116.0,1,1,2014-06-20,68,54,0,10,0,0,2,2,1,0,4,5,0,1,0,0,0,0,3,11,0,68,4457,66,2,60-69,5,Low-Engagement Mature Customers,-0.970102504225246,1.1315838548540151,0,0.7015864251048957,Low-Value Customers
2088,1972,Graduation,Together,84906.0,0,0,2013-10-04,98,997,15,414,99,30,76,1,5,6,12,2,0,1,1,0,1,0,3,11,0,53,4716,1631,0,50-59,3,Dormant / Disengaged Customers,2.9875523987621175,1.6694306778314842,1,0.9884385902859465,High-Value Store Customers
2493,1966,Graduation,Married,61286.0,0,1,2013-08-02,34,356,0,107,19,9,117,2,7,1,8,5,0,0,0,0,0,0,3,11,0,59,4779,608,1,50-59,2,High-Value Store Loyalists,0.9580173425475331,-0.7527638061904699,2,0.8000393321794887,Mid-Value Active Customers
6292,1986,PhD,Married,82333.0,0,0,2013-03-30,60,1311,0,359,46,89,17,1,4,3,10,2,0,0,1,0,0,0,3,11,1,39,4904,1822,0,30-39,3,Dormant / Disengaged Customers,2.494981999716522,0.503812970271707,1,0.9906812311180409,High-Value Store Customers
1631,1965,PhD,Together,65220.0,0,0,2012-09-03,3,890,63,292,0,25,12,4,8,4,7,6,0,0,0,0,0,0,3,11,1,60,5112,1282,0,50-59,2,High-Value Store Loyalists,1.4374931114002865,-1.9219129389314953,1,0.9112784699447585,High-Value Store Customers
10104,1974,Graduation,Together,33590.0,2,1,2013-11-03,65,4,0,2,0,0,2,1,1,0,2,7,0,0,0,0,0,0,3,11,0,51,4686,8,3,50-59,4,High-Value Omnichannel Customers,-2.137557594794118,0.6571205985715073,0,0.9513350725256234,Low-Value Customers
3006,1976,Graduation,Divorced,30992.0,1,0,2013-04-22,83,17,0,14,7,3,2,1,1,0,3,7,0,0,0,0,0,0,3,11,0,49,4881,43,1,40-49,4,High-Value Omnichannel Customers,-2.0308635094990257,1.1656545545636723,0,0.9856615663933765,Low-Value Customers
3919,1976,Master,Single,72309.0,0,0,2013-03-11,64,960,0,883,50,38,0,1,5,6,8,3,0,0,0,1,0,0,3,11,1,49,4923,1931,0,40-49,3,Dormant / Disengaged Customers,2.208746939159856,0.5173215614280294,1,0.9898994282482738,High-Value Store Customers
11181,1949,PhD,Married,156924.0,0,0,2013-08-29,85,2,1,2,1,1,1,0,0,0,0,0,0,0,0,0,0,0,3,11,0,76,4752,8,0,70+,1,High-Value At-Risk Customers,1.1462428377922669,2.7734725977307737,4,1.0,High-Potential Underengaged Customers
642,1980,Basic,Married,16005.0,1,0,2012-08-14,69,1,3,2,20,30,47,3,2,1,2,8,0,0,0,0,0,0,3,11,0,45,5132,103,1,40-49,4,High-Value Omnichannel Customers,-2.481633277141222,0.45516699224888474,2,0.6915062436788241,Mid-Value Active Customers
4369,1957,Master,Absurd,65487.0,0,0,2014-01-10,48,240,67,500,199,0,163,3,3,5,6,2,0,0,0,0,0,0,3,11,0,68,4618,1169,0,60-69,1,High-Value At-Risk Customers,1.2624939026038213,0.5935061200375992,1,0.999511669034125,High-Value Store Customers
10127,1965,Graduation,Married,58692.0,0,1,2014-04-06,21,301,11,61,4,7,11,1,8,2,4,7,0,0,0,0,0,0,3,11,0,60,4532,395,1,50-59,2,High-Value Store Loyalists,-0.019622209721472782,-1.3921053637064247,2,0.9003717186736399,Mid-Value Active Customers
271,1969,Graduation,Widow,40590.0,1,1,2013-10-02,30,154,0,50,6,11,37,5,3,4,3,6,1,0,0,0,0,0,3,11,0,56,4718,258,2,50-59,0,Recent Low-Value Customers,-1.1779988011744502,-0.500004403135386,2,0.9995201512315456,Mid-Value Active Customers
4973,1970,Graduation,Single,20587.0,1,0,2014-05-11,39,2,3,6,4,1,9,1,1,1,2,7,0,0,0,0,0,0,3,11,0,55,4497,25,1,50-59,0,Recent Low-Value Customers,-2.325858100956977,-0.14271067341530022,0,0.9902279542251397,Low-Value Customers
2948,1954,Master,Divorced,62637.0,0,1,2014-03-01,76,104,12,48,4,12,5,1,2,2,5,2,0,0,0,0,0,0,3,11,0,71,4568,185,1,70+,5,Low-Engagement Mature Customers,0.14468975200950354,1.6513890742607984,2,0.9823472476575743,Mid-Value Active Customers
2715,1966,Master,Divorced,29435.0,1,1,2012-08-06,11,70,3,37,4,2,64,4,3,2,2,9,0,0,0,0,0,0,3,11,1,59,5140,180,2,50-59,0,Recent Low-Value Customers,-2.029376372821617,-1.4123143415916446,2,0.9933938899072355,Mid-Value Active Customers
10432,1974,Graduation,Divorced,19346.0,1,0,2014-01-30,26,2,0,9,3,6,2,1,1,0,3,8,0,0,0,0,0,0,3,11,0,51,4598,22,1,50-59,0,Recent Low-Value Customers,-2.4120613836581515,-0.7281925239839544,0,0.9881919969018093,Low-Value Customers
9216,1971,Graduation,Married,35788.0,1,1,2014-01-23,34,23,2,11,3,1,4,2,2,0,3,6,0,0,0,0,0,0,3,11,0,54,4605,44,2,50-59,0,Recent Low-Value Customers,-1.604914418630558,-0.2891850293904674,0,0.9809813752381438,Low-Value Customers
7124,1968,Graduation,Divorced,36997.0,1,1,2013-02-01,72,43,4,12,8,0,27,5,2,1,4,5,0,0,0,0,0,0,3,11,0,57,4961,94,2,50-59,4,High-Value Omnichannel Customers,-1.193803020813736,1.01263121318565,0,0.874010332889576,Low-Value Customers
9727,1957,Graduation,Married,23539.0,0,0,2014-02-28,13,4,24,11,16,1,25,1,2,0,4,6,0,0,0,0,0,0,3,11,0,68,4569,81,0,60-69,5,Low-Engagement Mature Customers,-1.4930034535412922,-0.8633075283976425,0,0.9907168062791792,Low-Value Customers
5136,1973,Graduation,Single,65333.0,0,1,2014-01-17,58,654,7,92,0,15,30,7,9,4,8,6,0,1,1,0,0,0,3,11,0,52,4611,798,1,50-59,2,High-Value Store Loyalists,1.2268580158692595,-0.4061695410312399,1,0.8656488893612255,High-Value Store Customers
9790,1957,Graduation,Single,78499.0,0,0,2013-11-23,12,912,72,170,47,36,97,1,11,3,4,4,0,0,1,0,0,0,3,11,1,68,4666,1334,0,60-69,2,High-Value Store Loyalists,2.099943237433088,-1.558360477355676,3,0.9778324708011615,High-Value Omnichannel Customers
1818,1971,PhD,Together,29732.0,1,0,2014-03-25,23,25,0,8,0,1,4,1,2,0,2,9,0,0,0,0,0,0,3,11,0,54,4544,38,1,50-59,0,Recent Low-Value Customers,-2.334180272458174,-0.972127209591513,0,0.9772354279268927,Low-Value Customers
1100,1960,Master,Together,41275.0,1,2,2014-03-24,33,24,4,22,0,2,9,4,3,1,3,5,0,0,0,0,0,0,3,11,0,65,4545,61,3,60-69,5,Low-Engagement Mature Customers,-1.0666699065281133,-0.19676164089791462,0,0.9766533913915222,Low-Value Customers
7873,1973,PhD,Together,63516.0,1,1,2013-07-06,30,141,11,114,15,14,5,4,4,1,7,5,0,0,0,0,0,0,3,11,0,52,4806,300,2,50-59,5,Low-Engagement Mature Customers,0.10970232772040085,-0.5754934330458342,2,0.9982150747600207,Mid-Value Active Customers
10609,1962,PhD,Married,42769.0,0,1,2013-10-12,15,71,0,13,3,1,0,2,1,1,4,4,0,0,0,0,0,0,3,11,0,63,4708,88,1,60-69,5,Low-Engagement Mature Customers,-1.0108315881705139,-0.46061705867494407,2,0.5142409287881989,Mid-Value Active Customers
6950,1958,Master,Married,49572.0,1,1,2013-12-15,25,35,1,16,0,1,1,2,2,0,3,7,0,0,0,0,0,0,3,11,0,67,4644,54,2,60-69,5,Low-Engagement Mature Customers,-1.334647981627418,-0.5328951215290293,0,0.9582466013618369,Low-Value Customers
7233,1972,Graduation,Married,69209.0,0,0,2012-09-17,4,496,32,849,229,48,128,2,5,3,6,4,0,0,0,1,0,0,3,11,0,53,5098,1782,0,50-59,3,Dormant / Disengaged Customers,1.6125139956898165,-1.378357814048802,1,0.961964374209182,High-Value Store Customers
9481,1976,Graduation,Married,17148.0,1,0,2014-01-28,80,9,9,11,13,10,16,4,3,1,3,8,0,0,0,0,0,0,3,11,0,49,4600,68,1,40-49,4,High-Value Omnichannel Customers,-2.1593704652118344,0.7045925296722402,0,0.9972184962101118,Low-Value Customers
7699,1969,Graduation,Widow,40590.0,1,1,2013-10-02,30,154,0,50,6,11,37,5,3,4,3,6,1,0,0,0,0,0,3,11,0,56,4718,258,2,50-59,0,Recent Low-Value Customers,-1.1779988011744502,-0.500004403135386,2,0.9995201512315456,Mid-Value Active Customers
2711,1976,Master,Together,30560.0,1,0,2013-06-27,6,9,1,5,4,5,7,1,1,0,3,7,0,0,0,0,0,0,3,11,0,49,4815,31,1,40-49,0,Recent Low-Value Customers,-2.0692534529773736,-1.2250729123813633,0,0.9855645751764547,Low-Value Customers
8933,1983,2n Cycle,Married,32146.0,1,0,2014-05-12,16,26,3,23,4,7,3,2,2,0,4,6,0,0,0,0,0,0,3,11,0,42,4496,66,1,40-49,0,Recent Low-Value Customers,-1.6603203825611472,-0.9938442369171385,0,0.9785028694599845,Low-Value Customers
8726,1964,2n Cycle,Divorced,41713.0,1,1,2014-04-29,57,77,8,44,10,10,25,5,3,1,4,6,0,0,0,0,0,0,3,11,0,61,4509,174,2,60-69,5,Low-Engagement Mature Customers,-1.0138062667232477,0.36612571945240235,2,0.9999699208001059,Mid-Value Active Customers
1515,1975,Master,Together,34176.0,0,1,2014-01-22,9,11,2,7,4,2,2,1,1,0,3,3,0,0,0,0,0,0,3,11,0,50,4606,28,1,40-49,0,Recent Low-Value Customers,-1.375279485571263,-0.6446378071095135,0,0.9995783795581622,Low-Value Customers
5186,1955,PhD,Married,58482.0,0,1,2014-03-12,59,576,7,115,19,7,7,2,7,4,9,6,0,1,0,0,0,0,3,11,0,70,4557,731,1,60-69,2,High-Value Store Loyalists,1.1416897591828263,-0.025911089572667897,1,0.9402214899504547,High-Value Store Customers
10157,1965,Graduation,Single,59686.0,0,1,2014-01-25,78,89,15,89,34,42,5,1,4,1,6,4,0,0,0,0,0,0,3,11,0,60,4603,274,1,50-59,4,High-Value Omnichannel Customers,0.13402992324237395,1.1233478635503282,2,0.9875935321685069,Mid-Value Active Customers
5667,1964,PhD,Married,60896.0,0,1,2012-10-11,90,1013,30,399,60,46,153,3,9,10,4,6,0,0,0,0,0,0,3,11,1,61,5074,1701,1,60-69,2,High-Value Store Loyalists,1.4397928921892276,0.7276779130236717,1,0.9225770185678226,High-Value Store Customers
902,1980,Graduation,Together,62994.0,1,0,2014-03-04,74,224,12,48,4,12,12,1,6,2,4,6,0,0,0,0,0,0,3,11,0,45,4565,312,1,40-49,4,High-Value Omnichannel Customers,-0.2895894591648628,0.4605306385274599,2,0.9948553045024449,Mid-Value Active Customers
977,1957,Graduation,Together,47320.0,0,1,2013-08-01,10,200,19,111,50,15,19,6,5,1,8,6,0,0,0,0,0,0,3,11,0,68,4780,414,1,60-69,5,Low-Engagement Mature Customers,0.2158499485849002,-1.3379039020033905,2,0.9839994495212367,Mid-Value Active Customers
7313,1949,2n Cycle,Widow,74859.0,0,0,2013-06-03,63,570,73,614,133,102,73,1,6,5,11,3,0,0,0,1,0,0,3,11,0,76,4839,1565,0,70+,1,High-Value At-Risk Customers,2.8476239111510973,0.5758970992622782,1,0.9935226737583439,High-Value Store Customers
7600,1992,Basic,Single,15253.0,1,0,2013-10-28,13,1,3,3,8,1,13,2,1,0,3,7,0,0,0,0,0,0,3,11,0,33,4692,29,1,30-39,0,Recent Low-Value Customers,-2.552446687712951,-1.1927249640365318,0,0.9979589292220207,Low-Value Customers
9706,1974,PhD,Single,31560.0,1,0,2013-06-24,98,62,1,20,4,0,7,2,2,1,3,8,0,0,0,0,0,0,3,11,0,51,4818,94,1,50-59,4,High-Value Omnichannel Customers,-1.969930499552815,1.423143107125849,0,0.9123827447028642,Low-Value Customers
2429,1954,Graduation,Divorced,72071.0,0,1,2013-02-14,4,531,69,300,150,138,150,3,5,4,8,2,0,0,0,0,0,0,3,11,0,71,4948,1338,1,70+,1,High-Value At-Risk Customers,2.11107568726861,-1.0016203527148548,1,0.9971125318314848,High-Value Store Customers
3520,1990,Master,Single,91172.0,0,0,2013-03-27,94,162,28,818,0,28,56,0,4,3,7,3,1,0,1,1,1,0,3,11,1,35,4907,1092,0,30-39,3,Dormant / Disengaged Customers,1.414724392139285,1.5224710205172054,3,0.9567193341355461,High-Value Omnichannel Customers
10394,1984,Graduation,Married,90000.0,0,0,2013-12-23,91,675,144,133,94,192,241,1,4,8,5,1,1,0,1,1,0,0,3,11,0,41,4636,1479,0,40-49,3,Dormant / Disengaged Customers,1.8075822524940266,1.753073600723561,1,0.9961441021088412,High-Value Store Customers
4548,1981,Graduation,Single,41967.0,1,1,2013-11-23,66,23,4,10,0,2,15,1,1,0,3,4,0,0,0,0,0,0,3,11,0,44,4666,54,2,40-49,4,High-Value Omnichannel Customers,-1.4189687445983081,0.967934813949225,0,0.9532885556730837,Low-Value Customers
9362,1965,Graduation,Single,69263.0,0,1,2014-03-05,14,492,5,32,13,5,21,1,9,1,7,6,0,1,0,0,0,0,3,11,0,60,4564,568,1,50-59,2,High-Value Store Loyalists,1.0472741668218182,-1.6557666918613747,2,0.858662509682822,Mid-Value Active Customers
3968,1970,2n Cycle,Divorced,65706.0,0,0,2013-06-28,77,918,10,129,13,0,129,1,11,3,12,7,0,1,1,0,1,0,3,11,1,55,4814,1199,0,50-59,2,High-Value Store Loyalists,2.3083329697294634,-0.2338800054839984,1,0.985422920260871,High-Value Store Customers
4084,1975,Graduation,Together,60934.0,0,1,2014-01-17,41,224,155,155,192,93,54,2,6,4,11,4,0,0,0,0,0,0,3,11,0,50,4611,873,1,40-49,3,Dormant / Disengaged Customers,1.5251875931190966,-0.476285496099527,1,0.9943218050529364,High-Value Store Customers
6721,1951,Graduation,Married,71965.0,0,1,2013-07-29,21,572,19,286,50,38,248,3,6,3,5,3,0,0,0,0,0,0,3,11,0,74,4783,1213,1,70+,1,High-Value At-Risk Customers,1.5863485207577128,-0.5952342075937032,1,0.994854420640878,High-Value Store Customers
2829,1955,Graduation,Married,65210.0,0,1,2014-03-10,25,626,0,70,0,7,28,2,9,3,8,6,0,1,0,1,0,0,3,11,0,70,4559,731,1,60-69,2,High-Value Store Loyalists,1.3791657987350763,-1.2596968845223504,2,0.6605316967888429,Mid-Value Active Customers
1772,1975,PhD,Married,79174.0,0,0,2013-01-11,2,1074,37,518,193,92,129,1,5,6,7,2,0,0,1,1,0,0,3,11,1,50,4982,2043,0,40-49,3,Dormant / Disengaged Customers,2.4364190499665668,-1.2442976500599718,1,0.9959547695941484,High-Value Store Customers
1544,1967,Master,Divorced,81380.0,0,0,2012-12-22,51,741,68,689,224,68,103,1,4,2,10,2,0,0,0,0,0,0,3,11,0,58,5002,1893,0,50-59,3,Dormant / Disengaged Customers,2.766502018712929,0.3980158472229164,1,0.9893693655064619,High-Value Store Customers
492,1973,PhD,YOLO,48432.0,0,1,2012-10-18,3,322,3,50,4,3,42,5,7,1,6,8,0,0,0,0,0,0,3,11,0,52,5067,424,1,50-59,2,High-Value Store Loyalists,-0.28568734402353363,-2.1072764939734636,2,0.996866416990335,Mid-Value Active Customers
4377,1971,Graduation,Married,52914.0,0,1,2013-01-07,32,254,10,44,30,10,227,2,7,3,3,7,1,0,0,0,0,0,3,11,0,54,4986,575,1,50-59,2,High-Value Store Loyalists,-0.32551213660798034,-0.9929467935760252,3,0.8262050396893574,High-Value Omnichannel Customers
4541,1955,Graduation,Together,38946.0,0,1,2013-10-24,84,116,6,82,6,6,41,2,3,1,6,5,0,0,0,0,0,0,3,11,0,70,4696,257,1,60-69,5,Low-Engagement Mature Customers,-0.43353948711421775,1.3482349624751928,2,0.998953109065232,Mid-Value Active Customers
1321,1974,Graduation,Married,26067.0,1,0,2013-11-04,49,22,2,18,0,2,12,3,3,0,3,8,0,0,0,0,0,0,3,11,0,51,4685,56,1,50-59,0,Recent Low-Value Customers,-1.985363768767713,-0.21813982276531035,0,0.9799717858888519,Low-Value Customers
8858,1972,PhD,Married,44325.0,0,1,2013-03-07,69,516,0,21,0,0,5,4,8,2,7,8,0,1,0,0,0,0,3,11,0,53,4927,542,1,50-59,2,High-Value Store Loyalists,0.044546793929245584,-0.195972838791825,2,0.9897833748907995,Mid-Value Active Customers
3266,1964,Graduation,Married,42523.0,0,0,2014-04-23,96,14,36,11,3,26,35,1,1,1,4,2,0,0,0,0,0,0,3,11,0,61,4515,125,0,60-69,4,High-Value Omnichannel Customers,-0.6797550620423056,2.267898360670723,2,0.9934588039469312,Mid-Value Active Customers
11187,1978,Basic,Single,26487.0,1,0,2013-05-20,23,2,8,10,12,14,23,3,2,1,3,5,0,0,0,0,0,0,3,11,0,47,4853,69,1,40-49,0,Recent Low-Value Customers,-1.6933079558641744,-0.6009879562143592,0,0.9994757891566671,Low-Value Customers
8207,1957,2n Cycle,Married,53233.0,0,1,2014-03-18,18,28,0,9,3,0,0,1,1,0,3,4,0,0,0,0,0,0,3,11,0,68,4551,40,1,60-69,5,Low-Engagement Mature Customers,-0.9383629842412512,-0.2707467251396549,0,0.9204254325437723,Low-Value Customers
9723,1960,Graduation,Married,67716.0,0,1,2013-01-10,8,530,142,217,62,9,56,4,7,4,13,5,0,1,0,0,0,0,3,11,0,65,4983,1016,1,60-69,2,High-Value Store Loyalists,2.2183011734549583,-1.6244375762889818,1,0.978829605518068,High-Value Store Customers
2666,1972,Master,Married,76234.0,0,1,2014-02-06,21,519,50,167,130,0,41,1,8,3,11,3,0,1,0,0,0,0,3,11,0,53,4591,907,1,50-59,3,Dormant / Disengaged Customers,2.2925478062206466,-1.1358733007562805,1,0.8658185322998985,High-Value Store Customers
5721,1956,PhD,Married,84117.0,0,0,2014-05-11,60,611,76,749,59,45,26,1,7,10,6,2,0,0,1,0,0,0,3,11,0,69,4497,1566,0,60-69,1,High-Value At-Risk Customers,2.4941857584048557,0.5681572786111311,1,0.9619837507794687,High-Value Store Customers
10652,1957,Master,Together,65487.0,0,0,2014-01-10,48,240,67,500,199,0,163,3,3,5,6,2,0,0,0,0,0,0,3,11,0,68,4618,1169,0,60-69,1,High-Value At-Risk Customers,1.2624939026038213,0.5935061200375992,1,0.999511669034125,High-Value Store Customers
1646,1972,Basic,Married,25224.0,1,0,2014-03-16,36,4,9,12,11,2,8,2,1,1,3,3,0,0,0,0,0,0,3,11,0,53,4553,46,1,50-59,0,Recent Low-Value Customers,-1.484856101436715,0.2005400430721322,0,0.9999716688538154,Low-Value Customers
4418,1983,Master,Single,89616.0,0,0,2013-02-25,36,671,47,655,145,111,15,1,7,5,12,2,0,0,0,0,0,0,3,11,1,42,4937,1644,0,40-49,3,Dormant / Disengaged Customers,3.202183372965073,-0.5660280090177803,1,0.9095988165448298,High-Value Store Customers
2656,1971,Graduation,Divorced,40851.0,1,1,2013-02-21,63,23,1,7,0,4,24,1,1,1,2,7,0,0,0,0,0,0,3,11,0,54,4941,59,2,50-59,4,High-Value Omnichannel Customers,-1.921839725521023,0.6380055817825883,0,0.989787448412845,Low-Value Customers
7990,1947,Graduation,Married,27469.0,0,0,2012-08-02,2,9,1,2,3,2,0,1,0,0,3,6,0,0,0,0,0,0,3,11,0,78,5144,17,0,70+,5,Low-Engagement Mature Customers,-1.7651450941704332,-0.8574214469036856,0,0.940478063000354,Low-Value Customers
8722,1957,2n Cycle,Married,82347.0,0,0,2012-11-06,38,556,54,845,202,133,63,1,7,7,10,3,1,0,0,1,0,0,3,11,1,68,5048,1853,0,60-69,1,High-Value At-Risk Customers,3.114116329540563,-0.35265524770011825,1,0.9784919543413897,High-Value Store Customers
7118,1957,Graduation,Married,73803.0,0,1,2012-08-01,61,833,80,363,52,26,174,2,9,5,6,6,1,0,0,0,0,0,3,11,1,68,5145,1528,1,60-69,2,High-Value Store Loyalists,1.9062198333046407,-0.12007559032618735,1,0.916187741895678,High-Value Store Customers
2980,1952,Master,Single,8820.0,1,1,2013-03-22,52,12,0,13,4,2,4,4,3,0,3,8,0,0,0,0,0,0,3,11,0,73,4912,35,2,70+,5,Low-Engagement Mature Customers,-2.058227086095072,0.042633583225985455,0,0.9991778880304346,Low-Value Customers
1839,1974,Graduation,Single,43322.0,0,0,2014-04-21,25,56,7,48,10,2,18,1,3,0,4,7,0,0,0,0,0,0,3,11,0,51,4517,141,0,50-59,0,Recent Low-Value Customers,-1.2956709360496723,-0.8335518829086027,2,0.980541454667058,Mid-Value Active Customers
10722,1973,Graduation,Together,55593.0,0,1,2013-08-21,63,293,8,124,11,4,106,2,6,6,3,6,1,0,0,0,0,0,3,11,0,52,4760,546,1,50-59,4,High-Value Omnichannel Customers,-0.29476835974770826,0.18410858307542063,1,0.5200372194254445,High-Value Store Customers
2632,1954,Graduation,Married,50501.0,1,1,2013-06-18,10,297,0,38,13,0,152,7,5,4,4,6,1,0,0,0,0,0,3,11,1,71,4824,500,2,70+,5,Low-Engagement Mature Customers,-0.19827736258914863,-1.2082049884810608,1,0.46636282390491285,High-Value Store Customers
9014,1975,Graduation,Married,37085.0,1,1,2014-06-26,65,39,1,16,2,0,3,4,3,0,3,8,0,0,0,0,0,0,3,11,0,50,4451,61,2,40-49,4,High-Value Omnichannel Customers,-1.781857970262572,0.294128184689969,0,0.9234659529847352,Low-Value Customers
7620,1990,Basic,Single,16185.0,1,0,2013-08-05,71,5,11,16,21,8,45,2,2,2,2,8,0,0,0,0,0,0,3,11,0,35,4776,106,1,30-39,4,High-Value Omnichannel Customers,-2.5972722224737725,0.423776015858125,2,0.7476542887180565,Mid-Value Active Customers
10968,1969,Graduation,Single,57731.0,0,1,2012-11-23,0,266,21,300,65,8,44,4,8,8,6,6,0,0,0,0,0,0,3,11,0,56,5031,704,1,50-59,2,High-Value Store Loyalists,0.6138985619274744,-2.0255066036217833,1,0.872751526981303,High-Value Store Customers
11133,1973,PhD,YOLO,48432.0,0,1,2012-10-18,3,322,3,50,4,3,42,5,7,1,6,8,0,0,0,0,0,0,3,11,1,52,5067,424,1,50-59,2,High-Value Store Loyalists,-0.28568734402353363,-2.1072764939734636,2,0.996866416990335,Mid-Value Active Customers
2736,1978,Graduation,Married,73807.0,0,1,2013-01-02,88,366,124,156,71,78,54,2,5,5,11,2,0,0,0,0,0,0,3,11,0,47,4991,849,1,40-49,3,Dormant / Disengaged Customers,1.8978011003721469,1.3285493439037221,1,0.998610681925445,High-Value Store Customers
1876,1990,Graduation,Married,18929.0,0,0,2013-02-16,15,32,0,8,23,4,18,1,1,0,4,6,0,0,0,0,0,0,3,11,0,35,4946,85,0,30-39,0,Recent Low-Value Customers,-2.1114845155188946,-1.012332581171222,0,0.8959856135358678,Low-Value Customers
5959,1968,Graduation,Single,35893.0,1,1,2012-10-15,80,158,0,23,0,0,18,6,3,1,5,8,0,0,0,0,0,0,3,11,0,57,5070,199,2,50-59,4,High-Value Omnichannel Customers,-1.307011112049109,0.7693064332165197,2,0.9988671929708233,Mid-Value Active Customers
1092,1980,Graduation,Married,61014.0,0,1,2012-08-11,17,269,129,495,182,43,29,4,9,3,4,7,0,0,0,0,0,0,3,11,0,45,5135,1147,1,40-49,2,High-Value Store Loyalists,0.606664927805821,-1.7864757766188912,1,0.6934201798807448,High-Value Store Customers
4333,1954,Graduation,Together,32144.0,1,1,2014-03-23,76,41,0,10,0,0,3,4,2,1,3,7,0,1,0,0,0,0,3,11,0,71,4546,54,2,70+,5,Low-Engagement Mature Customers,-1.6003956530192225,1.0479038361991282,0,0.9657179808596744,Low-Value Customers
3850,1963,Basic,Together,14918.0,0,1,2012-12-07,52,3,3,3,15,4,15,1,1,0,3,6,0,0,0,0,0,0,3,11,0,62,5017,43,1,60-69,5,Low-Engagement Mature Customers,-2.028848936053545,0.40598459344981763,0,0.9987926378801756,Low-Value Customers
6168,1963,Graduation,Divorced,45146.0,1,1,2013-07-15,28,33,0,5,0,0,15,2,1,1,2,4,0,0,0,0,0,0,3,11,0,62,4797,53,2,60-69,5,Low-Engagement Mature Customers,-1.295973991515577,-0.011208112918514106,0,0.9027521826922061,Low-Value Customers
607,1955,2n Cycle,Divorced,41769.0,0,1,2013-02-13,31,302,29,131,32,0,27,6,8,1,7,8,0,0,0,0,0,0,3,11,0,70,4949,521,1,60-69,2,High-Value Store Loyalists,0.17634071158399442,-1.2212177386659897,2,0.9660232502707534,Mid-Value Active Customers
10469,1981,Graduation,Together,88325.0,0,0,2014-02-05,42,519,71,860,93,27,53,1,6,2,9,2,0,0,0,0,0,0,3,11,0,44,4592,1623,0,40-49,3,Dormant / Disengaged Customers,2.61606520590715,-0.18128010152112758,1,0.9793444795480226,High-Value Store Customers
6983,1950,Master,Divorced,38054.0,1,1,2014-05-01,24,23,2,17,2,1,0,2,2,0,3,7,0,0,0,0,0,0,3,11,0,75,4507,45,2,70+,5,Low-Engagement Mature Customers,-1.4615548682246347,-0.514906917321727,0,0.9194651549788607,Low-Value Customers
3661,1995,2n Cycle,Single,80617.0,0,0,2012-10-12,42,594,51,631,72,55,32,1,4,6,8,2,0,0,0,0,0,0,3,11,0,30,5073,1435,0,18-29,3,Dormant / Disengaged Customers,1.7302957447885203,-0.08134195197689872,1,0.9962322681096978,High-Value Store Customers
9303,1976,Graduation,Married,5305.0,0,1,2013-07-30,12,12,4,7,1,3,5,0,1,0,0,13,0,0,0,0,0,0,3,11,0,49,4782,32,1,40-49,0,Recent Low-Value Customers,-3.9025727082012196,-1.7279598218446437,3,0.9754760198313724,High-Value Omnichannel Customers
692,1954,Graduation,Together,36807.0,1,1,2012-12-20,88,4,2,5,0,0,5,1,1,0,2,6,0,0,0,0,0,0,3,11,0,71,5004,16,2,70+,4,High-Value Omnichannel Customers,-1.6662408511756288,1.6830899804959045,0,0.9102288476259863,Low-Value Customers
736,1983,Graduation,Together,28427.0,1,0,2013-03-21,67,18,3,19,3,3,6,2,2,0,3,8,0,0,0,0,0,0,3,11,0,42,4913,52,1,40-49,4,High-Value Omnichannel Customers,-2.1822696254462035,0.37075699738781454,0,0.9871802844629823,Low-Value Customers
9589,1948,PhD,Widow,82032.0,0,0,2014-04-05,54,332,194,377,149,125,57,0,4,6,7,1,0,0,0,0,0,0,3,11,0,77,4533,1234,0,70+,1,High-Value At-Risk Customers,2.17246292505282,0.8837542028808395,1,0.9995346472468823,High-Value Store Customers
4838,1978,Graduation,Together,22775.0,1,0,2013-06-19,40,5,1,8,0,0,1,1,1,0,2,8,0,0,0,0,0,0,3,11,0,47,4823,15,1,40-49,0,Recent Low-Value Customers,-2.544388872351947,-0.2987478146130759,0,0.9868161236686094,Low-Value Customers
9246,1985,Master,Together,40101.0,1,0,2012-10-14,73,171,3,129,26,24,62,4,6,1,6,7,0,0,0,0,0,0,3,11,0,40,5071,415,1,30-39,4,High-Value Omnichannel Customers,-0.5571191910200108,0.16076411965297227,2,0.9987640441050819,Mid-Value Active Customers
6261,1979,Graduation,Married,58025.0,0,1,2013-11-26,81,270,31,88,11,48,22,3,3,2,10,4,0,0,0,0,0,0,3,11,0,46,4663,470,1,40-49,3,Dormant / Disengaged Customers,0.5482220515801949,1.0864439716274958,1,0.9703632113886548,High-Value Store Customers
7366,1982,Master,Single,75777.0,0,0,2013-07-04,12,712,26,538,69,13,80,1,3,6,11,1,0,1,1,0,0,0,3,11,1,43,4808,1438,0,40-49,3,Dormant / Disengaged Customers,2.251030461165728,-0.7483202710371223,1,0.9986785848116536,High-Value Store Customers
10659,1979,2n Cycle,Together,7500.0,1,0,2013-05-07,7,2,8,11,3,8,21,4,3,2,2,7,0,0,0,0,0,0,3,11,0,46,4866,53,1,40-49,0,Recent Low-Value Customers,-2.40118155852097,-1.4693437916252727,0,0.999973933935211,Low-Value Customers
1448,1963,Master,Married,33562.0,1,2,2014-06-25,33,21,12,12,0,3,3,3,2,0,4,4,0,0,0,0,0,0,3,11,0,62,4452,51,3,60-69,5,Low-Engagement Mature Customers,-1.0899828954113095,-0.04005113652579791,0,0.9993403426625194,Low-Value Customers
4286,1970,PhD,Single,57642.0,0,1,2014-01-09,24,580,6,58,8,0,27,3,7,6,6,4,1,0,0,0,0,0,3,11,0,55,4619,679,1,50-59,2,High-Value Store Loyalists,0.7601771026660503,-0.9454251664506913,1,0.9214535006038693,High-Value Store Customers
4749,1968,Graduation,Together,58554.0,1,1,2012-09-26,55,368,24,68,38,0,88,6,8,2,6,7,0,0,0,0,0,0,3,11,0,57,5089,586,2,50-59,2,High-Value Store Loyalists,0.40263137823245265,-0.42034161877650406,2,0.9741716694316273,Mid-Value Active Customers
4478,1979,Graduation,Married,63777.0,1,1,2013-03-24,87,457,5,106,15,17,53,8,11,1,6,8,0,0,0,0,0,0,3,11,0,46,4910,653,2,40-49,2,High-Value Store Loyalists,0.675942050548283,0.034938006116571434,2,0.7850178221831294,Mid-Value Active Customers
4201,1962,Graduation,Single,57967.0,0,1,2013-03-03,39,229,7,137,4,0,91,5,4,2,8,5,0,0,0,0,0,0,3,11,0,63,4931,468,1,60-69,5,Low-Engagement Mature Customers,0.4293454303980643,-0.23571548832883138,2,0.9422925176721579,Mid-Value Active Customers
10084,1972,Graduation,Married,24434.0,2,0,2014-05-18,9,3,2,8,20,0,17,2,2,1,2,7,0,0,0,0,0,0,3,11,0,53,4490,50,2,50-59,0,Recent Low-Value Customers,-2.131883801191942,-1.1938030992544735,0,0.9864608105652923,Low-Value Customers
7004,1984,Graduation,Single,11012.0,1,0,2013-03-16,82,24,3,26,7,1,23,3,3,1,2,9,1,0,0,0,0,0,3,11,0,41,4918,84,1,40-49,4,High-Value Omnichannel Customers,-2.658119427216604,0.5840068143241783,0,0.9410778388084191,Low-Value Customers
9817,1970,Master,Single,44802.0,0,0,2012-08-21,71,853,10,143,13,10,20,2,9,4,12,8,0,0,0,0,0,0,3,11,0,55,5125,1049,0,50-59,2,High-Value Store Loyalists,1.3675551453177561,-0.3620405327664624,1,0.9337133156094319,High-Value Store Customers
8080,1986,Graduation,Single,26816.0,0,0,2012-08-17,50,5,1,6,3,4,3,1,0,0,3,4,0,0,0,0,0,0,3,11,0,39,5129,22,0,30-39,0,Recent Low-Value Customers,-1.9290274691783695,0.49992159978353773,0,0.9873249833735761,Low-Value Customers
9432,1977,Graduation,Together,666666.0,1,0,2013-06-02,23,9,14,18,8,1,12,4,3,1,3,6,0,0,0,0,0,0,3,11,0,48,4840,62,1,40-49,3,Dormant / Disengaged Customers,10.337381942574375,0.6442227483877598,4,1.0,High-Potential Underengaged Customers
8372,1974,Graduation,Married,34421.0,1,0,2013-07-01,81,3,3,7,6,2,9,1,1,0,2,7,0,0,0,0,0,0,3,11,0,51,4811,30,1,50-59,4,High-Value Omnichannel Customers,-2.099188370328122,1.1549186477555458,0,0.9844278672716827,Low-Value Customers
10870,1967,Graduation,Married,61223.0,0,1,2013-06-13,46,709,43,182,42,118,247,2,9,3,4,5,0,0,0,0,0,0,3,11,0,58,4829,1341,1,50-59,2,High-Value Store Loyalists,1.2481765208132178,-0.535765674541454,1,0.6854132190355307,High-Value Store Customers
4001,1946,PhD,Together,64014.0,2,1,2014-06-10,56,406,0,30,0,0,8,7,8,2,5,7,0,0,0,1,0,0,3,11,0,79,4467,444,3,70+,2,High-Value Store Loyalists,0.5087076134734968,-0.14132816499083897,2,0.9914954162464755,Mid-Value Active Customers
7270,1981,Graduation,Divorced,56981.0,0,0,2014-01-25,91,908,48,217,32,12,24,1,2,3,13,6,0,1,0,0,0,0,3,11,0,44,4603,1241,0,40-49,3,Dormant / Disengaged Customers,1.1535966042435772,1.150569988926628,3,0.9999994877439098,High-Value Omnichannel Customers
8235,1956,Master,Together,69245.0,0,1,2014-01-24,8,428,30,214,80,30,61,2,6,5,10,3,0,0,0,0,0,0,3,11,0,69,4604,843,1,60-69,1,High-Value At-Risk Customers,1.8876802368271512,-1.160736984656863,1,0.9964686435252822,High-Value Store Customers
9405,1954,PhD,Married,52869.0,1,1,2012-10-15,40,84,3,61,2,1,21,3,3,1,4,7,0,0,0,0,0,0,3,11,1,71,5070,172,2,70+,5,Low-Engagement Mature Customers,-0.8418209060322487,-0.15963622863395674,2,0.9995812686394573,Mid-Value Active Customers
